Date,Open,High,Low,Close,Adj Close,Volume
2005-04-08,984.66,1003.7,979.53,1003.45,1003.45,14762526
2005-04-11,1003.88,1008.73,992.77,995.42,995.42,15936066
2005-04-12,993.71,993.71,978.2,978.7,978.7,10226193
2005-04-13,987.95,1006.5,987.95,1000.9,1000.9,16071687
2005-04-14,1004.64,1006.42,985.58,986.97,986.97,12945710
2005-04-15,982.61,982.61,971.93,974.08,974.08,10408955
2005-04-18,970.91,970.91,958.65,963.77,963.77,8598400
2005-04-19,962.92,968.87,957.91,965.89,965.89,9212623
2005-04-20,964.15,964.15,946.2,950.87,950.87,8850705
2005-04-21,948.86,955.55,938.59,943.98,943.98,9946145
2005-04-22,942.91,947.91,934.96,939.1,939.1,10691884
2005-04-25,935.99,935.99,920.16,930.07,930.07,11470478
2005-04-26,928.43,939.7,924.66,937.08,937.08,11690471
2005-04-27,938.57,938.91,925.9,926.6,926.6,10780611
2005-04-28,923.53,945.5,914.83,942.07,942.07,14343486
2005-04-29,940.81,942.45,929.81,932.4,932.4,11235419
2005-05-09,934.65,937.39,909.17,909.17,909.17,8529115
2005-05-10,905.54,913.39,892.31,913.08,913.08,10494331
2005-05-11,911.84,917.22,900.44,901.85,901.85,9042047
2005-05-12,899.97,900.06,883.51,885.82,885.82,10228720
2005-05-13,883.51,898.51,875.58,887.54,887.54,11244906
2005-05-16,885.39,885.39,869.33,875.27,875.27,8224288
2005-05-17,873.08,888.28,868.21,881.46,881.46,8772273
2005-05-18,881.14,890.4,871.82,883.2,883.2,7878610
2005-05-19,882.84,888.02,871.29,884.17,884.17,8149583
2005-05-20,883.51,891.02,879.18,882.76,882.76,7226676
2005-05-23,880.28,880.28,862.1,863.34,863.34,7279795
2005-05-24,861.2,871.77,855.59,868.46,868.46,9206929
2005-05-25,867.66,876.3,861.66,868.45,868.45,7238556
2005-05-26,867.76,872.84,854.96,857.33,857.33,6622786
2005-05-27,855.59,864.96,848.4,849.51,849.51,7749983
2005-05-30,847.63,858.46,842.1,855.61,855.61,6971583
2005-05-31,856.56,863.2,853.29,855.95,855.95,7047821
2005-06-01,855.21,857.66,836.04,837.53,837.53,7902302
2005-06-02,835.47,835.49,812.99,818.38,818.38,9508657
2005-06-03,816.55,823.86,807.97,818.03,818.03,7936056
2005-06-06,816.73,839.15,807.78,839.0,839.0,9009185
2005-06-07,841.58,858.09,835.18,837.28,837.28,13067068
2005-06-08,848.54,908.83,844.47,905.77,905.77,32907839
2005-06-09,907.57,925.36,895.04,912.6,912.6,33141840
2005-06-10,911.94,911.94,889.1,894.56,894.56,22391502
2005-06-13,895.0,900.18,877.69,892.96,892.96,15628002
2005-06-14,895.39,905.41,882.86,883.54,883.54,14343570
2005-06-15,881.21,881.25,865.14,866.83,866.83,11454056
2005-06-16,866.66,879.49,861.83,879.24,879.24,11049685
2005-06-17,883.6,888.08,876.04,880.34,880.34,14963009
2005-06-20,881.62,906.48,872.56,906.26,906.26,18992082
2005-06-21,906.31,906.31,894.39,896.17,896.17,12774784
2005-06-22,894.77,901.24,891.93,900.65,900.65,10478134
2005-06-23,900.06,904.9,892.83,893.57,893.57,9509308
2005-06-24,892.06,898.67,888.4,898.3,898.3,8918739
2005-06-27,904.21,920.65,904.21,916.04,916.04,16545402
2005-06-28,913.48,913.48,901.21,903.72,903.72,10402219
2005-06-29,906.75,907.57,898.08,898.9,898.9,10806746
2005-06-30,897.1,897.1,876.88,878.69,878.69,10855472
2005-07-01,875.93,875.93,858.37,859.49,859.49,10094597
2005-07-04,855.32,856.1,842.81,855.93,855.93,8840277
2005-07-05,853.68,856.74,845.36,849.68,849.68,7992688
2005-07-06,850.25,854.45,838.61,842.56,842.56,6898314
2005-07-07,841.75,848.02,839.28,844.73,844.73,5962465
2005-07-08,842.62,842.62,827.23,829.49,829.49,7221000
2005-07-11,837.86,850.66,822.52,824.1,824.1,8439006
2005-07-12,821.91,854.29,818.86,851.82,851.82,14989871
2005-07-13,850.47,851.95,841.86,846.23,846.23,9398842
2005-07-14,844.94,856.09,843.18,849.59,849.59,9361968
2005-07-15,849.87,854.6,837.78,841.0,841.0,8889563
2005-07-18,839.22,840.01,829.68,832.99,832.99,8500006
2005-07-19,831.5,840.14,829.28,835.61,835.61,7891818
2005-07-20,835.3,844.71,832.14,842.64,842.64,8526473
2005-07-21,842.75,843.99,835.76,843.99,843.99,8366101
2005-07-22,847.54,867.16,842.99,859.69,859.69,21630000
2005-07-25,858.33,860.95,854.28,856.86,856.86,11816080
2005-07-26,856.19,880.03,856.19,876.48,876.48,21826776
2005-07-27,876.94,894.03,876.04,894.01,894.01,20409537
2005-07-28,893.88,901.0,888.5,890.89,890.89,20622527
2005-07-29,889.41,892.29,883.38,888.16,888.16,13397406
2005-08-01,887.72,897.28,885.85,891.61,891.61,11808309
2005-08-02,892.13,903.65,888.4,903.6,903.6,14292547
2005-08-03,905.18,919.28,903.76,909.57,909.57,25786298
2005-08-04,907.42,909.83,901.62,904.15,904.15,14519256
2005-08-05,904.04,923.81,903.94,923.8,923.8,19123765
2005-08-08,926.57,933.15,923.57,927.47,927.47,21608944
2005-08-09,926.97,933.39,919.11,933.09,933.09,19532907
2005-08-10,933.26,940.37,926.28,940.37,940.37,21515763
2005-08-11,940.78,953.99,939.39,953.99,953.99,27073666
2005-08-12,954.72,959.27,933.98,938.32,938.32,29168144
2005-08-15,937.71,954.5,936.11,954.5,954.5,20430813
2005-08-16,955.27,959.34,939.92,945.06,945.06,23861818
2005-08-17,943.41,953.34,930.33,953.01,953.01,21457769
2005-08-18,954.16,956.84,919.12,920.67,920.67,31855327
2005-08-19,918.09,927.32,910.08,923.04,923.04,22242679
2005-08-22,923.11,933.35,919.22,931.67,931.67,16031010
2005-08-23,931.81,931.81,915.03,923.41,923.41,15406488
2005-08-24,923.56,935.23,923.56,930.65,930.65,15959747
2005-08-25,930.97,933.2,920.61,930.12,930.12,16292057
2005-08-26,930.25,930.33,921.84,928.26,928.26,15429804
2005-08-29,928.34,928.34,913.77,917.37,917.37,15462261
2005-08-30,916.09,920.21,912.84,914.88,914.88,12438170
2005-08-31,915.12,928.21,911.51,927.92,927.92,14623630
2005-09-01,928.52,944.95,926.06,944.56,944.56,22306384
2005-09-02,945.98,947.92,941.31,947.87,947.87,18614438
2005-09-05,949.08,952.98,944.63,952.72,952.72,17843318
2005-09-06,953.41,956.3,934.97,936.61,936.61,21222255
2005-09-07,934.99,952.9,932.65,952.76,952.76,19608466
2005-09-08,954.27,958.87,947.71,955.28,955.28,22424393
2005-09-09,955.11,959.9,946.02,949.07,949.07,16219310
2005-09-12,949.78,952.55,945.4,949.51,949.51,11672613
2005-09-13,949.58,963.92,948.13,963.77,963.77,16579431
2005-09-14,964.97,970.26,961.64,970.19,970.19,19958291
2005-09-15,970.58,970.96,965.66,969.6,969.6,16377679
2005-09-16,969.62,970.37,964.28,967.49,967.49,13978571
2005-09-19,967.44,971.99,964.26,971.14,971.14,14737421
2005-09-20,971.38,971.65,957.12,961.92,961.92,18636604
2005-09-21,961.37,961.37,943.82,944.41,944.41,18541895
2005-09-22,942.73,942.73,914.23,923.27,923.27,18115525
2005-09-23,921.51,927.42,914.81,916.15,916.15,11547644
2005-09-26,915.84,919.65,913.61,918.48,918.48,8836241
2005-09-27,918.87,921.13,903.39,904.21,904.21,11086056
2005-09-28,903.33,910.33,901.38,903.72,903.72,8850310
2005-09-29,904.28,915.97,904.28,915.97,915.97,11938978
2005-09-30,916.59,918.66,913.45,917.39,917.39,9001433
2005-10-10,917.21,917.21,906.88,907.32,907.32,7158451
2005-10-11,906.63,919.8,904.04,919.72,919.72,7758295
2005-10-12,920.45,926.09,917.38,923.48,923.48,12208852
2005-10-13,923.43,926.01,916.28,916.5,916.5,10828904
2005-10-14,916.34,917.89,902.81,904.83,904.83,10123940
2005-10-17,903.27,903.27,892.36,897.62,897.62,10552506
2005-10-18,897.37,903.0,895.62,902.37,902.37,11366317
2005-10-19,902.04,907.88,897.04,898.74,898.74,11033048
2005-10-20,898.89,900.13,889.57,899.91,899.91,12608725
2005-10-21,899.65,907.79,897.99,904.41,904.41,11364588
2005-10-24,905.13,908.45,900.23,906.65,906.65,9218982
2005-10-25,905.97,905.97,893.61,894.27,894.27,11213401
2005-10-26,892.62,892.62,873.9,875.82,875.82,12167123
2005-10-27,873.47,879.67,869.72,875.85,875.85,11908588
2005-10-28,875.86,880.21,859.69,867.73,867.73,11973376
2005-10-31,866.62,878.41,866.15,876.28,876.28,10443651
2005-11-01,875.96,875.96,862.69,872.86,872.86,10082745
2005-11-02,873.39,884.94,873.39,882.48,882.48,13104973
2005-11-03,882.19,885.68,872.11,874.58,874.58,12179182
2005-11-04,873.35,878.36,869.68,878.36,878.36,9567310
2005-11-07,877.62,877.62,870.08,877.28,877.28,7713259
2005-11-08,876.43,881.9,870.96,881.52,881.52,10128761
2005-11-09,881.51,884.94,878.68,879.25,879.25,11774405
2005-11-10,878.62,878.62,862.09,862.97,862.97,10853771
2005-11-11,861.22,867.33,857.79,864.79,864.79,9219720
2005-11-14,864.08,864.25,858.34,862.15,862.15,6271674
2005-11-15,862.07,867.46,853.86,856.64,856.64,8252478
2005-11-16,855.45,863.17,847.49,863.12,863.12,9066138
2005-11-17,863.08,865.79,859.0,862.66,862.66,8811637
2005-11-18,862.58,886.58,862.4,882.24,882.24,17597803
2005-11-21,882.79,886.11,880.3,883.87,883.87,10259963
2005-11-22,883.93,883.93,869.53,869.62,869.62,10597236
2005-11-23,868.01,876.82,866.19,876.23,876.23,9916920
2005-11-24,875.83,885.74,874.88,881.49,881.49,14629008
2005-11-25,881.25,884.16,877.26,884.1,884.1,13003546
2005-11-28,883.24,886.74,877.64,880.17,880.17,9739735
2005-11-29,879.25,879.25,870.56,871.31,871.31,8414994
2005-11-30,870.45,873.93,866.98,873.83,873.83,8040738
2005-12-01,873.47,877.31,870.7,873.07,873.07,7069235
2005-12-02,872.93,875.83,866.37,869.94,869.94,8492021
2005-12-05,869.43,869.43,858.86,859.61,859.61,10286897
2005-12-06,858.11,867.19,855.72,866.08,866.08,10303514
2005-12-07,865.72,874.0,865.02,873.84,873.84,9842955
2005-12-08,874.13,877.97,870.12,874.06,874.06,10259174
2005-12-09,873.69,887.57,871.26,887.36,887.36,12719526
2005-12-12,887.06,890.69,884.26,888.52,888.52,10699280
2005-12-13,888.0,889.22,880.74,889.1,889.1,10547238
2005-12-14,888.6,899.01,884.37,898.15,898.15,13868376
2005-12-15,898.38,904.01,895.17,896.43,896.43,16259782
2005-12-16,895.83,902.75,894.1,902.56,902.56,11452107
2005-12-19,902.05,904.47,898.79,902.91,902.91,9936327
2005-12-20,902.75,907.32,899.66,907.32,907.32,10294659
2005-12-21,907.05,910.93,902.11,903.14,903.14,10273976
2005-12-22,902.37,909.06,900.66,908.75,908.75,8947026
2005-12-23,908.96,915.89,908.51,915.89,915.89,11906999
2005-12-26,916.67,925.01,916.41,922.38,922.38,15342650
2005-12-27,922.44,922.44,916.01,919.36,919.36,12050359
2005-12-28,919.05,920.98,915.12,920.92,920.92,12131032
2005-12-29,921.14,932.03,921.14,932.03,932.03,17254959
2005-12-30,933.45,934.0,921.83,923.45,923.45,15600251
2006-01-04,926.56,941.43,926.41,941.43,941.43,21126899
2006-01-05,943.85,959.62,942.31,959.13,959.13,27311743
2006-01-06,961.91,975.63,956.04,970.03,970.03,30286368
2006-01-09,971.09,976.27,966.05,975.25,975.25,24329552
2006-01-10,975.28,978.28,964.43,978.15,978.15,22735302
2006-01-11,977.64,983.39,963.39,973.48,973.48,26524138
2006-01-12,972.39,984.08,968.54,983.72,983.72,21896680
2006-01-13,985.04,988.11,973.68,978.81,978.81,22281861
2006-01-16,977.89,977.89,960.88,961.44,961.44,20305215
2006-01-17,959.4,965.98,952.23,964.29,964.29,16037276
2006-01-18,964.16,984.67,963.08,983.62,983.62,20823518
2006-01-19,985.23,992.27,978.28,991.22,991.22,26455609
2006-01-20,991.57,994.5,987.06,993.34,993.34,26147062
2006-01-23,993.74,997.33,989.34,996.16,996.16,22546019
2006-01-24,997.79,1006.15,993.39,999.09,999.09,24197991
2006-01-25,998.83,1009.65,989.51,1009.6,1009.6,21800758
2006-02-06,1013.42,1033.35,1012.81,1033.23,1033.23,25038771
2006-02-07,1034.68,1038.5,1019.94,1029.94,1029.94,32954787
2006-02-08,1028.44,1033.4,1022.94,1033.07,1033.07,26986729
2006-02-09,1033.19,1033.19,1017.05,1019.6,1019.6,23839601
2006-02-10,1019.42,1032.6,1018.48,1032.34,1032.34,22024453
2006-02-13,1034.38,1034.64,1021.84,1031.61,1031.61,22157298
2006-02-14,1032.65,1038.81,1030.46,1038.53,1038.53,18556220
2006-02-15,1040.33,1048.34,1038.74,1041.66,1041.66,24784628
2006-02-16,1041.67,1041.67,1019.21,1020.12,1020.12,26159892
2006-02-17,1020.06,1028.57,1015.99,1020.37,1020.37,21026875
2006-02-20,1020.74,1030.05,1020.02,1021.64,1021.64,18818883
2006-02-21,1020.98,1038.94,1014.66,1038.82,1038.82,23678039
2006-02-22,1039.65,1046.45,1036.38,1037.89,1037.89,25380704
2006-02-23,1038.25,1041.59,1029.25,1041.37,1041.37,19785037
2006-02-24,1041.97,1049.69,1041.97,1049.44,1049.44,19676104
2006-02-27,1055.95,1057.22,1045.97,1047.84,1047.84,22872099
2006-02-28,1046.71,1053.72,1033.66,1053.01,1053.01,19353267
2006-03-01,1051.76,1057.69,1049.64,1056.62,1056.62,19425730
2006-03-02,1055.86,1056.05,1034.68,1038.67,1038.67,24877861
2006-03-03,1037.99,1043.42,1029.56,1041.68,1041.68,21200539
2006-03-06,1041.66,1044.42,1036.11,1038.87,1038.87,17870963
2006-03-07,1037.93,1037.98,1013.14,1014.97,1014.97,19336516
2006-03-08,1012.58,1014.97,999.93,1009.27,1009.27,17463055
2006-03-09,1006.97,1010.91,1002.2,1004.34,1004.34,12735099
2006-03-10,1004.75,1011.76,1004.69,1008.9,1008.9,11887983
2006-03-13,1008.8,1020.88,1008.51,1019.86,1019.86,11765911
2006-03-14,1020.47,1021.65,1012.11,1018.27,1018.27,11348030
2006-03-15,1018.15,1028.96,1017.08,1028.96,1028.96,14842068
2006-03-16,1028.96,1029.81,1025.52,1027.62,1027.62,14784339
2006-03-17,1027.64,1029.56,1021.08,1024.02,1024.02,15001924
2006-03-20,1024.5,1037.91,1019.65,1037.66,1037.66,15389912
2006-03-21,1037.95,1047.05,1036.23,1040.76,1040.76,19077662
2006-03-22,1041.14,1047.94,1036.71,1047.67,1047.67,18640575
2006-03-23,1047.35,1049.32,1042.82,1048.54,1048.54,20467885
2006-03-24,1049.12,1051.76,1041.23,1042.6,1042.6,20098237
2006-03-27,1042.63,1050.71,1037.08,1050.71,1050.71,17134070
2006-03-28,1050.07,1056.52,1048.64,1055.98,1055.98,22273999
2006-03-29,1058.74,1074.04,1057.68,1065.29,1065.29,30526345
2006-03-30,1065.84,1067.99,1055.14,1055.63,1055.63,22012494
2006-03-31,1053.85,1061.47,1050.22,1061.09,1061.09,22276190
2006-04-03,1061.96,1079.37,1061.96,1079.32,1079.32,27729761
2006-04-04,1080.86,1089.37,1076.2,1089.37,1089.37,31148757
2006-04-05,1091.18,1100.56,1089.55,1099.97,1099.97,32936914
2006-04-06,1102.54,1109.68,1097.32,1103.24,1103.24,36167049
2006-04-07,1102.94,1105.1,1091.89,1103.15,1103.15,32570860
2006-04-10,1104.32,1118.08,1100.69,1117.91,1117.91,32067520
2006-04-11,1120.16,1126.09,1112.01,1123.31,1123.31,35607520
2006-04-12,1123.78,1123.78,1116.15,1117.07,1117.07,30333845
2006-04-13,1116.84,1122.39,1093.51,1093.93,1093.93,33824146
2006-04-14,1091.69,1118.67,1091.67,1118.61,1118.61,33527962
2006-04-17,1120.19,1129.15,1114.53,1124.41,1124.41,35704548
2006-04-18,1127.51,1135.45,1119.27,1131.28,1131.28,32317223
2006-04-19,1135.61,1140.41,1125.2,1138.24,1138.24,34322898
2006-04-20,1139.64,1142.54,1127.09,1134.38,1134.38,37885651
2006-04-21,1133.2,1152.89,1127.65,1149.16,1149.16,40772910
2006-04-24,1156.91,1160.58,1135.75,1142.7,1142.7,45936219
2006-04-25,1139.49,1149.54,1123.1,1141.93,1141.93,38611125
2006-04-26,1142.9,1162.02,1142.07,1155.73,1155.73,41824301
2006-04-27,1157.38,1159.9,1145.26,1155.27,1155.27,31980451
2006-04-28,1143.59,1173.88,1133.19,1172.35,1172.35,40801858
2006-05-08,1179.58,1218.86,1179.58,1218.44,1218.44,44912821
2006-05-09,1226.31,1252.76,1222.68,1251.61,1251.61,55993861
2006-05-10,1257.98,1273.68,1243.47,1265.93,1265.93,55667043
2006-05-11,1267.22,1294.87,1254.35,1255.04,1255.04,61133725
2006-05-12,1255.23,1296.38,1252.68,1296.26,1296.26,54920331
2006-05-15,1312.14,1352.41,1301.8,1352.16,1352.16,73534005
2006-05-16,1368.13,1387.4,1322.14,1331.13,1331.13,79658170
2006-05-17,1331.69,1356.13,1306.87,1335.52,1335.52,61823287
2006-05-18,1322.65,1340.52,1301.11,1331.2,1331.2,52056363
2006-05-19,1334.07,1371.22,1329.32,1366.1,1366.1,67123869
2006-05-22,1366.32,1387.57,1360.35,1373.67,1373.67,66262172
2006-05-23,1365.1,1365.1,1316.55,1317.65,1317.65,56872388
2006-05-24,1325.68,1351.31,1277.33,1308.24,1308.24,51176632
2006-05-25,1304.69,1316.47,1285.73,1307.7,1307.7,34046436
2006-05-26,1312.24,1331.45,1309.46,1331.02,1331.02,36385665
2006-05-29,1339.9,1366.84,1330.63,1366.29,1366.29,44480011
2006-05-30,1375.3,1384.68,1360.55,1378.76,1378.76,44761027
2006-05-31,1377.45,1386.94,1355.01,1365.45,1365.45,47335883
2006-06-01,1364.18,1403.27,1362.94,1402.88,1402.88,53493453
2006-06-02,1406.62,1411.78,1382.0,1390.12,1390.12,64109162
2006-06-05,1391.46,1403.3,1362.72,1403.16,1403.16,55101819
2006-06-06,1400.27,1413.11,1391.9,1399.14,1399.14,46835278
2006-06-07,1398.18,1398.18,1319.7,1320.23,1320.23,52047647
2006-06-08,1309.07,1331.89,1286.9,1325.98,1325.98,45677509
2006-06-09,1320.81,1329.83,1293.05,1294.19,1294.19,37392623
2006-06-12,1283.83,1308.12,1275.4,1297.67,1297.67,25033331
2006-06-13,1296.41,1312.13,1284.62,1298.28,1298.28,27823031
2006-06-14,1291.69,1291.69,1269.52,1283.88,1283.88,28801661
2006-06-15,1283.72,1300.11,1280.5,1285.39,1285.39,23241302
2006-06-16,1290.0,1318.02,1290.0,1318.01,1318.01,28408032
2006-06-19,1306.26,1341.99,1294.9,1334.89,1334.89,30726258
2006-06-20,1333.62,1341.24,1323.78,1338.22,1338.22,27797058
2006-06-21,1336.84,1347.0,1320.41,1333.53,1333.53,32445479
2006-06-22,1331.93,1341.73,1326.15,1331.55,1331.55,25953157
2006-06-23,1329.11,1340.27,1319.51,1339.45,1339.45,25651644
2006-06-26,1341.61,1363.57,1341.61,1363.41,1363.41,29595920
2006-06-27,1365.04,1368.41,1354.09,1363.9,1363.9,26454734
2006-06-28,1361.79,1366.34,1353.63,1362.89,1362.89,25791657
2006-06-29,1365.25,1395.24,1365.25,1395.12,1395.12,42439201
2006-06-30,1402.59,1408.79,1384.99,1393.96,1393.96,38396745
2006-07-03,1398.74,1420.33,1393.92,1420.33,1420.33,38297385
2006-07-04,1423.08,1426.1,1401.15,1411.01,1411.01,42749803
2006-07-05,1409.9,1409.9,1377.22,1393.01,1393.01,33446005
2006-07-06,1391.64,1418.76,1390.19,1418.68,1418.68,32480734
2006-07-07,1423.72,1426.4,1405.99,1410.43,1410.43,33556176
2006-07-10,1410.5,1413.58,1397.44,1412.12,1412.12,27607369
2006-07-11,1414.14,1418.82,1406.5,1418.57,1418.57,28537379
2006-07-12,1419.07,1430.94,1416.74,1419.2,1419.2,36293417
2006-07-13,1415.88,1418.14,1344.16,1346.09,1346.09,48970673
2006-07-14,1333.74,1367.74,1327.59,1357.13,1357.13,32659105
2006-07-17,1354.14,1372.25,1348.43,1372.25,1372.25,24205552
2006-07-18,1370.9,1373.59,1359.91,1373.42,1373.42,22724544
2006-07-19,1370.29,1370.29,1330.28,1336.64,1336.64,25227647
2006-07-20,1335.41,1346.85,1329.18,1345.19,1345.19,18450621
2006-07-21,1344.6,1357.34,1344.57,1356.03,1356.03,20393648
2006-07-24,1340.28,1359.56,1327.9,1358.12,1358.12,19966190
2006-07-25,1359.32,1378.84,1359.32,1374.17,1374.17,22023509
2006-07-26,1377.78,1380.8,1367.05,1371.3,1371.3,19633442
2006-07-27,1370.75,1379.25,1347.29,1355.55,1355.55,23818755
2006-07-28,1354.92,1359.74,1327.66,1341.39,1341.39,21557505
2006-07-31,1338.04,1338.04,1293.53,1294.33,1294.33,22181211
2006-08-01,1292.71,1302.89,1278.54,1282.06,1282.06,17443887
2006-08-02,1281.89,1288.61,1258.01,1275.09,1275.09,17813284
2006-08-03,1277.63,1281.79,1261.69,1271.74,1271.74,12940473
2006-08-04,1272.36,1278.25,1239.38,1241.91,1241.91,16053628
2006-08-07,1233.49,1241.85,1221.99,1224.1,1224.1,15116519
2006-08-08,1225.04,1252.39,1225.04,1252.39,1252.39,14250481
2006-08-09,1254.37,1258.21,1245.39,1251.3,1251.3,12859474
2006-08-10,1251.16,1271.47,1251.08,1271.47,1271.47,17699006
2006-08-11,1273.27,1277.97,1265.52,1275.65,1275.65,15303227
2006-08-14,1275.14,1279.31,1241.95,1245.72,1245.72,16444469
2006-08-15,1243.16,1265.86,1239.91,1265.86,1265.86,14319360
2006-08-16,1266.82,1283.57,1262.54,1283.57,1283.57,20802743
2006-08-17,1280.28,1280.28,1263.93,1271.63,1271.63,15457904
2006-08-18,1270.22,1280.83,1265.82,1267.87,1267.87,13964524
2006-08-21,1235.43,1270.67,1229.17,1270.56,1270.56,15064766
2006-08-22,1270.1,1289.02,1269.1,1285.27,1285.27,17200942
2006-08-23,1284.82,1294.82,1282.84,1285.68,1285.68,19092875
2006-08-24,1284.83,1292.4,1274.56,1292.4,1292.4,15081306
2006-08-25,1293.5,1301.75,1292.45,1295.44,1295.44,18557937
2006-08-28,1298.46,1325.89,1298.36,1325.89,1325.89,26183290
2006-08-29,1328.61,1349.2,1327.0,1330.16,1330.16,31766376
2006-08-30,1328.37,1336.39,1319.82,1334.67,1334.67,21139949
2006-08-31,1335.59,1342.79,1331.29,1338.69,1338.69,23188274
2006-09-01,1339.31,1340.12,1314.57,1318.1,1318.1,25033688
2006-09-04,1315.71,1337.24,1315.61,1337.24,1337.24,21095340
2006-09-05,1339.59,1345.71,1334.72,1340.68,1340.68,26868110
2006-09-06,1341.4,1346.37,1331.85,1346.37,1346.37,23153112
2006-09-07,1348.17,1348.28,1323.98,1328.38,1328.38,21886449
2006-09-08,1327.56,1334.73,1326.25,1332.15,1332.15,17230273
2006-09-11,1331.89,1338.76,1319.21,1338.76,1338.76,20947266
2006-09-12,1338.81,1350.53,1337.3,1347.64,1347.64,27301891
2006-09-13,1348.85,1356.86,1337.46,1338.39,1338.39,32821191
2006-09-14,1338.35,1345.59,1323.8,1338.28,1338.28,22217284
2006-09-15,1338.41,1362.4,1338.14,1362.32,1362.32,36057148
2006-09-18,1367.65,1375.58,1362.14,1375.56,1375.56,31454851
2006-09-19,1377.72,1385.62,1371.43,1378.31,1378.31,26648301
2006-09-20,1376.12,1381.81,1365.72,1378.46,1378.46,23445880
2006-09-21,1378.46,1390.62,1378.46,1387.37,1387.37,26094121
2006-09-22,1389.87,1393.53,1373.94,1374.85,1374.85,28265042
2006-09-25,1372.81,1383.77,1361.61,1372.4,1372.4,24584780
2006-09-26,1370.86,1371.58,1351.18,1357.65,1357.65,19703278
2006-09-27,1357.28,1371.12,1355.39,1371.12,1371.12,17580323
2006-09-28,1372.13,1389.56,1369.4,1387.0,1387.0,21687792
2006-09-29,1389.07,1405.56,1389.04,1403.27,1403.27,27166742
2006-10-09,1420.36,1436.07,1418.21,1436.07,1436.07,39191862
2006-10-10,1437.69,1443.5,1426.97,1437.24,1437.24,38400486
2006-10-11,1436.68,1440.21,1421.81,1435.91,1435.91,31617987
2006-10-12,1436.2,1438.8,1423.63,1426.5,1426.5,37956237
2006-10-13,1424.3,1436.1,1420.96,1430.88,1430.88,28295156
2006-10-16,1432.31,1434.53,1415.49,1418.52,1418.52,28492186
2006-10-17,1416.95,1426.29,1410.67,1414.45,1414.45,24224403
2006-10-18,1413.91,1437.59,1413.55,1437.59,1437.59,24290308
2006-10-19,1438.84,1445.62,1433.94,1439.38,1439.38,23820267
2006-10-20,1440.67,1447.95,1436.65,1440.18,1440.18,26560143
2006-10-23,1439.54,1444.92,1403.01,1408.71,1408.71,28950377
2006-10-24,1408.58,1440.05,1408.58,1440.05,1440.05,26189972
2006-10-25,1443.11,1459.73,1434.81,1446.82,1446.82,32204895
2006-10-26,1447.09,1457.37,1435.28,1456.09,1456.09,38466362
2006-10-27,1455.98,1460.45,1433.35,1439.05,1439.05,37379304
2006-10-30,1436.66,1446.24,1428.33,1446.24,1446.24,35320452
2006-10-31,1447.06,1464.48,1447.06,1464.47,1464.47,36952283
2006-11-01,1465.67,1479.41,1461.32,1479.41,1479.41,38926925
2006-11-02,1480.55,1480.55,1464.6,1479.66,1479.66,42373136
2006-11-03,1481.58,1497.47,1480.77,1488.29,1488.29,39372027
2006-11-06,1477.44,1507.97,1472.0,1507.89,1507.89,42033510
2006-11-07,1512.65,1516.8,1491.33,1516.1,1516.1,43038328
2006-11-08,1512.36,1513.04,1497.01,1498.17,1498.17,28722405
2006-11-09,1491.8,1527.38,1489.2,1524.71,1524.71,34030133
2006-11-10,1525.23,1535.2,1493.2,1504.06,1504.06,53922867
2006-11-13,1498.06,1512.95,1465.63,1475.78,1475.78,41653301
2006-11-14,1475.44,1493.88,1453.26,1493.78,1493.78,36307885
2006-11-15,1494.11,1534.85,1490.87,1534.76,1534.76,40589216
2006-11-16,1540.26,1558.41,1531.29,1533.29,1533.29,57760948
2006-11-17,1528.01,1562.24,1521.55,1562.08,1562.08,44446191
2006-11-20,1567.34,1593.19,1567.34,1593.16,1593.16,53412359
2006-11-21,1591.47,1612.46,1568.95,1612.25,1612.25,48601842
2006-11-22,1610.05,1639.41,1600.38,1624.03,1624.03,57065495
2006-11-23,1623.71,1642.81,1618.04,1634.91,1634.91,51360679
2006-11-24,1629.89,1640.75,1611.55,1636.58,1636.58,49712096
2006-11-27,1632.66,1651.8,1627.92,1651.8,1651.8,47267270
2006-11-28,1649.68,1656.19,1629.82,1644.01,1644.01,44762916
2006-11-29,1617.69,1672.91,1604.81,1667.14,1667.14,45578411
2006-11-30,1671.67,1714.49,1671.67,1714.36,1714.36,60216088
2006-12-01,1719.28,1741.8,1715.79,1729.22,1729.22,58413581
2006-12-04,1731.9,1780.8,1731.9,1780.74,1780.74,71434333
2006-12-05,1785.44,1811.66,1777.43,1794.23,1794.23,67202576
2006-12-06,1794.26,1806.65,1717.72,1779.41,1779.41,81276700
2006-12-07,1774.19,1820.72,1770.57,1775.71,1775.71,80487502
2006-12-08,1752.77,1772.16,1710.0,1711.58,1711.58,66257746
2006-12-11,1705.91,1790.11,1705.91,1789.92,1789.92,51335975
2006-12-12,1798.46,1819.8,1772.11,1802.79,1802.79,57833543
2006-12-13,1805.42,1813.28,1779.56,1803.86,1803.86,48004458
2006-12-14,1807.08,1836.19,1805.2,1836.14,1836.14,47206227
2006-12-15,1842.88,1867.78,1832.51,1867.64,1867.64,49414441
2006-12-18,1875.01,1918.29,1875.01,1916.11,1916.11,61892990
2006-12-19,1924.8,1936.75,1882.54,1921.44,1921.44,67788935
2006-12-20,1912.9,1936.8,1893.42,1936.55,1936.55,56348502
2006-12-21,1935.78,1945.47,1905.72,1908.98,1908.98,60225164
2006-12-22,1896.48,1918.49,1880.57,1895.64,1895.64,46230501
2006-12-25,1898.82,1957.47,1898.82,1939.1,1939.1,56251742
2006-12-26,1941.8,1959.98,1914.97,1938.24,1938.24,56967383
2006-12-27,1940.41,1983.11,1939.55,1982.88,1982.88,56005647
2006-12-28,1988.02,2010.37,1964.97,1979.93,1979.93,63192834
2006-12-29,1991.88,2052.86,1991.88,2041.05,2041.05,73851947
2007-01-04,2073.25,2139.49,2054.24,2067.09,2067.09,106719707
2007-01-05,2051.15,2083.4,2030.76,2072.88,2072.88,92743447
2007-01-08,2072.0,2131.74,2071.72,2131.56,2131.56,84767909
2007-01-09,2137.49,2201.36,2128.06,2200.09,2200.09,81577629
2007-01-10,2210.76,2255.97,2194.77,2255.97,2255.97,84904979
2007-01-11,2257.01,2289.95,2224.37,2231.63,2231.63,86276548
2007-01-12,2215.86,2249.54,2159.77,2173.75,2173.75,76525720
2007-01-15,2170.94,2287.68,2170.94,2287.34,2287.34,66403097
2007-01-16,2310.96,2354.43,2297.24,2353.87,2353.87,76364254
2007-01-17,2360.41,2393.22,2266.34,2308.93,2308.93,89015540
2007-01-18,2292.17,2325.53,2240.21,2317.09,2317.09,78648606
2007-01-19,2320.87,2396.09,2320.87,2396.09,2396.09,83334022
2007-01-22,2424.81,2491.71,2424.81,2491.31,2491.31,93892993
2007-01-23,2508.26,2516.59,2415.11,2508.13,2508.13,102337616
2007-01-24,2508.52,2556.1,2489.93,2536.43,2536.43,84433697
2007-01-25,2512.46,2529.43,2449.05,2452.83,2452.83,81055151
2007-01-26,2415.75,2524.24,2356.98,2512.92,2512.92,78654008
2007-01-29,2529.94,2582.41,2521.5,2576.92,2576.92,85452085
2007-01-30,2586.52,2599.45,2531.78,2551.88,2551.88,78211528
2007-01-31,2544.3,2548.18,2367.67,2385.33,2385.33,80909137
2007-02-01,2350.6,2410.42,2310.57,2395.17,2395.17,65078095
2007-02-02,2397.06,2403.62,2293.28,2298.0,2298.0,59377154
2007-02-05,2282.77,2304.32,2247.93,2271.8,2271.8,47587506
2007-02-06,2271.37,2316.7,2198.9,2316.04,2316.04,67010648
2007-02-07,2330.43,2390.87,2330.43,2369.79,2369.79,70106390
2007-02-08,2376.63,2415.96,2354.7,2410.6,2410.6,62656540
2007-02-09,2412.64,2417.64,2376.02,2397.25,2397.25,55515532
2007-02-12,2397.85,2485.76,2396.79,2485.39,2485.39,54992320
2007-02-13,2498.34,2526.23,2489.66,2522.63,2522.63,51528862
2007-02-14,2527.56,2594.66,2520.53,2588.35,2588.35,62777279
2007-02-15,2607.63,2669.18,2607.63,2668.63,2668.63,71631329
2007-02-16,2692.67,2717.57,2660.49,2676.74,2676.74,75908785
2007-02-26,2679.26,2710.3,2641.12,2707.68,2707.68,74531560
2007-02-27,2717.81,2719.52,2454.92,2457.49,2457.49,107736807
2007-02-28,2413.42,2554.23,2413.33,2544.57,2544.57,82822571
2007-03-01,2550.26,2550.33,2439.5,2473.54,2473.54,82159655
2007-03-02,2468.67,2523.86,2455.82,2508.73,2508.73,57946805
2007-03-05,2503.82,2541.82,2409.72,2475.61,2475.61,68517488
2007-03-06,2467.74,2539.45,2452.14,2520.29,2520.29,52633153
2007-03-07,2532.98,2594.46,2532.15,2589.44,2589.44,59720949
2007-03-08,2597.72,2628.45,2565.11,2627.63,2627.63,55386559
2007-03-09,2632.8,2643.81,2587.49,2611.39,2611.39,70411326
2007-03-12,2612.96,2619.5,2563.37,2616.17,2616.17,62468921
2007-03-13,2620.72,2641.63,2605.23,2640.17,2640.17,65788908
2007-03-14,2609.93,2625.12,2546.65,2597.36,2597.36,68952088
2007-03-15,2595.54,2645.88,2595.54,2645.55,2645.55,63778489
2007-03-16,2656.01,2665.39,2576.32,2604.23,2604.23,75331850
2007-03-19,2533.71,2674.8,2523.3,2659.41,2659.41,73983566
2007-03-20,2669.64,2674.47,2645.25,2672.77,2672.77,61249726
2007-03-21,2685.93,2703.0,2666.89,2702.6,2702.6,64612957
2007-03-22,2720.46,2740.28,2702.41,2711.32,2711.32,83308074
2007-03-23,2710.36,2726.62,2653.79,2716.27,2716.27,73911919
2007-03-26,2725.4,2764.4,2713.93,2764.03,2764.03,76074773
2007-03-27,2770.35,2789.97,2753.02,2784.02,2784.02,80725127
2007-03-28,2787.24,2806.08,2689.11,2797.65,2797.65,112209970
2007-03-29,2802.38,2830.08,2782.93,2783.3,2783.3,106567239
2007-03-30,2768.71,2801.95,2753.15,2781.78,2781.78,62950706
2007-04-02,2793.96,2850.15,2793.96,2850.11,2850.11,69247883
2007-04-03,2861.9,2888.33,2852.57,2888.11,2888.11,77014495
2007-04-04,2893.38,2924.68,2875.69,2911.82,2911.82,75506658
2007-04-05,2909.5,2950.66,2895.42,2945.04,2945.04,74138991
2007-04-06,2921.73,2977.46,2911.05,2972.01,2972.01,79102328
2007-04-09,2988.38,3043.06,2988.38,3038.17,3038.17,90901705
2007-04-10,3053.35,3081.62,2993.11,3081.57,3081.57,100888342
2007-04-11,3092.08,3121.54,3059.28,3121.32,3121.32,101669935
2007-04-12,3129.25,3176.69,3114.91,3176.44,3176.44,92535186
2007-04-13,3182.78,3211.61,3154.11,3169.23,3169.23,100653116
2007-04-16,3177.3,3256.57,3177.29,3256.0,3256.0,87928940
2007-04-17,3273.43,3288.17,3182.95,3283.6,3283.6,105307105
2007-04-18,3294.21,3311.98,3244.93,3304.5,3304.5,101426707
2007-04-19,3297.95,3297.95,3065.28,3150.3,3150.3,115270009
2007-04-20,3165.67,3297.41,3165.67,3289.28,3289.28,94469869
2007-04-23,3330.8,3433.52,3330.8,3431.32,3431.32,109958991
2007-04-24,3462.48,3490.81,3418.3,3445.2,3445.2,114643006
2007-04-25,3432.02,3467.83,3376.08,3448.28,3448.28,100580669
2007-04-26,3465.11,3493.91,3438.88,3493.58,3493.58,78997690
2007-04-27,3499.94,3503.89,3436.0,3470.52,3470.52,80698636
2007-04-30,3487.36,3568.68,3478.93,3558.71,3558.71,94302864
2007-05-08,3643.81,3699.37,3618.78,3686.03,3686.03,106788732
2007-05-09,3699.3,3717.34,3556.61,3701.28,3701.28,140648358
2007-05-10,3703.52,3742.23,3671.81,3724.51,3724.51,115419922
2007-05-11,3696.29,3715.37,3629.71,3702.61,3702.61,88961761
2007-05-14,3648.27,3769.16,3620.86,3734.42,3734.42,91098049
2007-05-15,3739.05,3751.64,3600.21,3604.64,3604.64,93578568
2007-05-16,3598.0,3700.65,3557.2,3700.29,3700.29,86229268
2007-05-17,3716.44,3794.16,3705.27,3778.6,3778.6,90256478
2007-05-18,3771.27,3805.21,3746.24,3776.63,3776.63,82418898
2007-05-21,3650.8,3843.84,3643.08,3831.44,3831.44,98478650
2007-05-22,3849.04,3893.19,3849.04,3870.49,3870.49,109618184
2007-05-23,3879.76,3939.49,3853.91,3938.95,3938.95,98523171
2007-05-24,3953.89,3972.58,3858.51,3919.75,3919.75,113814264
2007-05-25,3907.73,3996.85,3888.31,3985.25,3985.25,95416615
2007-05-28,4033.92,4091.94,4027.36,4072.58,4072.58,114041851
2007-05-29,4090.9,4168.53,4079.87,4168.29,4168.29,113267227
2007-05-30,3906.04,4104.2,3849.7,3886.46,3886.46,132739140
2007-05-31,3828.72,3991.73,3683.56,3927.95,3927.95,126078248
2007-06-01,3953.1,4014.15,3780.03,3803.95,3803.95,119937939
2007-06-04,3804.96,3822.41,3503.94,3511.43,3511.43,90531019
2007-06-05,3407.0,3635.15,3246.73,3634.63,3634.63,113768038
2007-06-06,3652.89,3712.53,3550.74,3677.58,3677.58,95951510
2007-06-07,3694.55,3802.3,3684.46,3802.3,3802.3,94190581
2007-06-08,3814.19,3861.21,3769.15,3837.87,3837.87,89074742
2007-06-11,3876.07,3937.79,3870.23,3931.86,3931.86,90982277
2007-06-12,3953.96,4036.35,3834.02,4036.11,4036.11,99389774
2007-06-13,4071.74,4146.52,4064.15,4118.27,4118.27,109452945
2007-06-14,4103.52,4132.0,4022.78,4075.82,4075.82,86609180
2007-06-15,4043.11,4115.73,4025.1,4099.38,4099.38,68779600
2007-06-18,4178.76,4246.4,4177.19,4227.57,4227.57,87872913
2007-06-19,4227.59,4254.71,4186.18,4253.0,4253.0,81540471
2007-06-20,4268.65,4292.2,4138.33,4157.6,4157.6,86863015
2007-06-21,4140.69,4208.87,4110.96,4197.28,4197.28,73739471
2007-06-22,4203.13,4220.92,3970.35,4051.43,4051.43,79552374
2007-06-25,4066.45,4105.99,3850.84,3877.59,3877.59,70031044
2007-06-26,3804.41,3929.37,3752.93,3928.21,3928.21,58885114
2007-06-27,3946.88,4053.41,3912.2,4040.48,4040.48,65290520
2007-06-28,4038.38,4067.81,3857.85,3858.52,3858.52,66857980
2007-06-29,3769.33,3867.75,3718.16,3764.08,3764.08,58920870
2007-07-02,3746.18,3801.9,3644.19,3757.66,3757.66,49747310
2007-07-03,3782.78,3835.29,3744.01,3832.23,3832.23,46409126
2007-07-04,3840.41,3848.08,3727.56,3743.58,3743.58,38233716
2007-07-05,3688.31,3706.6,3535.04,3537.44,3537.44,43225527
2007-07-06,3517.6,3712.74,3475.27,3710.28,3710.28,51366512
2007-07-09,3743.87,3840.99,3722.23,3821.3,3821.3,54073113
2007-07-10,3832.76,3852.93,3764.25,3775.62,3775.62,51907868
2007-07-11,3751.49,3797.81,3732.29,3789.87,3789.87,33628907
2007-07-12,3799.19,3839.21,3780.03,3816.92,3816.92,31368119
2007-07-13,3825.03,3829.68,3773.93,3820.12,3820.12,26893242
2007-07-16,3824.91,3830.37,3697.22,3697.97,3697.97,29931857
2007-07-17,3684.33,3812.25,3650.25,3789.65,3789.65,32553850
2007-07-18,3776.94,3861.51,3756.7,3807.57,3807.57,45975823
2007-07-19,3796.92,3836.39,3778.51,3807.0,3807.0,30258467
2007-07-20,3808.08,3971.89,3808.08,3971.88,3971.88,55271121
2007-07-23,4009.06,4157.39,4009.06,4156.72,4156.72,85276186
2007-07-24,4187.33,4241.58,4143.59,4161.35,4161.35,76090735
2007-07-25,4163.36,4256.05,4163.35,4255.46,4255.46,64597766
2007-07-26,4282.68,4325.93,4244.08,4303.19,4303.19,65490243
2007-07-27,4277.55,4318.34,4225.03,4307.14,4307.14,65021109
2007-07-30,4305.18,4426.31,4303.73,4410.3,4410.3,75441583
2007-07-31,4402.52,4467.65,4359.59,4460.56,4460.56,71375042
2007-08-01,4479.3,4496.25,4271.06,4290.48,4290.48,79361665
2007-08-02,4311.6,4449.4,4303.98,4436.19,4436.19,62887538
2007-08-03,4472.89,4599.25,4472.89,4598.38,4598.38,78190473
2007-08-06,4642.78,4704.19,4623.49,4703.98,4703.98,76164271
2007-08-07,4715.39,4771.58,4634.87,4724.55,4724.55,83847133
2007-08-08,4679.22,4741.45,4579.4,4668.09,4668.09,88988001
2007-08-09,4666.42,4779.14,4666.2,4777.29,4777.29,72025786
2007-08-10,4765.85,4771.61,4631.04,4726.68,4726.68,74962881
2007-08-13,4724.52,4767.08,4663.2,4721.19,4721.19,85763167
2007-08-14,4721.45,4803.57,4704.15,4795.57,4795.57,61157911
2007-08-15,4804.68,4836.59,4697.97,4798.75,4798.75,63466427
2007-08-16,4772.36,4772.97,4665.21,4721.94,4721.94,63594794
2007-08-17,4694.2,4774.99,4616.97,4626.58,4626.58,63652120
2007-08-20,4749.2,4885.83,4747.27,4885.43,4885.43,67812204
2007-08-21,4915.52,4995.53,4909.84,4972.71,4972.71,74440593
2007-08-22,4899.93,5075.89,4887.14,5051.69,5051.69,74028925
2007-08-23,5075.51,5154.85,5028.12,5135.93,5135.93,68051882
2007-08-24,5161.15,5231.15,5158.03,5217.58,5217.58,73769875
2007-08-27,5250.62,5296.57,5191.28,5243.15,5243.15,82631454
2007-08-28,5220.64,5270.3,5136.61,5251.77,5251.77,75066789
2007-08-29,5215.65,5283.33,5138.34,5171.82,5171.82,72929456
2007-08-30,5193.73,5247.57,5176.0,5241.23,5241.23,67298490
2007-08-31,5255.09,5307.42,5219.99,5296.81,5296.81,66780357
2007-09-03,5335.05,5433.75,5335.05,5419.17,5419.17,82849166
2007-09-04,5421.25,5429.21,5333.49,5360.33,5360.33,79914832
2007-09-05,5357.55,5389.33,5265.06,5363.25,5363.25,65364902
2007-09-06,5389.49,5448.84,5365.5,5412.04,5412.04,70608574
2007-09-07,5382.91,5402.71,5284.65,5294.79,5294.79,79298880
2007-09-10,5226.74,5380.46,5182.1,5377.22,5377.22,65095672
2007-09-11,5384.56,5414.0,5104.35,5124.09,5124.09,68806690
2007-09-12,5102.58,5212.65,5059.46,5202.86,5202.86,61572253
2007-09-13,5230.65,5351.58,5212.03,5349.97,5349.97,59746929
2007-09-14,5362.46,5405.85,5274.22,5397.28,5397.28,60295626
2007-09-17,5389.5,5504.77,5387.68,5498.91,5498.91,69403132
2007-09-18,5524.1,5533.53,5405.18,5476.84,5476.84,71621810
2007-09-19,5487.38,5498.59,5385.42,5419.27,5419.27,55880065
2007-09-20,5436.64,5501.4,5430.31,5494.92,5494.92,56712136
2007-09-21,5508.5,5516.11,5357.5,5468.1,5468.1,61106356
2007-09-24,5481.38,5541.13,5400.68,5513.9,5513.9,54184817
2007-09-25,5524.02,5540.87,5423.52,5454.62,5454.62,45326230
2007-09-26,5433.63,5489.86,5338.31,5361.02,5361.02,39171156
2007-09-27,5364.53,5429.05,5338.04,5427.66,5427.66,33759056
2007-09-28,5479.85,5590.85,5479.85,5580.81,5580.81,48514620
2007-10-08,5703.28,5715.91,5617.1,5653.14,5653.14,66449703
2007-10-09,5638.63,5682.97,5582.77,5675.93,5675.93,53633490
2007-10-10,5694.99,5776.21,5653.79,5685.76,5685.76,63994455
2007-10-11,5695.13,5761.22,5650.1,5760.08,5760.08,65141101
2007-10-12,5777.9,5796.28,5485.56,5737.22,5737.22,78001064
2007-10-15,5761.87,5824.98,5690.07,5821.45,5821.45,70682111
2007-10-16,5851.54,5885.48,5815.61,5877.2,5877.2,64692049
2007-10-17,5862.38,5891.72,5797.61,5824.12,5824.12,48869768
2007-10-18,5813.24,5813.24,5593.99,5615.75,5615.75,48595630
2007-10-19,5651.03,5711.5,5563.78,5614.06,5614.06,38466457
2007-10-22,5543.79,5594.5,5465.85,5472.68,5472.68,35867499
2007-10-23,5467.83,5541.96,5373.05,5540.09,5540.09,41896800
2007-10-24,5564.48,5644.97,5553.33,5588.01,5588.01,44661238
2007-10-25,5549.66,5556.55,5312.85,5333.79,5333.79,50821706
2007-10-26,5279.1,5428.58,5266.37,5394.81,5394.81,35895965
2007-10-29,5428.68,5509.35,5428.68,5508.36,5508.36,35233977
2007-10-30,5529.96,5597.27,5467.52,5596.07,5596.07,39193921
2007-10-31,5663.76,5691.87,5590.54,5688.54,5688.54,50329469
2007-11-01,5701.49,5702.21,5604.79,5605.23,5605.23,46612479
2007-11-02,5514.85,5565.66,5448.99,5472.93,5472.93,43289500
2007-11-05,5438.81,5494.62,5333.38,5360.31,5360.31,33695018
2007-11-06,5331.31,5406.1,5295.79,5317.55,5317.55,27057854
2007-11-07,5348.56,5388.64,5231.61,5350.63,5350.63,30061349
2007-11-08,5321.86,5321.86,5090.96,5093.67,5093.67,36054893
2007-11-09,5042.76,5129.11,4962.3,5040.52,5040.52,34583826
2007-11-12,4916.82,5018.11,4795.43,4978.25,4978.25,38413922
2007-11-13,5024.52,5082.64,4866.16,4939.24,4939.24,36862079
2007-11-14,5013.78,5147.01,4924.82,5145.89,5145.89,35231542
2007-11-15,5129.81,5170.97,5069.52,5081.11,5081.11,31759464
2007-11-16,4999.84,5021.71,4917.49,5007.66,5007.66,23310991
2007-11-19,5017.4,5033.95,4968.73,4994.42,4994.42,25548101
2007-11-20,4962.63,5099.52,4916.47,5069.38,5069.38,33562714
2007-11-21,5087.25,5135.25,4993.29,4997.62,4997.62,26803122
2007-11-22,4902.63,4949.33,4759.91,4772.62,4772.62,26507716
2007-11-23,4733.37,4857.05,4711.79,4856.16,4856.16,20146305
2007-11-26,4931.6,4954.18,4795.35,4800.08,4800.08,23622276
2007-11-27,4759.01,4806.83,4708.8,4711.15,4711.15,20886840
2007-11-28,4724.47,4760.66,4619.51,4648.75,4648.75,22482368
2007-11-29,4708.38,4847.58,4637.48,4842.07,4842.07,36872990
2007-11-30,4841.08,4841.08,4723.79,4737.41,4737.41,29383696
2007-12-03,4714.92,4809.27,4689.52,4772.67,4772.67,22255934
2007-12-04,4786.64,4886.58,4786.64,4829.21,4829.21,22643592
2007-12-05,4829.95,4970.17,4815.61,4965.95,4965.95,31769165
2007-12-06,4986.25,4999.93,4928.13,4971.06,4971.06,23711591
2007-12-07,4979.84,5041.78,4977.87,5041.35,5041.35,27198223
2007-12-10,4961.67,5138.69,4944.83,5133.56,5133.56,42780691
2007-12-11,5162.09,5181.41,5068.03,5140.0,5140.0,40586457
2007-12-12,5108.58,5130.72,5033.72,5077.39,5077.39,39828251
2007-12-13,5051.78,5067.39,4881.34,4884.3,4884.3,36819590
2007-12-14,4827.39,4979.19,4800.24,4977.65,4977.65,30727925
2007-12-17,4976.24,4977.57,4855.17,4857.29,4857.29,37014522
2007-12-18,4827.26,4883.0,4799.0,4829.91,4829.91,22930076
2007-12-19,4877.77,4961.59,4865.35,4946.29,4946.29,32101858
2007-12-20,4968.03,5048.06,4935.4,5037.19,5037.19,31319917
2007-12-21,5016.46,5103.77,5014.7,5101.85,5101.85,37251494
2007-12-24,5142.16,5239.22,5129.6,5207.13,5207.13,50319967
2007-12-25,5217.56,5244.03,5180.59,5216.81,5216.81,38973705
2007-12-26,5231.97,5273.14,5194.75,5265.03,5265.03,41468115
2007-12-27,5286.98,5367.53,5260.1,5367.53,5367.53,52345018
2007-12-28,5379.52,5391.67,5323.82,5338.27,5338.27,45361415
2008-01-02,5349.76,5404.93,5283.45,5385.1,5385.1,45668710
2008-01-03,5381.15,5422.67,5315.95,5422.03,5422.03,64645878
2008-01-04,5430.63,5499.08,5422.46,5483.65,5483.65,51746420
2008-01-07,5480.44,5569.15,5455.5,5556.59,5556.59,53485409
2008-01-08,5575.95,5630.62,5485.23,5528.05,5528.05,64899501
2008-01-09,5507.12,5614.68,5490.31,5613.76,5613.76,46796872
2008-01-10,5631.65,5707.67,5602.59,5672.15,5672.15,64229893
2008-01-11,5688.56,5702.57,5629.64,5699.15,5699.15,56167079
2008-01-14,5717.52,5756.92,5679.29,5731.76,5731.76,49846010
2008-01-15,5743.43,5754.11,5652.04,5696.45,5696.45,50886608
2008-01-16,5642.57,5642.57,5498.39,5505.72,5505.72,55774469
2008-01-17,5445.8,5533.65,5226.64,5365.62,5365.62,61936933
2008-01-18,5358.18,5419.57,5307.5,5414.47,5414.47,43913005
2008-01-21,5424.64,5434.35,5122.46,5145.73,5145.73,47833617
2008-01-22,5015.43,5032.25,4708.39,4753.87,4753.87,60772692
2008-01-23,4787.17,4976.27,4751.5,4975.11,4975.11,55776385
2008-01-24,5034.53,5079.8,4926.37,5027.21,5027.21,56605987
2008-01-25,5022.9,5121.41,4966.52,5077.43,5077.43,47142108
2008-01-28,5038.51,5038.51,4711.28,4731.88,4731.88,41425283
2008-01-29,4742.9,4845.66,4688.73,4762.08,4762.08,29062256
2008-01-30,4817.16,4858.1,4606.14,4710.65,4710.65,34098976
2008-01-31,4693.61,4733.7,4614.28,4620.4,4620.4,30852580
2008-02-01,4623.62,4660.99,4414.12,4571.94,4571.94,35125528
2008-02-04,4695.55,4951.25,4695.55,4950.12,4950.12,40953145
2008-02-05,4942.88,4995.57,4878.12,4921.83,4921.83,32796356
2008-02-13,4858.81,4883.24,4785.8,4816.08,4816.08,21475659
2008-02-14,4858.85,4913.32,4842.85,4880.25,4880.25,19837789
2008-02-15,4846.02,4846.02,4742.1,4813.31,4813.31,24262601
2008-02-18,4875.21,4944.88,4845.31,4910.99,4910.99,30590078
2008-02-19,4926.84,5020.75,4885.69,5020.75,5020.75,36176965
2008-02-20,5032.78,5062.26,4901.66,4908.72,4908.72,39557722
2008-02-21,4878.57,4924.45,4796.1,4876.03,4876.03,33403616
2008-02-22,4850.88,4850.88,4649.81,4702.24,4702.24,37918627
2008-02-25,4704.32,4722.64,4510.69,4519.78,4519.78,33652001
2008-02-26,4637.6,4668.83,4394.59,4515.53,4515.53,33276390
2008-02-27,4543.1,4660.41,4500.89,4639.77,4639.77,29592393
2008-02-28,4651.16,4670.17,4582.82,4622.06,4622.06,25398171
2008-02-29,4616.24,4683.16,4597.63,4674.55,4674.55,23350858
2008-03-03,4648.73,4803.9,4611.7,4790.74,4790.74,39258411
2008-03-04,4813.4,4836.66,4657.38,4671.15,4671.15,45129777
2008-03-05,4650.52,4689.97,4519.74,4628.72,4628.72,39417993
2008-03-06,4645.07,4746.58,4592.62,4685.03,4685.03,44402268
2008-03-07,4641.75,4693.21,4597.01,4621.69,4621.69,28690945
2008-03-10,4588.73,4588.77,4406.23,4431.59,4431.59,31780355
2008-03-11,4393.28,4441.18,4315.18,4441.18,4441.18,26276592
2008-03-12,4534.81,4553.34,4308.35,4309.65,4309.65,27145644
2008-03-13,4266.27,4296.36,4121.27,4198.96,4198.96,34451307
2008-03-14,4179.44,4212.41,4092.79,4157.87,4157.87,23427885
2008-03-17,4138.88,4138.88,3958.29,3965.28,3965.28,28180961
2008-03-18,3924.87,3996.96,3700.35,3763.95,3763.95,34523751
2008-03-19,3837.6,3954.47,3776.3,3888.86,3888.86,37898477
2008-03-20,3833.21,4044.69,3658.04,4001.83,4001.83,46212944
2008-03-21,3998.2,4083.16,3958.97,4037.83,4037.83,42615163
2008-03-24,4086.07,4103.57,3857.09,3857.09,3857.09,35842438
2008-03-25,3780.46,3937.67,3747.02,3905.77,3905.77,32245863
2008-03-26,3926.86,4001.55,3888.02,3914.37,3914.37,28036763
2008-03-27,3847.44,3873.61,3745.88,3748.92,3748.92,32000668
2008-03-28,3712.98,3925.86,3661.38,3918.16,3918.16,42096777
2008-03-31,3802.21,3891.66,3780.12,3790.53,3790.53,29440841
2008-04-01,3776.27,3815.16,3566.21,3582.85,3582.85,35303462
2008-04-02,3621.39,3698.53,3493.18,3547.98,3547.98,42765884
2008-04-03,3518.22,3665.65,3457.62,3650.7,3650.7,32989493
2008-04-07,3611.96,3854.07,3578.38,3845.82,3845.82,40484982
2008-04-08,3852.01,3935.33,3820.1,3891.06,3891.06,44067922
2008-04-09,3857.27,3911.7,3687.6,3688.12,3688.12,38997168
2008-04-10,3641.66,3754.72,3608.32,3754.72,3754.72,28804396
2008-04-11,3794.3,3825.29,3755.01,3783.73,3783.73,26328590
2008-04-14,3699.14,3710.79,3525.19,3536.33,3536.33,33427046
2008-04-15,3513.07,3583.86,3417.25,3583.3,3583.3,30656886
2008-04-16,3573.66,3583.81,3483.19,3494.02,3494.02,26528120
2008-04-17,3493.24,3559.1,3340.88,3386.63,3386.63,29530618
2008-04-18,3356.56,3390.55,3248.53,3272.5,3272.5,27888162
2008-04-21,3516.43,3516.43,3223.89,3267.55,3267.55,41362307
2008-04-22,3207.88,3301.55,3122.39,3296.28,3296.28,32537969
2008-04-23,3267.36,3467.43,3245.3,3453.73,3453.73,44272553
2008-04-24,3739.32,3781.48,3659.73,3774.5,3774.5,96574896
2008-04-25,3781.91,3915.84,3737.98,3803.07,3803.07,84814491
2008-04-28,3740.95,3791.77,3711.19,3729.15,3729.15,48831235
2008-04-29,3704.93,3797.53,3702.02,3776.94,3776.94,44540440
2008-04-30,3793.85,3970.57,3793.85,3959.12,3959.12,69909777
2008-05-05,4015.21,4061.47,3972.56,4055.78,4055.78,62534073
2008-05-06,4021.07,4075.57,3961.34,4010.89,4010.89,58459280
2008-05-07,3986.13,4042.41,3821.11,3821.32,3821.32,54457706
2008-05-08,3774.04,3926.0,3761.28,3925.04,3925.04,44055668
2008-05-09,3960.89,3973.06,3806.52,3878.92,3878.92,53655929
2008-05-12,3804.99,3952.79,3766.58,3904.92,3904.92,45382660
2008-05-13,3786.53,3923.17,3778.72,3851.69,3851.69,50338012
2008-05-14,3843.47,3975.79,3843.47,3975.78,3975.78,50606901
2008-05-15,4006.66,4038.85,3948.06,3948.09,3948.09,50772975
2008-05-16,3948.03,3982.22,3882.9,3936.12,3936.12,39721752
2008-05-19,3926.31,3936.28,3865.5,3914.07,3914.07,29709581
2008-05-20,3911.1,3946.44,3698.55,3710.82,3710.82,39702629
2008-05-21,3668.18,3801.07,3591.57,3783.05,3783.05,43596162
2008-05-22,3732.64,3783.85,3704.16,3711.44,3711.44,40742717
2008-05-23,3697.89,3741.06,3629.01,3675.15,3675.15,33440431
2008-05-26,3643.01,3643.01,3555.76,3559.22,3559.22,28180190
2008-05-27,3549.99,3594.66,3533.47,3576.2,3576.2,24762693
2008-05-28,3583.28,3698.0,3561.73,3676.23,3676.23,31034914
2008-05-29,3666.2,3677.02,3578.73,3580.87,3580.87,29422740
2008-05-30,3585.6,3620.23,3552.66,3611.33,3611.33,28590847
2008-06-02,3600.23,3650.48,3580.58,3625.83,3625.83,28253358
2008-06-03,3624.57,3641.43,3585.12,3614.11,3614.11,34735141
2008-06-04,3601.06,3605.06,3513.64,3546.92,3546.92,29417653
2008-06-05,3529.98,3542.24,3487.79,3512.14,3512.14,23989279
2008-06-06,3519.12,3532.3,3470.56,3489.5,3489.5,20944229
2008-06-10,3344.45,3352.32,3188.8,3206.56,3206.56,32949961
2008-06-11,3155.94,3181.82,3097.4,3140.3,3140.3,29409735
2008-06-12,3123.64,3148.74,3022.88,3084.63,3084.63,31454109
2008-06-13,3087.34,3108.99,2975.66,2979.12,2979.12,25319837
2008-06-16,2981.08,3012.99,2900.07,2952.24,2952.24,26813794
2008-06-17,2950.4,2977.89,2820.64,2842.68,2842.68,26463778
2008-06-18,2820.24,3007.18,2759.11,2991.27,2991.27,42560095
2008-06-19,2967.4,2967.4,2768.23,2773.08,2773.08,36319039
2008-06-20,2795.47,2946.94,2691.87,2849.67,2849.67,51675905
2008-06-23,2798.43,2845.48,2771.36,2789.94,2789.94,26631493
2008-06-24,2775.69,2865.9,2770.99,2851.92,2851.92,31792456
2008-06-25,2844.92,2973.17,2834.95,2969.54,2969.54,42425261
2008-06-26,2964.52,3010.28,2922.79,2980.91,2980.91,42599312
2008-06-27,2886.18,2899.84,2787.25,2816.02,2816.02,40886556
2008-06-30,2782.84,2834.27,2747.61,2791.82,2791.82,25295406
2008-07-01,2799.2,2809.38,2690.18,2698.35,2698.35,28851585
2008-07-02,2702.63,2745.94,2670.06,2699.6,2699.6,27916365
2008-07-03,2654.48,2807.68,2617.26,2760.61,2760.61,45660305
2008-07-04,2751.21,2783.85,2716.02,2741.85,2741.85,37905010
2008-07-07,2747.61,2890.99,2747.61,2882.76,2882.76,52732024
2008-07-08,2900.57,2939.14,2841.07,2901.84,2901.84,54248078
2008-07-09,2927.0,3015.27,2927.0,3015.13,3015.13,69356968
2008-07-10,2970.98,3056.91,2950.2,2973.73,2973.73,61649554
2008-07-11,2962.86,2988.2,2913.87,2953.5,2953.5,44287101
2008-07-14,2927.24,2996.59,2917.02,2975.87,2975.87,34575043
2008-07-15,2987.06,2997.67,2849.2,2852.98,2852.98,47292759
2008-07-16,2818.76,2824.88,2702.66,2745.6,2745.6,39403115
2008-07-17,2790.26,2812.99,2705.81,2718.07,2718.07,32687335
2008-07-18,2746.54,2818.06,2690.07,2815.46,2815.46,40203402
2008-07-21,2792.83,2915.29,2780.28,2911.05,2911.05,45119577
2008-07-22,2905.28,2931.45,2890.25,2904.74,2904.74,38814976
2008-07-23,2923.05,2941.97,2879.19,2883.32,2883.32,38821233
2008-07-24,2905.04,2979.75,2902.98,2977.36,2977.36,48538665
2008-07-25,2939.32,2967.72,2916.68,2939.2,2939.2,40571081
2008-07-28,2959.11,2997.6,2946.49,2960.85,2960.85,39308640
2008-07-29,2921.25,2921.25,2881.05,2905.63,2905.63,36036275
2008-07-30,2940.02,2949.94,2866.03,2884.38,2884.38,29810800
2008-07-31,2894.25,2899.07,2804.7,2805.21,2805.21,27940966
2008-08-01,2786.12,2868.68,2748.75,2840.79,2840.79,34031491
2008-08-04,2816.94,2832.9,2767.53,2773.15,2773.15,22782324
2008-08-05,2780.76,2792.74,2695.37,2703.08,2703.08,30469235
2008-08-06,2723.52,2749.1,2679.66,2721.69,2721.69,27404022
2008-08-07,2717.66,2747.88,2683.41,2720.44,2720.44,23370439
2008-08-08,2719.38,2719.38,2581.81,2591.46,2591.46,30894581
2008-08-11,2579.8,2580.72,2442.79,2456.81,2456.81,32120206
2008-08-12,2431.38,2474.32,2413.6,2444.16,2444.16,24191944
2008-08-13,2427.5,2466.09,2369.58,2444.67,2444.67,27551711
2008-08-14,2429.98,2461.24,2410.49,2443.51,2443.51,20157236
2008-08-15,2440.39,2479.15,2412.95,2447.61,2447.61,20422261
2008-08-18,2451.31,2452.63,2312.95,2313.4,2313.4,23623106
2008-08-19,2285.51,2356.19,2273.89,2348.47,2348.47,19477106
2008-08-20,2332.39,2533.3,2312.18,2532.94,2532.94,45043415
2008-08-21,2494.26,2535.86,2438.86,2443.98,2443.98,37518040
2008-08-22,2421.25,2437.43,2362.63,2404.93,2404.93,26298241
2008-08-25,2408.03,2439.91,2373.76,2400.55,2400.55,18643190
2008-08-26,2370.53,2390.66,2306.94,2331.53,2331.53,23741937
2008-08-27,2322.54,2367.72,2291.35,2325.29,2325.29,23862584
2008-08-28,2325.26,2363.56,2316.68,2335.86,2335.86,20400291
2008-08-29,2347.4,2418.05,2339.52,2391.64,2391.64,28877845
2008-09-01,2372.64,2372.64,2297.02,2309.17,2309.17,21152803
2008-09-02,2292.69,2309.21,2268.0,2285.41,2285.41,18440498
2008-09-03,2279.6,2296.03,2219.56,2245.96,2245.96,23749474
2008-09-04,2238.65,2270.41,2216.11,2251.15,2251.15,18984780
2008-09-05,2193.04,2221.09,2172.94,2183.43,2183.43,21654480
2008-09-08,2189.82,2198.76,2119.12,2126.52,2126.52,22186554
2008-09-09,2135.22,2150.99,2111.4,2139.15,2139.15,17624298
2008-09-10,2124.97,2181.25,2099.23,2143.18,2143.18,22057844
2008-09-11,2135.45,2142.0,2067.25,2072.13,2072.13,22176781
2008-09-12,2071.06,2102.98,2066.44,2077.85,2077.85,19197020
2008-09-16,2050.32,2050.32,1987.3,2000.65,2000.65,33563261
2008-09-17,1981.25,2003.91,1923.55,1929.14,1929.14,32862242
2008-09-18,1876.96,1936.73,1804.77,1895.99,1895.99,47820263
2008-09-19,2065.78,2073.11,2046.22,2073.11,2073.11,36525404
2008-09-22,2228.37,2258.42,2130.31,2207.61,2207.61,101993873
2008-09-23,2141.6,2180.37,2118.92,2123.48,2123.48,78365617
2008-09-24,2072.65,2139.22,2050.97,2138.85,2138.85,45328180
2008-09-25,2143.73,2256.27,2139.62,2223.53,2223.53,74237912
2008-09-26,2234.46,2257.16,2192.13,2243.66,2243.66,59429943
2008-10-06,2206.56,2206.56,2128.27,2128.7,2128.7,45575264
2008-10-07,2043.92,2136.12,2024.65,2102.45,2102.45,43065325
2008-10-08,2041.99,2073.07,2000.52,2022.88,2022.88,36874700
2008-10-09,2059.58,2063.3,1993.01,1995.3,1995.3,33582311
2008-10-10,1913.27,1938.21,1881.67,1906.96,1906.96,39151593
2008-10-13,1889.75,1985.63,1841.53,1985.49,1985.49,43538120
2008-10-14,2054.41,2060.49,1934.46,1934.62,1934.62,54331946
2008-10-15,1911.03,1930.63,1892.02,1914.36,1914.36,31892398
2008-10-16,1833.48,1866.9,1818.93,1820.9,1820.9,40529648
2008-10-17,1837.91,1851.33,1805.67,1833.26,1833.26,28715420
2008-10-20,1828.41,1899.35,1802.09,1896.73,1896.73,33277152
2008-10-21,1901.24,1928.19,1880.52,1881.41,1881.41,38908395
2008-10-22,1854.6,1887.31,1832.45,1833.32,1833.32,32968572
2008-10-23,1794.68,1836.41,1779.13,1834.78,1834.78,35758654
2008-10-24,1831.46,1840.88,1769.11,1781.6,1781.6,32980668
2008-10-27,1746.67,1746.67,1652.79,1654.67,1654.67,36441847
2008-10-28,1614.62,1716.31,1607.67,1705.82,1705.82,46792804
2008-10-29,1723.23,1731.26,1657.65,1658.22,1658.22,38869488
2008-10-30,1669.97,1723.93,1646.34,1697.66,1697.66,41284292
2008-10-31,1688.09,1696.65,1655.09,1663.66,1663.66,28314534
2008-11-03,1648.56,1684.56,1643.42,1653.54,1653.54,25381097
2008-11-04,1646.2,1648.45,1606.73,1627.76,1627.76,26100165
2008-11-05,1641.26,1714.66,1641.26,1691.42,1691.42,42418210
2008-11-06,1648.13,1661.44,1638.34,1649.78,1649.78,30784179
2008-11-07,1618.75,1690.1,1612.74,1677.83,1677.83,31521590
2008-11-10,1714.12,1803.12,1714.12,1801.67,1801.67,63948859
2008-11-11,1795.3,1824.93,1778.33,1781.36,1781.36,66072851
2008-11-12,1758.48,1806.23,1754.29,1801.82,1801.82,44087960
2008-11-13,1777.03,1891.94,1765.64,1874.08,1874.08,83234552
2008-11-14,1893.31,1943.65,1874.93,1943.65,1943.65,91168717
2008-11-17,1934.74,1987.22,1919.97,1987.22,1987.22,87836626
2008-11-18,1974.38,1994.82,1831.76,1839.82,1839.82,97278353
2008-11-19,1831.6,1959.52,1823.27,1953.16,1953.16,82117408
2008-11-20,1916.7,1976.95,1900.27,1932.43,1932.43,83187038
2008-11-21,1872.27,1968.89,1835.09,1920.73,1920.73,83049329
2008-11-24,1913.99,1923.93,1835.86,1837.64,1837.64,50561517
2008-11-25,1870.06,1883.1,1801.56,1834.29,1834.29,42814590
2008-11-26,1832.11,1865.65,1815.02,1843.49,1843.49,45565635
2008-11-27,1961.89,1969.02,1870.05,1870.47,1870.47,88008322
2008-11-28,1851.1,1866.26,1815.45,1829.92,1829.92,51590660
2008-12-01,1823.77,1864.3,1799.84,1864.2,1864.2,48386333
2008-12-02,1821.54,1891.13,1814.9,1868.63,1868.63,61350235
2008-12-03,1884.6,1952.67,1884.6,1952.67,1952.67,85019144
2008-12-04,1980.44,2046.47,1978.14,1982.93,1982.93,119183441
2008-12-05,1969.74,2014.2,1965.09,2013.18,2013.18,74366326
2008-12-08,2040.47,2095.47,2033.98,2095.04,2095.04,107607131
2008-12-09,2104.12,2107.6,2038.07,2040.85,2040.85,92509814
2008-12-10,2028.51,2096.39,2014.28,2096.39,2096.39,83271062
2008-12-11,2087.43,2107.29,2043.62,2046.34,2046.34,73556236
2008-12-12,2027.07,2038.19,1936.28,1960.38,1960.38,67387266
2008-12-15,1991.55,2006.22,1941.05,1975.03,1975.03,50451096
2008-12-16,1956.99,1994.96,1919.87,1994.45,1994.45,47924878
2008-12-17,2002.03,2030.39,1995.65,2001.42,2001.42,58685150
2008-12-18,2001.05,2045.94,1982.43,2045.1,2045.1,58429224
2008-12-19,2037.37,2075.38,2033.11,2052.11,2052.11,63311227
2008-12-22,2050.77,2055.37,1993.33,2017.55,2017.55,52949464
2008-12-23,2019.23,2019.23,1918.43,1918.95,1918.95,63590464
2008-12-24,1893.22,1912.78,1872.65,1887.07,1887.07,44201831
2008-12-25,1891.53,1902.71,1848.71,1870.77,1870.77,39916834
2008-12-26,1868.34,1881.08,1850.5,1862.1,1862.1,34560888
2008-12-29,1852.41,1861.3,1816.06,1854.76,1854.76,35986873
2008-12-30,1852.95,1867.41,1824.53,1833.44,1833.44,37584627
2008-12-31,1835.1,1844.42,1813.73,1817.72,1817.72,35631355
2009-01-05,1848.33,1882.96,1837.84,1882.96,1882.96,48187020
2009-01-06,1880.67,1948.49,1873.01,1942.8,1942.8,70974097
2009-01-07,1942.67,1959.25,1930.87,1931.18,1931.18,59702167
2009-01-08,1894.66,1902.8,1873.65,1887.99,1887.99,53446490
2009-01-09,1886.49,1923.42,1886.49,1918.36,1918.36,47407216
2009-01-12,1911.74,1947.08,1905.62,1920.69,1920.69,54234156
2009-01-13,1892.66,1908.2,1874.97,1876.19,1876.19,49818137
2009-01-14,1873.63,1955.24,1873.63,1955.24,1955.24,59283231
2009-01-15,1935.39,1977.19,1930.3,1954.87,1954.87,78943648
2009-01-16,1965.44,2026.65,1965.44,1990.21,1990.21,96538633
2009-01-19,2010.58,2052.19,1993.95,2012.46,2012.46,81948177
2009-01-20,2006.53,2025.19,1986.06,2025.19,2025.19,53259262
2009-01-21,1993.67,2047.1,1988.24,2021.71,2021.71,64117428
2009-01-22,2034.29,2048.48,2012.74,2044.55,2044.55,58861947
2009-01-23,2039.52,2054.33,2025.19,2032.68,2032.68,57504109
2009-02-02,2052.44,2059.34,2029.72,2057.06,2057.06,51453906
2009-02-03,2056.79,2108.94,2049.89,2108.91,2108.91,87640302
2009-02-04,2118.56,2166.41,2117.02,2166.41,2166.41,100888428
2009-02-05,2164.55,2211.18,2135.67,2150.97,2150.97,115100122
2009-02-06,2158.08,2240.02,2158.08,2237.28,2237.28,106664904
2009-02-09,2271.59,2307.91,2257.49,2296.67,2296.67,129523670
2009-02-10,2288.07,2327.1,2263.53,2326.75,2326.75,116294548
2009-02-11,2287.23,2381.19,2275.57,2331.14,2331.14,147576637
2009-02-12,2335.4,2344.66,2248.48,2318.34,2318.34,119826218
2009-02-13,2321.56,2402.44,2307.09,2399.06,2399.06,140409910
2009-02-16,2421.19,2462.39,2397.18,2462.25,2462.25,152346669
2009-02-17,2460.57,2470.62,2384.79,2385.29,2385.29,141014991
2009-02-18,2331.66,2369.05,2272.5,2275.84,2275.84,115422062
2009-02-19,2295.65,2324.68,2259.59,2298.41,2298.41,90853928
2009-02-20,2300.81,2344.77,2276.3,2344.32,2344.32,86632069
2009-02-23,2333.81,2419.53,2307.92,2410.48,2410.48,109465403
2009-02-24,2376.7,2411.91,2294.52,2301.85,2301.85,127017555
2009-02-25,2325.04,2337.42,2226.44,2304.25,2304.25,107877528
2009-02-26,2295.43,2332.35,2167.15,2190.19,2190.19,102200385
2009-02-27,2164.54,2186.82,2117.06,2140.49,2140.49,87076415
2009-03-02,2123.37,2177.29,2112.34,2164.67,2164.67,62746181
2009-03-03,2109.84,2168.22,2100.64,2142.15,2142.15,66167314
2009-03-04,2150.24,2290.94,2150.24,2285.15,2285.15,110750033
2009-03-05,2314.08,2340.37,2259.8,2304.92,2304.92,131987347
2009-03-06,2260.76,2313.2,2255.82,2286.58,2286.58,85965450
2009-03-09,2302.01,2333.98,2198.54,2202.53,2202.53,86555948
2009-03-10,2175.31,2241.24,2168.32,2240.78,2240.78,56660449
2009-03-11,2288.05,2292.4,2212.88,2220.38,2220.38,70838676
2009-03-12,2208.04,2220.3,2156.6,2215.7,2215.7,55700111
2009-03-13,2229.25,2250.24,2200.97,2205.42,2205.42,54083094
2009-03-16,2197.25,2247.11,2180.05,2241.61,2241.61,48773854
2009-03-17,2244.11,2329.3,2239.67,2322.4,2322.4,92980528
2009-03-18,2335.42,2370.56,2328.86,2332.65,2332.65,101870071
2009-03-19,2337.52,2386.23,2331.26,2382.56,2382.56,97318766
2009-03-20,2389.89,2397.21,2343.27,2379.84,2379.84,109396738
2009-03-23,2384.67,2448.35,2375.52,2439.4,2439.4,116313049
2009-03-24,2477.57,2483.83,2440.53,2451.78,2451.78,111993525
2009-03-25,2435.63,2472.94,2401.05,2401.33,2401.33,95816660
2009-03-26,2407.76,2479.83,2379.95,2479.79,2479.79,113249452
2009-03-27,2501.0,2516.38,2481.69,2498.93,2498.93,135368546
2009-03-30,2501.31,2508.14,2471.37,2484.49,2484.49,94151665
2009-03-31,2436.78,2507.9,2423.57,2507.79,2507.79,95461752
2009-04-01,2519.89,2566.54,2519.89,2548.22,2548.22,126307625
2009-04-02,2558.77,2599.25,2558.26,2576.4,2576.4,135146806
2009-04-03,2597.92,2612.37,2555.61,2570.5,2570.5,123655216
2009-04-07,2570.62,2597.06,2543.65,2576.95,2576.95,86083257
2009-04-08,2563.72,2573.09,2479.35,2479.35,2479.35,99328094
2009-04-09,2477.42,2517.74,2457.42,2517.67,2517.67,74593703
2009-04-10,2540.11,2595.6,2530.62,2595.53,2595.53,104144408
2009-04-13,2621.98,2668.28,2619.37,2656.52,2656.52,139014541
2009-04-14,2651.2,2682.91,2637.38,2676.87,2676.87,110491304
2009-04-15,2662.73,2690.64,2627.81,2686.99,2686.99,120665292
2009-04-16,2690.51,2706.62,2643.32,2687.11,2687.11,123729613
2009-04-17,2675.67,2693.29,2628.62,2650.69,2650.69,101528808
2009-04-20,2643.73,2708.45,2640.99,2707.67,2707.67,95903694
2009-04-21,2670.28,2697.72,2634.53,2675.44,2675.44,108185252
2009-04-22,2687.86,2713.3,2563.36,2576.28,2576.28,124046413
2009-04-23,2555.53,2604.16,2543.91,2593.56,2593.56,80887942
2009-04-24,2605.7,2609.87,2570.38,2572.89,2572.89,73360969
2009-04-27,2566.92,2576.52,2499.44,2513.29,2513.29,72039390
2009-04-28,2490.53,2531.54,2485.8,2518.53,2518.53,59264983
2009-04-29,2518.85,2615.81,2514.14,2605.37,2605.37,81885006
2009-04-30,2616.49,2640.02,2604.45,2622.93,2622.93,85809348
2009-05-04,2635.13,2715.19,2632.3,2714.3,2714.3,102916565
2009-05-05,2733.11,2751.25,2713.23,2727.01,2727.01,102313722
2009-05-06,2721.82,2771.21,2713.54,2764.98,2764.98,105806650
2009-05-07,2783.58,2797.47,2731.8,2767.08,2767.08,122101161
2009-05-08,2751.5,2800.22,2733.33,2789.22,2789.22,106724988
2009-05-11,2808.14,2839.61,2725.27,2725.32,2725.32,125364452
2009-05-12,2702.74,2788.61,2699.95,2788.56,2788.56,88695942
2009-05-13,2792.42,2822.71,2775.57,2814.0,2814.0,107112856
2009-05-14,2781.05,2804.48,2757.54,2792.6,2792.6,82639329
2009-05-15,2800.57,2815.46,2773.32,2796.12,2796.12,64931431
2009-05-18,2782.58,2813.76,2740.92,2810.57,2810.57,74835786
2009-05-19,2836.34,2849.63,2821.95,2840.08,2840.08,97703617
2009-05-20,2843.54,2849.64,2812.6,2812.86,2812.86,87939215
2009-05-21,2795.83,2808.29,2735.77,2750.01,2750.01,85535394
2009-05-22,2733.02,2762.74,2719.12,2740.68,2740.68,61499012
2009-05-25,2684.21,2761.39,2675.28,2752.72,2752.72,74091671
2009-05-26,2757.31,2762.81,2718.55,2719.76,2719.76,72316012
2009-05-27,2734.42,2768.57,2715.82,2759.71,2759.71,67976645
2009-06-01,2798.93,2864.47,2798.93,2858.34,2858.34,108564883
2009-06-02,2878.53,2892.78,2855.06,2865.1,2865.1,108338397
2009-06-03,2865.73,2939.39,2864.71,2939.39,2939.39,112073310
2009-06-04,2924.27,2961.04,2899.67,2953.75,2953.75,130127710
2009-06-05,2966.06,2975.18,2937.18,2939.31,2939.31,108476324
2009-06-08,2937.64,2978.23,2912.49,2948.48,2948.48,96116366
2009-06-09,2948.95,2960.9,2892.72,2960.56,2960.56,91989886
2009-06-10,2972.42,2995.7,2966.58,2989.59,2989.59,101790039
2009-06-11,2982.97,3000.86,2951.27,2961.63,2961.63,87115997
2009-06-12,2955.57,2976.86,2883.32,2906.29,2906.29,80067067
2009-06-15,2911.42,2967.1,2898.07,2966.19,2966.19,74352090
2009-06-16,2936.51,2979.41,2929.04,2961.22,2961.22,70179242
2009-06-17,2957.58,3017.41,2930.49,3010.59,3010.59,77293118
2009-06-18,3014.44,3061.75,3014.44,3057.43,3057.43,96281316
2009-06-19,3061.9,3086.72,3047.27,3080.0,3080.0,102518069
2009-06-22,3106.39,3116.16,3072.53,3082.56,3082.56,103952583
2009-06-23,3036.4,3128.53,3028.45,3083.9,3083.9,111506734
2009-06-24,3079.5,3121.21,3068.24,3120.73,3120.73,109424313
2009-06-25,3125.66,3141.17,3103.87,3117.92,3117.92,82806887
2009-06-26,3126.23,3137.08,3109.32,3128.42,3128.42,70500908
2009-06-29,3132.11,3182.42,3122.16,3179.97,3179.97,84997075
2009-06-30,3191.64,3195.72,3159.63,3166.47,3166.47,86782347
2009-07-01,3153.54,3238.79,3150.65,3237.9,3237.9,96950565
2009-07-02,3248.2,3285.09,3247.57,3282.36,3282.36,112989294
2009-07-03,3254.93,3327.67,3249.11,3327.14,3327.14,105732592
2009-07-06,3333.1,3378.05,3333.1,3374.75,3374.75,135264049
2009-07-07,3368.33,3393.22,3327.35,3340.49,3340.49,129600799
2009-07-08,3306.43,3368.07,3261.32,3352.27,3352.27,113867592
2009-07-09,3348.22,3396.48,3334.68,3396.3,3396.3,113081523
2009-07-10,3398.91,3428.03,3375.97,3398.31,3398.31,106174912
2009-07-13,3382.57,3403.74,3358.52,3361.01,3361.01,99619651
2009-07-14,3375.87,3454.75,3375.87,3454.75,3454.75,107520425
2009-07-15,3467.13,3497.51,3467.13,3493.3,3493.3,133483002
2009-07-16,3516.78,3543.02,3489.56,3501.24,3501.24,129313329
2009-07-17,3499.51,3527.47,3482.87,3519.81,3519.81,106549704
2009-07-20,3532.52,3594.87,3515.53,3591.12,3591.12,136468539
2009-07-21,3603.4,3610.33,3533.16,3539.83,3539.83,130600961
2009-07-22,3532.63,3607.37,3532.38,3606.92,3606.92,115238546
2009-07-23,3613.6,3653.84,3596.36,3651.97,3651.97,116381609
2009-07-24,3672.21,3687.49,3591.88,3667.56,3667.56,127979352
2009-07-27,3680.15,3744.24,3669.51,3743.63,3743.63,138808040
2009-07-28,3745.55,3756.78,3705.04,3755.82,3755.82,146267885
2009-07-29,3741.78,3765.59,3453.64,3558.51,3558.51,167406126
2009-07-30,3587.05,3656.92,3511.29,3634.82,3634.82,134968879
2009-07-31,3670.19,3735.8,3635.55,3734.62,3734.62,132239834
2009-08-03,3754.22,3789.94,3716.57,3787.03,3787.03,136415899
2009-08-04,3803.06,3803.06,3712.43,3786.61,3786.61,141035739
2009-08-05,3781.4,3789.13,3691.98,3740.94,3740.94,133444453
2009-08-06,3707.91,3739.58,3602.57,3663.12,3663.12,118101525
2009-08-07,3655.46,3686.54,3539.7,3555.09,3555.09,100575751
2009-08-10,3589.72,3613.46,3485.36,3544.54,3544.54,84870681
2009-08-11,3558.65,3569.15,3509.72,3556.38,3556.38,64497197
2009-08-12,3546.5,3546.5,3390.36,3397.4,3397.4,92535386
2009-08-13,3398.89,3448.86,3338.85,3440.82,3440.82,87081800
2009-08-14,3437.95,3454.95,3334.73,3344.46,3344.46,88248627
2009-08-17,3283.44,3319.8,3137.48,3140.27,3140.27,91723902
2009-08-18,3110.71,3186.81,3083.2,3171.99,3171.99,77343035
2009-08-19,3178.28,3183.01,2982.22,3014.57,3014.57,81604020
2009-08-20,3021.25,3146.57,3021.25,3144.39,3144.39,79519216
2009-08-21,3135.37,3221.17,3113.7,3203.62,3203.62,86616805
2009-08-24,3222.4,3241.52,3178.86,3229.6,3229.6,80414068
2009-08-25,3210.85,3210.85,3019.12,3109.83,3109.83,97530139
2009-08-26,3082.68,3203.79,3065.46,3172.39,3172.39,82036404
2009-08-27,3149.57,3212.27,3116.89,3156.3,3156.3,80125201
2009-08-28,3152.04,3168.19,3030.73,3046.78,3046.78,84017946
2009-08-31,3003.54,3003.54,2825.77,2830.27,2830.27,84517311
2009-09-01,2804.58,2901.28,2795.49,2843.7,2843.7,70535306
2009-09-02,2824.64,2904.79,2813.62,2890.93,2890.93,60843386
2009-09-03,2898.45,3059.99,2892.65,3051.96,3051.96,93157447
2009-09-04,3055.35,3099.39,3038.99,3077.14,3077.14,86984715
2009-09-07,3097.79,3153.23,3078.13,3104.21,3104.21,82790740
2009-09-08,3084.2,3170.97,3047.3,3170.97,3170.97,83965634
2009-09-09,3188.31,3207.39,3143.74,3194.91,3194.91,91191155
2009-09-10,3179.19,3204.12,3150.17,3162.91,3162.91,66566007
2009-09-11,3152.81,3253.45,3152.69,3238.13,3238.13,80689660
2009-09-14,3248.35,3298.91,3240.53,3293.39,3293.39,87393883
2009-09-15,3298.81,3325.74,3264.95,3302.64,3302.64,87092177
2009-09-16,3290.39,3296.94,3212.45,3258.24,3258.24,88244481
2009-09-17,3274.58,3329.12,3274.58,3320.1,3320.1,91333404
2009-09-18,3325.06,3330.43,3170.96,3199.69,3199.69,100488404
2009-09-21,3163.51,3210.64,3090.61,3208.6,3208.6,72801974
2009-09-22,3196.01,3237.22,3131.02,3131.03,3131.03,73425101
2009-09-23,3130.14,3159.17,3041.42,3060.07,3060.07,66013716
2009-09-24,3041.82,3122.05,2989.24,3080.93,3080.93,65152102
2009-09-25,3057.11,3090.07,3028.41,3058.53,3058.53,45820492
2009-09-28,3066.37,3088.08,2959.74,2972.64,2972.64,41918352
2009-09-29,2975.53,2998.55,2923.93,2972.29,2972.29,45932352
2009-09-30,2992.98,3033.74,2988.29,3004.8,3004.8,42184524
2009-10-09,3078.75,3164.03,3071.27,3163.71,3163.71,56871040
2009-10-12,3181.58,3193.59,3151.26,3151.63,3151.63,58961960
2009-10-13,3144.02,3199.92,3140.5,3198.52,3198.52,50713704
2009-10-14,3209.06,3276.55,3204.31,3227.4,3227.4,80978120
2009-10-15,3258.55,3287.63,3227.09,3239.64,3239.64,60562010
2009-10-16,3250.1,3268.43,3188.43,3241.71,3241.71,55636255
2009-10-19,3238.85,3330.79,3231.81,3329.16,3329.16,77683143
2009-10-20,3355.36,3379.63,3343.02,3377.57,3377.57,89426278
2009-10-21,3375.03,3414.66,3358.55,3369.28,3369.28,83488940
2009-10-22,3364.15,3381.15,3341.42,3347.32,3347.32,60936583
2009-10-23,3354.98,3436.39,3354.98,3413.25,3413.25,86725429
2009-10-26,3421.7,3432.9,3385.44,3414.24,3414.24,68442524
2009-10-27,3384.29,3392.1,3314.32,3314.72,3314.72,74209551
2009-10-28,3303.77,3337.17,3258.27,3329.33,3329.33,62594849
2009-10-29,3265.19,3291.18,3239.0,3247.05,3247.05,61305354
2009-10-30,3305.38,3329.54,3276.32,3280.37,3280.37,60647062
2009-11-02,3205.83,3394.72,3198.31,3392.8,3392.8,81981158
2009-11-03,3402.53,3447.48,3397.25,3435.43,3435.43,83791098
2009-11-04,3443.52,3476.34,3415.22,3453.89,3453.89,86065273
2009-11-05,3458.86,3471.83,3432.26,3464.32,3464.32,80647784
2009-11-06,3491.07,3506.03,3474.36,3483.02,3483.02,92190315
2009-11-09,3487.11,3495.89,3452.61,3495.79,3495.79,78050904
2009-11-10,3520.4,3532.19,3501.5,3503.78,3503.78,84300987
2009-11-11,3500.59,3514.83,3468.86,3495.67,3495.67,72626321
2009-11-12,3506.95,3529.06,3487.68,3499.99,3499.99,79962661
2009-11-13,3489.54,3518.89,3445.36,3518.72,3518.72,91210171
2009-11-16,3541.05,3625.89,3541.05,3625.8,3625.8,123157323
2009-11-17,3644.96,3649.42,3619.99,3628.35,3628.35,97391368
2009-11-18,3633.85,3652.81,3612.79,3630.23,3630.23,89226283
2009-11-19,3638.07,3653.9,3604.61,3642.44,3642.44,94940095
2009-11-20,3630.58,3658.21,3597.31,3631.01,3631.01,94750751
2009-11-23,3636.53,3666.27,3628.2,3665.51,3665.51,93990941
2009-11-24,3680.75,3698.13,3538.86,3548.08,3548.08,147566822
2009-11-25,3541.51,3630.3,3508.06,3629.63,3629.63,114602329
2009-11-26,3635.79,3646.61,3472.95,3485.77,3485.77,127882379
2009-11-27,3440.34,3480.93,3367.29,3382.51,3382.51,89294688
2009-11-30,3415.08,3511.76,3415.08,3511.67,3511.67,84415341
2009-12-01,3507.56,3566.78,3485.52,3560.83,3560.83,101518639
2009-12-02,3578.87,3607.56,3570.29,3597.33,3597.33,98052033
2009-12-03,3596.95,3603.12,3551.48,3590.88,3590.88,89978572
2009-12-04,3581.63,3646.26,3530.06,3643.49,3643.49,134130901
2009-12-07,3644.62,3672.8,3633.45,3668.83,3668.83,91225546
2009-12-08,3670.81,3671.04,3590.94,3624.02,3624.02,82940864
2009-12-09,3579.28,3603.7,3543.42,3554.48,3554.48,68521507
2009-12-10,3579.83,3601.29,3544.9,3577.24,3577.24,57563738
2009-12-11,3589.41,3614.95,3568.51,3575.02,3575.02,54550912
2009-12-14,3572.53,3623.27,3495.64,3612.75,3612.75,83785021
2009-12-15,3594.51,3620.32,3578.28,3583.34,3583.34,69186493
2009-12-16,3568.28,3610.69,3550.67,3560.72,3560.72,56963912
2009-12-17,3571.05,3582.44,3475.84,3480.15,3480.15,63286201
2009-12-18,3450.04,3453.35,3385.68,3391.74,3391.74,66111015
2009-12-21,3386.33,3404.64,3354.65,3396.62,3396.62,48329805
2009-12-22,3402.23,3404.75,3296.76,3305.54,3305.54,53942685
2009-12-23,3303.73,3342.99,3296.29,3336.48,3336.48,48064504
2009-12-24,3346.76,3445.7,3339.3,3438.82,3438.82,64377823
2009-12-25,3434.33,3441.96,3410.67,3424.78,3424.78,46914576
2009-12-28,3432.82,3489.57,3432.82,3478.43,3478.43,55375390
2009-12-29,3481.9,3501.25,3451.18,3500.74,3500.74,55535765
2009-12-30,3503.82,3561.44,3498.38,3558.86,3558.86,88429370
2009-12-31,3561.37,3579.52,3542.38,3575.68,3575.68,69241890
2010-01-04,3592.47,3597.75,3535.23,3535.23,3535.23,66101080
2010-01-05,3545.19,3577.53,3497.66,3564.04,3564.04,85809641
2010-01-06,3558.7,3588.83,3541.17,3541.73,3541.73,78473125
2010-01-07,3543.16,3558.56,3452.77,3471.46,3471.46,80350037
2010-01-08,3456.91,3482.08,3426.7,3480.13,3480.13,60790253
2010-01-11,3593.11,3594.53,3465.32,3482.05,3482.05,89980172
2010-01-12,3477.84,3535.41,3437.66,3534.92,3534.92,93743278
2010-01-13,3448.29,3490.11,3415.69,3421.14,3421.14,112457901
2010-01-14,3433.47,3470.32,3411.81,3469.05,3469.05,83353252
2010-01-15,3472.52,3500.07,3448.66,3482.74,3482.74,72543102
2010-01-18,3471.78,3501.26,3458.04,3500.68,3500.68,82854307
2010-01-19,3506.81,3528.39,3497.09,3507.48,3507.48,74883232
2010-01-20,3512.25,3515.45,3387.82,3394.43,3394.43,92495146
2010-01-21,3397.04,3425.18,3364.72,3408.57,3408.57,70595068
2010-01-22,3364.45,3390.8,3293.19,3366.2,3366.2,88933404
2010-01-25,3340.01,3372.43,3326.27,3328.01,3328.01,56849171
2010-01-26,3328.11,3341.2,3222.14,3242.8,3242.8,61752231
2010-01-27,3243.04,3255.12,3183.36,3198.57,3198.57,52691394
2010-01-28,3195.29,3220.31,3168.46,3206.57,3206.57,46990716
2010-01-29,3190.31,3249.46,3176.92,3204.16,3204.16,50262613
2010-02-01,3198.23,3198.31,3116.44,3152.71,3152.71,57001380
2010-02-02,3170.78,3211.94,3143.08,3146.19,3146.19,50130033
2010-02-03,3160.71,3231.1,3094.57,3230.72,3230.72,64798894
2010-02-04,3206.43,3242.52,3190.44,3218.8,3218.8,58972726
2010-02-05,3147.72,3177.42,3129.92,3153.09,3153.09,59105845
2010-02-08,3152.25,3172.31,3133.81,3150.99,3150.99,37355951
2010-02-09,3147.76,3178.95,3144.48,3169.19,3169.19,35953158
2010-02-10,3195.14,3214.46,3182.83,3214.13,3214.13,34219894
2010-02-11,3216.69,3238.35,3207.17,3220.4,3220.4,35791052
2010-02-12,3232.88,3253.2,3228.74,3251.28,3251.28,34058238
2010-02-22,3248.95,3261.95,3232.78,3233.34,3233.34,38283772
2010-02-23,3225.39,3225.39,3152.93,3198.63,3198.63,42742898
2010-02-24,3177.08,3244.82,3165.13,3244.48,3244.48,49989437
2010-02-25,3252.15,3294.14,3249.33,3292.13,3292.13,67586617
2010-02-26,3286.09,3301.15,3273.69,3281.67,3281.67,52107288
2010-03-01,3290.01,3330.38,3287.56,3324.42,3324.42,60504520
2010-03-02,3327.1,3339.89,3299.69,3311.24,3311.24,57034374
2010-03-03,3313.02,3335.65,3293.92,3335.08,3335.08,60622732
2010-03-04,3338.67,3345.91,3244.98,3250.57,3250.57,69346810
2010-03-05,3253.16,3276.4,3239.68,3259.76,3259.76,45629138
2010-03-08,3268.4,3293.93,3258.03,3286.18,3286.18,41540876
2010-03-09,3285.62,3322.51,3255.98,3305.86,3305.86,54199486
2010-03-10,3304.04,3321.08,3267.76,3279.69,3279.69,46421079
2010-03-11,3282.2,3303.49,3251.7,3276.71,3276.71,47487754
2010-03-12,3277.31,3284.26,3232.12,3233.13,3233.13,39957344
2010-03-15,3231.22,3234.82,3171.8,3183.18,3183.18,37844304
2010-03-16,3183.77,3204.29,3169.1,3203.97,3203.97,30847780
2010-03-17,3214.22,3274.0,3207.27,3273.92,3273.92,45800934
2010-03-18,3277.88,3295.37,3256.59,3267.55,3267.55,46948013
2010-03-19,3270.98,3296.41,3251.14,3293.87,3293.87,46062187
2010-03-22,3297.82,3313.92,3288.51,3302.63,3302.63,49439462
2010-03-23,3305.55,3309.12,3272.92,3275.57,3275.57,46539536
2010-03-24,3282.05,3298.54,3271.03,3276.67,3276.67,44547966
2010-03-25,3270.39,3270.39,3222.82,3229.13,3229.13,44984285
2010-03-26,3226.8,3285.39,3220.59,3275.0,3275.0,47444965
2010-03-29,3295.76,3363.6,3293.67,3358.54,3358.54,84724910
2010-03-30,3361.35,3372.26,3350.31,3366.71,3366.71,56436980
2010-03-31,3369.19,3369.9,3338.75,3345.61,3345.61,53124287
2010-04-01,3349.88,3392.48,3349.88,3391.94,3391.94,67772669
2010-04-02,3400.14,3412.2,3391.81,3407.35,3407.35,69073452
2010-04-06,3422.85,3436.29,3386.89,3405.15,3405.15,65191710
2010-04-07,3403.09,3404.58,3369.02,3386.95,3386.95,54011228
2010-04-08,3381.31,3381.31,3336.16,3346.74,3346.74,62185322
2010-04-09,3348.77,3379.4,3342.47,3379.17,3379.17,51280567
2010-04-12,3388.35,3393.56,3330.3,3351.48,3351.48,74565150
2010-04-13,3350.73,3401.71,3324.05,3391.72,3391.72,79907695
2010-04-14,3394.64,3404.52,3377.44,3403.71,3403.71,60306131
2010-04-15,3407.02,3412.94,3365.88,3394.57,3394.57,61051685
2010-04-16,3388.29,3388.29,3348.78,3356.33,3356.33,47140368
2010-04-19,3313.5,3313.5,3175.44,3176.42,3176.42,88416300
2010-04-20,3176.41,3196.65,3130.96,3173.37,3173.37,64137859
2010-04-21,3178.88,3237.54,3164.76,3236.68,3236.68,66928331
2010-04-22,3222.68,3231.99,3177.73,3201.54,3201.54,71081688
2010-04-23,3198.78,3224.74,3172.58,3190.0,3190.0,61252679
2010-04-26,3195.46,3207.72,3168.37,3172.0,3172.0,50894199
2010-04-27,3163.1,3163.1,3060.85,3108.41,3108.41,65296574
2010-04-28,3080.32,3122.11,3062.08,3097.35,3097.35,45995406
2010-04-29,3114.94,3130.7,3059.8,3060.06,3060.06,48260971
2010-04-30,3060.12,3068.13,3014.07,3067.36,3067.36,54477881
2010-05-04,3005.49,3056.08,2994.92,3019.45,3019.45,41248610
2010-05-05,2981.78,3036.86,2943.36,3036.39,3036.39,59670441
2010-05-06,3014.91,3014.91,2895.39,2896.86,2896.86,58770413
2010-05-07,2835.88,2892.53,2817.15,2836.79,2836.79,61119399
2010-05-10,2842.37,2872.31,2798.52,2858.23,2858.23,50209173
2010-05-11,2916.33,2922.12,2790.7,2800.82,2800.82,58363490
2010-05-12,2781.71,2832.15,2756.42,2818.16,2818.16,53002271
2010-05-13,2818.58,2886.97,2811.66,2886.91,2886.91,55145778
2010-05-14,2865.58,2888.09,2849.24,2868.02,2868.02,42498719
2010-05-17,2828.88,2828.88,2712.44,2714.72,2714.72,52166847
2010-05-18,2711.41,2781.84,2686.97,2771.35,2771.35,54509671
2010-05-19,2748.95,2803.7,2723.3,2762.17,2762.17,45576221
2010-05-20,2739.22,2793.88,2721.07,2726.02,2726.02,42174803
2010-05-21,2656.42,2769.09,2647.6,2768.79,2768.79,54475383
2010-05-24,2787.75,2886.37,2787.75,2873.47,2873.47,74502338
2010-05-25,2851.26,2855.33,2798.02,2813.94,2813.94,55168327
2010-05-26,2814.44,2839.03,2797.63,2813.94,2813.94,39858564
2010-05-27,2808.05,2866.86,2771.59,2859.98,2859.98,53445209
2010-05-28,2885.86,2893.69,2835.07,2850.3,2850.3,51534989
2010-05-31,2835.33,2857.42,2772.79,2773.26,2773.26,46216854
2010-06-01,2755.28,2782.29,2710.59,2744.16,2744.16,44851426
2010-06-02,2729.33,2757.91,2700.07,2757.53,2757.53,39587020
2010-06-03,2769.1,2787.51,2735.7,2736.08,2736.08,39587258
2010-06-04,2721.36,2748.48,2713.09,2744.39,2744.39,32746291
2010-06-07,2692.83,2716.4,2673.34,2695.72,2695.72,39541993
2010-06-08,2694.11,2720.59,2672.06,2699.34,2699.34,35140182
2010-06-09,2711.64,2787.82,2687.33,2782.13,2782.13,60209533
2010-06-10,2755.94,2776.26,2746.11,2750.02,2750.02,42906334
2010-06-11,2766.2,2782.09,2755.95,2758.87,2758.87,40558585
2010-06-17,2778.53,2784.92,2742.64,2742.73,2742.73,32612356
2010-06-18,2739.03,2755.84,2686.61,2696.17,2696.17,41808344
2010-06-21,2698.98,2784.47,2686.32,2780.66,2780.66,55261482
2010-06-22,2772.89,2795.32,2766.44,2783.72,2783.72,39096052
2010-06-23,2768.7,2788.22,2734.05,2758.5,2758.5,35600350
2010-06-24,2753.71,2783.51,2739.81,2757.5,2757.5,29220682
2010-06-25,2744.12,2759.45,2715.66,2736.29,2736.29,30671782
2010-06-28,2734.51,2751.46,2710.09,2716.78,2716.78,27710044
2010-06-29,2717.47,2724.23,2591.69,2592.02,2592.02,48758552
2010-06-30,2572.91,2575.82,2546.84,2563.07,2563.07,35698794
2010-07-01,2557.92,2574.1,2524.57,2526.07,2526.07,32857646
2010-07-02,2523.03,2542.12,2462.2,2534.1,2534.1,44914100
2010-07-05,2507.35,2529.43,2476.49,2512.65,2512.65,32178574
2010-07-06,2504.87,2563.41,2502.93,2562.9,2562.9,39714762
2010-07-07,2561.11,2580.61,2548.56,2580.48,2580.48,35720909
2010-07-08,2591.51,2602.23,2564.64,2575.92,2575.92,34056966
2010-07-09,2578.55,2662.16,2557.26,2647.1,2647.1,58493045
2010-07-12,2647.42,2689.81,2636.65,2676.22,2676.22,58462491
2010-07-13,2649.66,2649.66,2618.34,2634.59,2634.59,43228506
2010-07-14,2640.93,2684.62,2640.54,2653.61,2653.61,46688860
2010-07-15,2650.33,2680.44,2607.79,2608.52,2608.52,40440459
2010-07-16,2597.0,2621.33,2573.79,2616.13,2616.13,35063302
2010-07-19,2592.09,2691.94,2585.01,2682.47,2682.47,53868070
2010-07-20,2685.46,2746.24,2685.46,2741.5,2741.5,73128345
2010-07-21,2744.7,2766.21,2733.72,2747.33,2747.33,70757092
2010-07-22,2738.03,2783.14,2734.07,2781.29,2781.29,61064806
2010-07-23,2787.52,2806.98,2769.44,2793.08,2793.08,64518565
2010-07-26,2798.76,2811.95,2775.78,2811.05,2811.05,53580026
2010-07-27,2803.75,2812.21,2785.37,2795.72,2795.72,49799884
2010-07-28,2796.48,2866.4,2784.16,2863.72,2863.72,79985954
2010-07-29,2866.77,2888.6,2852.0,2877.98,2877.98,95965409
2010-07-30,2871.48,2876.14,2844.68,2868.85,2868.85,62575591
2010-08-02,2868.28,2922.61,2867.45,2917.27,2917.27,71743300
2010-08-03,2925.25,2929.61,2865.76,2865.97,2865.97,81748364
2010-08-04,2858.35,2876.59,2818.25,2876.43,2876.43,71318039
2010-08-05,2874.66,2877.31,2833.67,2850.83,2850.83,67157581
2010-08-06,2848.16,2898.53,2821.03,2897.66,2897.66,74914895
2010-08-09,2894.1,2922.62,2888.04,2918.24,2918.24,74726391
2010-08-10,2920.4,2925.3,2832.08,2832.64,2832.64,78435034
2010-08-11,2823.15,2864.36,2823.15,2850.21,2850.21,54979133
2010-08-12,2822.79,2860.37,2810.1,2816.39,2816.39,59893227
2010-08-13,2818.41,2856.04,2799.22,2855.55,2855.55,58507721
2010-08-16,2851.22,2927.69,2843.02,2922.08,2922.08,81068043
2010-08-17,2927.26,2949.73,2917.83,2942.29,2942.29,76452912
2010-08-18,2945.98,2962.75,2924.67,2937.36,2937.36,70747600
2010-08-19,2940.77,2975.19,2928.01,2955.4,2955.4,76924865
2010-08-20,2943.33,2951.96,2892.64,2898.33,2898.33,71663306
2010-08-23,2895.71,2920.54,2886.66,2896.19,2896.19,48915517
2010-08-24,2892.13,2933.12,2866.8,2911.83,2911.83,61093796
2010-08-25,2893.99,2904.66,2842.25,2843.02,2843.02,63610621
2010-08-26,2853.1,2868.88,2836.13,2850.09,2850.09,48670442
2010-08-27,2847.45,2861.07,2833.42,2858.57,2858.57,40789582
2010-08-30,2874.25,2921.08,2872.92,2915.01,2915.01,65749882
2010-08-31,2905.15,2910.06,2889.81,2903.19,2903.19,65766104
2010-09-01,2907.66,2931.76,2859.17,2884.04,2884.04,76975578
2010-09-02,2917.74,2931.55,2903.03,2921.39,2921.39,70700851
2010-09-03,2926.94,2929.55,2891.88,2920.21,2920.21,72641027
2010-09-06,2935.89,2980.42,2935.89,2975.09,2975.09,93855681
2010-09-07,2979.3,2991.44,2959.9,2983.11,2983.11,73519361
2010-09-08,2970.0,2982.72,2953.84,2980.97,2980.97,72872002
2010-09-09,2986.87,2986.87,2922.2,2926.46,2926.46,81395554
2010-09-10,2928.0,2940.79,2890.03,2932.55,2932.55,65086704
2010-09-13,2933.59,2977.08,2925.42,2962.32,2962.32,67279900
2010-09-14,2971.55,2984.47,2954.51,2965.01,2965.01,70105903
2010-09-15,2965.54,2965.54,2905.63,2913.19,2913.19,71619642
2010-09-16,2908.32,2917.85,2834.03,2857.79,2857.79,74074284
2010-09-17,2864.72,2877.08,2847.68,2861.37,2861.37,51938867
2010-09-20,2865.04,2872.22,2829.76,2849.83,2849.83,50283104
2010-09-21,2859.43,2869.38,2844.12,2857.48,2857.48,35751881
2010-09-27,2869.93,2905.53,2864.21,2905.03,2905.03,49071823
2010-09-28,2900.54,2900.54,2875.66,2880.91,2880.91,58660826
2010-09-29,2877.27,2908.73,2866.85,2874.81,2874.81,56782236
2010-09-30,2859.06,2935.59,2857.42,2935.57,2935.57,63000247
2010-10-08,2965.65,3055.84,2963.24,3044.23,3044.23,99994720
2010-10-11,3069.19,3154.2,3069.19,3132.9,3132.9,158734904
2010-10-12,3121.64,3173.85,3106.22,3172.73,3172.73,127361705
2010-10-13,3176.89,3221.65,3165.58,3217.58,3217.58,144607773
2010-10-14,3245.13,3286.02,3215.03,3224.14,3224.14,179611838
2010-10-15,3204.72,3327.68,3199.12,3327.68,3327.68,193414140
2010-10-18,3345.8,3390.01,3288.78,3306.16,3306.16,217882051
2010-10-19,3300.52,3375.87,3280.0,3375.67,3375.67,130441791
2010-10-20,3304.22,3439.23,3301.01,3396.88,3396.88,166528460
2010-10-21,3404.72,3418.09,3344.96,3374.69,3374.69,123883245
2010-10-22,3365.6,3408.49,3346.11,3378.66,3378.66,116361857
2010-10-25,3386.85,3481.35,3366.43,3481.08,3481.08,145433105
2010-10-26,3491.47,3499.82,3436.46,3466.08,3466.08,142636999
2010-10-27,3451.43,3490.22,3398.09,3403.87,3403.87,123761570
2010-10-28,3390.43,3420.89,3371.44,3397.69,3397.69,98349456
2010-10-29,3400.26,3404.6,3351.6,3379.98,3379.98,100458970
2010-11-01,3390.41,3473.0,3390.41,3473.0,3473.0,126269148
2010-11-02,3484.23,3522.18,3449.72,3463.13,3463.13,154911450
2010-11-03,3462.74,3474.71,3419.08,3420.34,3420.34,126359303
2010-11-04,3426.46,3480.93,3419.64,3480.5,3480.5,116799481
2010-11-05,3538.99,3554.47,3498.28,3520.8,3520.8,137688027
2010-11-08,3534.19,3549.3,3506.38,3548.57,3548.57,126470759
2010-11-09,3547.44,3547.44,3498.62,3523.95,3523.95,122454533
2010-11-10,3507.2,3508.27,3470.97,3499.11,3499.11,120078578
2010-11-11,3490.74,3557.99,3484.89,3509.98,3509.98,138976233
2010-11-12,3484.61,3497.06,3284.35,3291.83,3291.83,160733850
2010-11-15,3298.74,3319.98,3241.76,3314.89,3314.89,102315724
2010-11-16,3311.62,3311.62,3155.48,3169.54,3169.54,108307072
2010-11-17,3124.11,3168.93,3087.51,3103.91,3103.91,83258080
2010-11-18,3134.94,3158.63,3097.39,3147.96,3147.96,65697292
2010-11-19,3168.17,3178.85,3076.21,3178.85,3178.85,83347654
2010-11-22,3148.22,3200.47,3137.75,3171.94,3171.94,83212776
2010-11-23,3156.48,3156.48,3061.62,3107.18,3107.18,77399591
2010-11-24,3088.99,3177.41,3088.99,3177.04,3177.04,75332083
2010-11-25,3197.97,3227.05,3172.28,3223.48,3223.48,83442094
2010-11-26,3214.13,3224.52,3170.36,3194.85,3194.85,64467824
2010-11-29,3183.54,3206.76,3159.46,3190.05,3190.05,58994892
2010-11-30,3187.53,3205.78,3060.44,3136.99,3136.99,85762355
2010-12-01,3127.26,3150.44,3111.65,3136.02,3136.02,48882668
2010-12-02,3185.76,3194.23,3154.32,3155.06,3155.06,61023908
2010-12-03,3161.93,3171.38,3134.42,3158.16,3158.16,50475354
2010-12-06,3168.88,3185.33,3140.55,3165.57,3165.57,56362630
2010-12-07,3152.73,3214.69,3112.22,3200.34,3200.34,58483653
2010-12-08,3194.9,3215.28,3166.77,3171.88,3171.88,59515663
2010-12-09,3156.0,3175.05,3122.2,3123.37,3123.37,66152965
2010-12-10,3107.38,3172.16,3101.08,3161.98,3161.98,57108105
2010-12-13,3176.33,3261.34,3173.56,3261.06,3261.06,95713739
2010-12-14,3270.2,3279.36,3254.18,3269.47,3269.47,84104241
2010-12-15,3270.78,3282.77,3242.52,3247.64,3247.64,72269785
2010-12-16,3246.01,3258.39,3224.12,3230.67,3230.67,56799625
2010-12-17,3229.3,3232.84,3212.58,3225.66,3225.66,44919147
2010-12-20,3239.02,3249.76,3118.0,3178.66,3178.66,74759693
2010-12-21,3184.7,3251.55,3168.89,3249.51,3249.51,79852420
2010-12-22,3253.82,3263.45,3201.67,3215.45,3215.45,69936258
2010-12-23,3210.67,3237.64,3183.15,3188.61,3188.61,61315847
2010-12-24,3170.64,3187.72,3139.45,3162.96,3162.96,55137767
2010-12-27,3176.11,3219.66,3092.26,3099.71,3099.71,70017107
2010-12-28,3084.82,3095.36,3041.33,3044.93,3044.93,56325749
2010-12-29,3049.93,3062.56,3025.22,3061.83,3061.83,45192775
2010-12-30,3063.05,3079.91,3027.9,3064.1,3064.1,54281429
2010-12-31,3069.05,3129.45,3067.11,3128.26,3128.26,62566078
2011-01-04,3155.56,3194.36,3143.6,3189.68,3189.68,85410440
2011-01-05,3170.18,3193.78,3158.87,3175.66,3175.66,79268810
2011-01-06,3177.83,3198.05,3152.57,3159.64,3159.64,59681092
2011-01-07,3156.36,3209.9,3141.12,3166.62,3166.62,84093233
2011-01-10,3162.08,3182.78,3102.43,3108.19,3108.19,65494406
2011-01-11,3096.25,3131.29,3084.51,3124.92,3124.92,56985917
2011-01-12,3135.18,3153.43,3099.41,3142.34,3142.34,58498518
2011-01-13,3153.99,3157.04,3127.16,3141.28,3141.28,51936988
2011-01-14,3129.67,3129.67,3083.51,3091.86,3091.86,53351439
2011-01-17,3067.43,3078.88,2968.61,2974.35,2974.35,66807562
2011-01-18,2965.42,2984.47,2947.6,2977.65,2977.65,42964564
2011-01-19,2978.46,3045.6,2967.24,3044.85,3044.85,56571942
2011-01-20,3037.86,3037.86,2944.5,2944.71,2944.71,61046643
2011-01-21,2935.23,3030.26,2935.14,2983.46,2983.46,73102966
2011-01-24,2986.09,2999.2,2943.92,2954.23,2954.23,65472545
2011-01-25,2949.65,2960.59,2919.16,2938.65,2938.65,48982689
2011-01-26,2939.77,2982.32,2939.36,2978.43,2978.43,43374979
2011-01-27,2953.59,3037.16,2935.27,3026.47,3026.47,82585919
2011-01-28,3020.12,3047.27,3011.38,3036.74,3036.74,63013589
2011-01-31,3035.42,3076.55,3032.45,3076.51,3076.51,67105914
2011-02-01,3083.49,3087.23,3062.83,3077.28,3077.28,49862530
2011-02-09,3055.4,3087.55,3031.75,3040.95,3040.95,60394145
2011-02-10,3034.08,3105.32,3024.35,3104.16,3104.16,66603662
2011-02-11,3100.27,3133.5,3092.58,3120.96,3120.96,75975553
2011-02-14,3123.25,3227.43,3123.25,3219.14,3219.14,121302331
2011-02-15,3223.22,3259.64,3215.62,3217.67,3217.67,109554438
2011-02-16,3211.14,3248.85,3195.47,3248.53,3248.53,91334283
2011-02-17,3255.63,3265.26,3218.91,3245.91,3245.91,88964695
2011-02-18,3240.05,3242.37,3203.12,3211.88,3211.88,75378684
2011-02-21,3192.15,3258.28,3189.85,3257.91,3257.91,79399776
2011-02-22,3267.61,3269.05,3161.83,3163.58,3163.58,107863741
2011-02-23,3152.44,3182.19,3145.99,3174.74,3174.74,71324854
2011-02-24,3170.24,3195.69,3157.97,3190.94,3190.94,66486893
2011-02-25,3190.87,3213.79,3159.85,3197.62,3197.62,61619275
2011-02-28,3200.68,3241.6,3178.83,3239.56,3239.56,76630663
2011-03-01,3241.71,3273.51,3235.75,3254.89,3254.89,88566954
2011-03-02,3237.12,3257.42,3202.83,3243.3,3243.3,80910641
2011-03-03,3248.16,3271.64,3221.04,3221.72,3221.72,101219997
2011-03-04,3223.51,3273.66,3217.48,3270.67,3270.67,80013915
2011-03-07,3287.41,3337.47,3287.41,3334.51,3334.51,118187197
2011-03-08,3335.71,3342.71,3311.72,3337.46,3337.46,84878655
2011-03-09,3344.1,3355.49,3322.7,3338.86,3338.86,78026361
2011-03-10,3330.44,3330.44,3279.33,3280.26,3280.26,78212642
2011-03-11,3263.08,3290.7,3240.18,3247.38,3247.38,67208335
2011-03-14,3238.91,3263.91,3230.11,3262.92,3262.92,63689783
2011-03-15,3250.59,3250.59,3147.96,3203.96,3203.96,96033979
2011-03-16,3204.92,3250.88,3202.93,3248.2,3248.2,78859520
2011-03-17,3216.29,3240.38,3185.08,3197.1,3197.1,85687114
2011-03-18,3228.92,3239.96,3205.14,3215.69,3215.69,61340161
2011-03-21,3220.68,3236.28,3194.15,3207.11,3207.11,59105037
2011-03-22,3217.8,3227.8,3175.93,3222.96,3222.96,57248684
2011-03-23,3222.32,3267.0,3216.65,3264.93,3264.93,72077585
2011-03-24,3269.57,3273.37,3250.02,3251.36,3251.36,61304244
2011-03-25,3256.18,3304.26,3254.68,3294.48,3294.48,86895979
2011-03-28,3307.41,3328.07,3286.86,3290.57,3290.57,97684300
2011-03-29,3288.56,3309.2,3256.34,3257.98,3257.98,105280164
2011-03-30,3256.72,3274.98,3233.11,3256.08,3256.08,78336337
2011-03-31,3257.16,3264.96,3210.17,3223.29,3223.29,64503880
2011-04-01,3227.56,3272.77,3220.91,3272.73,3272.73,63094722
2011-04-06,3269.19,3315.3,3268.76,3311.07,3311.07,105823674
2011-04-07,3313.47,3330.8,3302.82,3324.42,3324.42,84681762
2011-04-08,3321.54,3353.89,3314.09,3353.36,3353.36,73929210
2011-04-11,3363.37,3380.53,3331.17,3333.43,3333.43,104420545
2011-04-12,3324.75,3350.16,3307.48,3326.77,3326.77,101938506
2011-04-13,3311.32,3372.03,3296.51,3372.03,3372.03,87036338
2011-04-14,3374.32,3378.7,3347.49,3353.56,3353.56,88972241
2011-04-15,3345.13,3378.11,3323.56,3358.94,3358.94,78514874
2011-04-18,3346.15,3372.9,3335.6,3359.44,3359.44,86582624
2011-04-19,3334.91,3334.91,3290.74,3295.81,3295.81,85106933
2011-04-20,3300.42,3311.73,3281.83,3295.76,3295.76,72343318
2011-04-21,3312.27,3330.24,3301.94,3317.37,3317.37,73240424
2011-04-22,3317.08,3325.46,3291.64,3299.94,3299.94,67171455
2011-04-25,3292.48,3292.48,3247.69,3249.57,3249.57,74421829
2011-04-26,3242.53,3257.8,3216.21,3230.96,3230.96,59096417
2011-04-27,3242.62,3256.41,3189.04,3209.5,3209.5,62443567
2011-04-28,3224.41,3237.19,3160.41,3161.78,3161.78,65050235
2011-04-29,3161.16,3193.6,3147.14,3192.72,3192.72,53683065
2011-05-03,3192.84,3212.05,3164.93,3211.13,3211.13,54998910
2011-05-04,3192.84,3193.45,3120.96,3129.03,3129.03,66716340
2011-05-05,3115.0,3136.9,3105.85,3126.12,3126.12,52567747
2011-05-06,3093.81,3141.68,3083.91,3121.4,3121.4,55352186
2011-05-09,3126.26,3149.94,3118.14,3129.76,3129.76,46027404
2011-05-10,3135.15,3153.3,3121.75,3153.22,3153.22,40932995
2011-05-11,3153.65,3164.65,3127.49,3145.08,3145.08,47688533
2011-05-12,3123.16,3142.4,3101.14,3101.6,3101.6,48799501
2011-05-13,3105.3,3128.44,3080.19,3128.09,3128.09,46895951
2011-05-16,3120.44,3137.6,3098.78,3100.46,3100.46,45194319
2011-05-17,3097.07,3136.23,3076.95,3116.03,3116.03,51203731
2011-05-18,3109.29,3145.7,3106.55,3139.38,3139.38,39641768
2011-05-19,3148.35,3154.94,3118.62,3120.64,3120.64,43110782
2011-05-20,3120.58,3133.43,3113.27,3121.6,3121.6,38468012
2011-05-23,3115.31,3115.31,3021.45,3022.98,3022.98,55902472
2011-05-24,3013.72,3029.75,2999.89,3026.22,3026.22,41608944
2011-05-25,3020.32,3030.99,2988.09,2990.34,2990.34,39289704
2011-05-26,3011.47,3021.2,2977.6,2978.38,2978.38,37003747
2011-05-27,2980.72,2996.6,2962.07,2963.31,2963.31,42770905
2011-05-30,2956.57,2982.58,2942.36,2954.51,2954.51,34671160
2011-05-31,2958.61,3001.73,2946.15,3001.56,3001.56,39689399
2011-06-01,2996.08,3006.56,2985.71,3004.17,3004.17,38419327
2011-06-02,2970.63,2984.49,2923.02,2955.71,2955.71,52617867
2011-06-03,2951.58,2993.9,2951.2,2986.35,2986.35,39076164
2011-06-07,2977.68,3006.57,2974.36,3004.26,3004.26,36852332
2011-06-08,3003.58,3012.81,2965.92,3008.65,3008.65,42908758
2011-06-09,3000.4,3004.06,2951.89,2951.89,2951.89,47496636
2011-06-10,2947.93,2964.08,2925.87,2961.93,2961.93,42201882
2011-06-13,2940.39,2957.52,2921.75,2950.35,2950.35,38351668
2011-06-14,2947.66,3000.53,2943.53,2993.56,2993.56,55982815
2011-06-15,2984.96,2999.15,2963.11,2963.12,2963.12,44390852
2011-06-16,2939.68,2946.81,2915.4,2917.58,2917.58,41135482
2011-06-17,2916.41,2934.06,2891.01,2892.16,2892.16,41176530
2011-06-20,2888.94,2896.08,2862.41,2874.9,2874.9,37991982
2011-06-21,2883.35,2909.57,2877.05,2909.07,2909.07,42038923
2011-06-22,2913.67,2921.03,2894.18,2908.58,2908.58,37318802
2011-06-23,2899.01,2966.54,2888.68,2957.63,2957.63,45941117
2011-06-24,2946.61,3047.94,2944.05,3027.47,3027.47,85459240
2011-06-27,3028.5,3056.02,3019.24,3036.49,3036.49,65615771
2011-06-28,3040.18,3046.8,3014.0,3041.73,3041.73,55766254
2011-06-29,3039.05,3043.81,2999.95,3000.17,3000.17,53476848
2011-06-30,3003.23,3058.62,3003.23,3044.09,3044.09,62502549
2011-07-01,3052.12,3071.21,3034.07,3049.75,3049.75,56766653
2011-07-04,3064.94,3124.58,3064.94,3121.98,3121.98,80464031
2011-07-05,3122.9,3128.53,3105.09,3122.5,3122.5,67763335
2011-07-06,3116.12,3116.12,3084.83,3113.71,3113.71,61555807
2011-07-07,3123.29,3140.1,3101.1,3101.68,3101.68,71810360
2011-07-08,3105.49,3124.39,3093.37,3109.18,3109.18,51282593
2011-07-11,3097.87,3121.0,3086.26,3113.21,3113.21,47920660
2011-07-12,3089.14,3090.1,3054.8,3056.91,3056.91,57107984
2011-07-13,3060.42,3108.5,3060.42,3106.25,3106.25,54114367
2011-07-14,3112.59,3126.15,3092.47,3115.75,3115.75,60314935
2011-07-15,3105.5,3130.77,3097.34,3128.89,3128.89,61550322
2011-07-18,3131.8,3137.92,3113.67,3122.6,3122.6,60691311
2011-07-19,3108.47,3109.92,3088.38,3095.12,3095.12,53388709
2011-07-20,3113.71,3119.54,3071.85,3091.57,3091.57,44118331
2011-07-21,3092.27,3099.28,3058.25,3059.14,3059.14,44084691
2011-07-22,3066.19,3083.19,3059.6,3067.99,3067.99,37257255
2011-07-25,3050.9,3050.9,2958.88,2968.29,2968.29,67180996
2011-07-26,2965.72,2980.86,2957.61,2977.77,2977.77,43515457
2011-07-27,2961.58,3002.69,2951.52,3000.05,3000.05,48385612
2011-07-28,2973.64,2984.38,2956.71,2981.0,2981.0,48138984
2011-07-29,2981.02,2995.97,2948.08,2972.08,2972.08,46298253
2011-08-01,2969.11,2991.05,2958.83,2977.72,2977.72,33886949
2011-08-02,2958.85,2958.85,2919.01,2956.38,2956.38,38978357
2011-08-03,2930.19,2969.13,2927.1,2954.87,2954.87,38668362
2011-08-04,2962.91,2983.01,2951.84,2960.31,2960.31,32985719
2011-08-05,2881.74,2916.41,2868.16,2897.42,2897.42,49316854
2011-08-08,2864.51,2888.77,2747.97,2793.9,2793.9,71517766
2011-08-09,2720.95,2812.77,2697.06,2798.19,2798.19,69842676
2011-08-10,2845.35,2858.55,2820.12,2824.12,2824.12,58659312
2011-08-11,2779.72,2867.31,2777.76,2866.92,2866.92,58997689
2011-08-12,2881.55,2894.22,2868.87,2875.36,2875.36,57197406
2011-08-15,2883.17,2917.88,2870.19,2917.88,2917.88,59875476
2011-08-16,2920.83,2932.14,2888.33,2897.58,2897.58,50962681
2011-08-17,2893.85,2910.83,2881.63,2886.01,2886.01,39178179
2011-08-18,2887.1,2890.0,2832.27,2834.25,2834.25,40768883
2011-08-19,2789.35,2814.1,2782.56,2807.66,2807.66,43259650
2011-08-22,2809.33,2829.69,2768.42,2777.79,2777.79,34209685
2011-08-23,2788.7,2821.0,2777.29,2821.0,2821.0,32620514
2011-08-24,2834.58,2845.47,2804.82,2810.02,2810.02,35301565
2011-08-25,2818.7,2904.44,2815.91,2903.84,2903.84,72216845
2011-08-26,2889.38,2907.4,2876.83,2901.22,2901.22,45604102
2011-08-29,2875.78,2875.78,2847.48,2852.81,2852.81,44267850
2011-08-30,2875.14,2901.73,2838.33,2841.74,2841.74,43137872
2011-08-31,2843.99,2855.3,2823.77,2846.78,2846.78,32107899
2011-09-01,2852.39,2869.25,2825.96,2834.53,2834.53,30118702
2011-09-02,2828.84,2836.62,2790.77,2803.85,2803.85,29317116
2011-09-05,2780.83,2780.83,2743.38,2743.82,2743.82,32005660
2011-09-06,2727.75,2745.36,2711.07,2723.3,2723.3,29713982
2011-09-07,2738.79,2779.21,2730.05,2779.09,2779.09,33265381
2011-09-08,2788.83,2789.11,2755.8,2756.1,2756.1,26838735
2011-09-09,2770.15,2796.35,2739.62,2751.09,2751.09,27073503
2011-09-13,2712.44,2726.19,2698.66,2720.28,2720.28,26713764
2011-09-14,2729.26,2736.91,2677.13,2733.11,2733.11,30424780
2011-09-15,2734.55,2754.19,2728.91,2729.05,2729.05,31171925
2011-09-16,2744.22,2755.89,2729.0,2733.99,2733.99,27555932
2011-09-19,2718.32,2718.32,2678.79,2679.27,2679.27,29090941
2011-09-20,2675.04,2702.28,2664.1,2689.84,2689.84,25598681
2011-09-21,2691.7,2778.35,2677.35,2771.01,2771.01,56194171
2011-09-22,2745.15,2754.92,2684.94,2685.69,2685.69,47102660
2011-09-23,2644.29,2681.23,2631.43,2669.48,2669.48,42592224
2011-09-26,2645.25,2679.56,2603.11,2610.92,2610.92,39175124
2011-09-27,2634.93,2652.56,2613.42,2637.88,2637.88,35021974
2011-09-28,2654.83,2660.1,2602.63,2610.59,2610.59,34169555
2011-09-29,2593.56,2615.14,2577.29,2588.19,2588.19,37093593
2011-09-30,2595.58,2607.57,2572.19,2581.35,2581.35,32050822
2011-10-10,2588.35,2595.32,2552.28,2557.08,2557.08,28325122
2011-10-11,2625.16,2635.69,2526.65,2551.99,2551.99,45029848
2011-10-12,2537.4,2647.01,2523.34,2644.76,2644.76,65945680
2011-10-13,2636.86,2672.91,2629.41,2662.6,2662.6,60426201
2011-10-14,2655.36,2665.44,2629.88,2653.78,2653.78,38336948
2011-10-17,2658.95,2687.1,2653.38,2666.95,2666.95,36158315
2011-10-18,2646.84,2651.73,2589.21,2592.21,2592.21,39373448
2011-10-19,2599.92,2617.41,2580.66,2583.08,2583.08,31116166
2011-10-20,2566.6,2570.1,2500.49,2520.53,2520.53,39842462
2011-10-21,2522.26,2538.12,2504.69,2507.88,2507.88,29843503
2011-10-24,2517.06,2581.12,2501.96,2576.67,2576.67,46345801
2011-10-25,2572.71,2633.97,2560.05,2625.43,2625.43,57967375
2011-10-26,2613.27,2679.66,2611.01,2651.65,2651.65,73098240
2011-10-27,2658.43,2672.84,2647.3,2657.48,2657.48,48820391
2011-10-28,2694.54,2729.14,2689.38,2709.02,2709.02,71643105
2011-10-31,2704.53,2709.32,2680.99,2695.31,2695.31,50407112
2011-11-01,2672.51,2726.09,2669.05,2697.53,2697.53,55206651
2011-11-02,2658.55,2742.94,2653.72,2742.39,2742.39,64361584
2011-11-03,2752.63,2781.04,2743.2,2744.3,2744.3,84820760
2011-11-04,2770.57,2781.99,2748.98,2763.75,2763.75,61958218
2011-11-07,2750.99,2769.3,2733.17,2736.25,2736.25,45375056
2011-11-08,2745.06,2756.09,2723.69,2727.71,2727.71,47884252
2011-11-09,2739.15,2755.81,2710.05,2751.65,2751.65,46877960
2011-11-10,2720.84,2729.57,2698.31,2699.59,2699.59,51173702
2011-11-11,2705.24,2713.91,2685.1,2695.0,2695.0,36636696
2011-11-14,2717.54,2751.88,2714.86,2750.2,2750.2,46390943
2011-11-15,2746.77,2754.0,2732.91,2744.68,2744.68,41759864
2011-11-16,2745.86,2746.29,2659.15,2670.12,2670.12,55949239
2011-11-17,2671.95,2687.83,2660.65,2662.02,2662.02,35247652
2011-11-18,2643.67,2646.21,2601.18,2606.5,2606.5,42414718
2011-11-21,2608.56,2613.26,2587.74,2609.69,2609.69,27971896
2011-11-22,2592.23,2611.15,2580.78,2609.48,2609.48,29069078
2011-11-23,2613.29,2617.09,2578.16,2584.01,2584.01,28531412
2011-11-24,2565.69,2604.24,2557.7,2588.92,2588.92,30319601
2011-11-25,2585.14,2598.39,2563.65,2569.97,2569.97,23913766
2011-11-28,2578.34,2589.35,2562.49,2573.32,2573.32,25666936
2011-11-29,2595.09,2609.19,2580.29,2608.57,2608.57,30025878
2011-11-30,2600.1,2601.9,2507.18,2521.52,2521.52,42352645
2011-12-01,2596.15,2630.66,2577.72,2583.61,2583.61,63520252
2011-12-02,2570.56,2575.69,2543.53,2557.31,2557.31,32183703
2011-12-05,2561.2,2561.2,2517.18,2521.39,2521.39,32063388
2011-12-06,2515.04,2525.67,2499.57,2516.34,2516.34,26297581
2011-12-07,2517.34,2534.53,2509.78,2528.23,2528.23,23261839
2011-12-08,2525.04,2549.1,2494.69,2525.0,2525.0,27777744
2011-12-09,2506.62,2525.16,2496.97,2503.46,2503.46,24029059
2011-12-12,2497.92,2502.05,2476.12,2477.69,2477.69,21901249
2011-12-13,2467.02,2472.66,2418.67,2421.93,2421.93,35717534
2011-12-14,2415.94,2433.55,2392.3,2397.48,2397.48,25320109
2011-12-15,2382.44,2384.47,2340.45,2340.79,2340.79,36750834
2011-12-16,2339.98,2390.38,2332.14,2390.13,2390.13,36302339
2011-12-19,2370.42,2387.89,2321.66,2384.41,2384.41,37909752
2011-12-20,2376.71,2412.57,2373.86,2377.07,2377.07,32402327
2011-12-21,2397.27,2404.77,2337.69,2339.11,2339.11,31209525
2011-12-22,2325.27,2358.47,2294.61,2341.33,2341.33,36683858
2011-12-23,2337.38,2382.71,2331.96,2359.16,2359.16,33161904
2011-12-26,2345.55,2369.82,2334.79,2335.7,2335.7,28224087
2011-12-27,2332.83,2346.38,2302.41,2305.03,2305.03,29277314
2011-12-28,2295.87,2309.65,2267.11,2307.93,2307.93,32882020
2011-12-29,2297.29,2323.49,2293.87,2311.36,2311.36,30887700
2011-12-30,2318.67,2349.03,2318.67,2345.74,2345.74,35865243
2012-01-04,2361.5,2365.99,2298.3,2298.75,2298.75,34344567
2012-01-05,2290.78,2316.66,2272.15,2276.39,2276.39,43016480
2012-01-06,2274.35,2291.89,2254.57,2290.6,2290.6,35198992
2012-01-09,2291.18,2368.89,2271.72,2368.57,2368.57,54727341
2012-01-10,2365.77,2449.96,2361.28,2447.35,2447.35,81154989
2012-01-11,2444.76,2453.15,2423.32,2435.61,2435.61,58705674
2012-01-12,2426.82,2464.38,2423.32,2435.22,2435.22,47121275
2012-01-13,2438.41,2445.79,2374.54,2394.33,2394.33,45513997
2012-01-16,2376.95,2394.5,2345.63,2345.65,2345.65,30527145
2012-01-17,2347.57,2462.43,2329.25,2460.6,2460.6,64205648
2012-01-18,2464.92,2485.5,2414.53,2422.19,2422.19,63892358
2012-01-19,2423.86,2480.21,2414.99,2468.35,2468.35,55615726
2012-01-20,2476.73,2510.34,2462.59,2504.09,2504.09,54529783
2012-01-30,2508.88,2508.88,2460.4,2460.72,2460.72,43517148
2012-01-31,2462.34,2472.84,2447.77,2464.26,2464.26,30701501
2012-02-01,2458.23,2481.66,2423.45,2428.99,2428.99,35015374
2012-02-02,2437.47,2486.24,2429.71,2486.24,2486.24,42066985
2012-02-03,2478.34,2514.65,2470.28,2506.09,2506.09,49949240
2012-02-06,2511.17,2520.76,2488.71,2504.32,2504.32,45079905
2012-02-07,2489.03,2489.03,2441.7,2457.95,2457.95,39679164
2012-02-08,2456.42,2534.16,2451.0,2528.24,2528.24,56186456
2012-02-09,2525.59,2546.02,2513.13,2529.23,2529.23,59299751
2012-02-10,2521.68,2560.03,2521.16,2533.62,2533.62,61575877
2012-02-13,2504.41,2553.45,2496.3,2531.98,2531.98,51913973
2012-02-14,2528.97,2533.26,2506.54,2522.11,2522.11,40430101
2012-02-15,2515.83,2562.07,2511.29,2549.61,2549.61,58090370
2012-02-16,2544.64,2559.34,2519.04,2536.07,2536.07,54395431
2012-02-17,2551.81,2558.34,2522.86,2537.09,2537.09,38994716
2012-02-20,2571.91,2574.75,2539.9,2540.71,2540.71,56153329
2012-02-21,2544.83,2562.91,2520.79,2562.45,2562.45,47894808
2012-02-22,2564.31,2598.86,2560.34,2597.48,2597.48,76376656
2012-02-23,2595.78,2614.54,2590.52,2606.26,2606.26,70377126
2012-02-24,2607.34,2648.02,2602.78,2648.02,2648.02,85999708
2012-02-27,2658.12,2693.84,2656.57,2656.57,2656.57,101514034
2012-02-28,2652.34,2671.83,2641.46,2662.46,2662.46,77592536
2012-02-29,2655.86,2666.65,2631.78,2634.14,2634.14,59120206
2012-03-01,2622.74,2647.78,2621.86,2633.34,2633.34,42148441
2012-03-02,2637.96,2679.93,2637.96,2679.93,2679.93,64122034
2012-03-05,2687.74,2694.61,2660.96,2662.7,2662.7,71395458
2012-03-06,2654.8,2657.96,2615.6,2621.05,2621.05,62447148
2012-03-07,2596.48,2628.58,2594.13,2603.0,2603.0,56948733
2012-03-08,2612.4,2645.95,2612.4,2635.79,2635.79,57549413
2012-03-09,2644.1,2664.41,2631.41,2664.3,2664.3,55258921
2012-03-12,2663.24,2666.43,2636.42,2654.4,2654.4,62327216
2012-03-13,2653.68,2681.33,2649.17,2681.07,2681.07,58404469
2012-03-14,2694.48,2705.75,2595.34,2605.11,2605.11,108426540
2012-03-15,2602.66,2618.25,2575.44,2585.55,2585.55,72565960
2012-03-16,2591.8,2624.32,2577.25,2623.52,2623.52,58091259
2012-03-19,2617.66,2631.04,2598.63,2630.01,2630.01,57646625
2012-03-20,2622.66,2622.66,2584.02,2584.45,2584.45,58114065
2012-03-21,2597.38,2613.27,2569.07,2587.79,2587.79,58002544
2012-03-22,2586.94,2599.24,2570.45,2583.75,2583.75,44926777
2012-03-23,2575.33,2578.82,2544.52,2552.94,2552.94,43329256
2012-03-26,2551.43,2562.93,2540.7,2555.44,2555.44,31816211
2012-03-27,2565.55,2571.9,2544.37,2547.14,2547.14,35944604
2012-03-28,2538.46,2540.42,2471.03,2474.9,2474.9,50005790
2012-03-29,2463.69,2476.48,2429.73,2443.12,2443.12,46131304
2012-03-30,2447.94,2461.98,2438.49,2454.9,2454.9,37027086
2012-04-05,2449.21,2517.39,2441.27,2512.83,2512.83,54331687
2012-04-06,2509.45,2525.53,2502.7,2519.83,2519.83,42368576
2012-04-09,2510.53,2518.38,2491.59,2495.15,2495.15,35370986
2012-04-10,2490.28,2519.81,2459.35,2519.79,2519.79,41335905
2012-04-11,2494.52,2541.13,2489.32,2520.04,2520.04,42510310
2012-04-12,2522.83,2570.84,2516.57,2570.44,2570.44,56488409
2012-04-13,2575.05,2593.79,2570.03,2580.45,2580.45,53092643
2012-04-16,2564.23,2586.2,2559.78,2574.04,2574.04,40839700
2012-04-17,2572.36,2578.76,2541.53,2541.88,2541.88,37815467
2012-04-18,2550.91,2602.11,2546.0,2599.91,2599.91,58688408
2012-04-19,2598.33,2606.86,2585.3,2596.06,2596.06,46448109
2012-04-20,2591.51,2627.38,2589.35,2626.84,2626.84,61446379
2012-04-23,2624.75,2632.09,2599.11,2606.04,2606.04,58664938
2012-04-24,2594.8,2640.29,2559.46,2604.87,2604.87,71139558
2012-04-25,2598.23,2631.44,2593.33,2625.99,2625.99,62468053
2012-04-26,2632.72,2643.77,2617.09,2631.49,2631.49,58965667
2012-04-27,2630.55,2637.92,2623.6,2626.16,2626.16,48233586
2012-05-02,2660.67,2697.95,2643.53,2683.49,2683.49,80148654
2012-05-03,2679.52,2693.88,2675.81,2691.52,2691.52,59361090
2012-05-04,2689.62,2716.03,2677.14,2715.88,2715.88,63218086
2012-05-07,2699.45,2717.78,2694.32,2717.78,2717.78,68547314
2012-05-08,2717.41,2717.82,2683.56,2709.12,2709.12,63110840
2012-05-09,2685.19,2685.19,2655.32,2657.51,2657.51,58400283
2012-05-10,2657.87,2667.68,2649.38,2657.21,2657.21,46962576
2012-05-11,2652.31,2666.57,2636.52,2636.92,2636.92,41006143
2012-05-14,2653.81,2656.28,2613.35,2615.53,2615.53,52082484
2012-05-15,2597.64,2618.18,2591.6,2617.37,2617.37,45767271
2012-05-16,2610.16,2612.62,2574.08,2574.65,2574.65,43280274
2012-05-17,2577.96,2619.59,2571.2,2613.94,2613.94,43728389
2012-05-18,2595.55,2603.19,2567.3,2573.98,2573.98,43422124
2012-05-21,2572.37,2604.22,2563.97,2587.23,2587.23,38602090
2012-05-22,2598.17,2627.6,2597.6,2627.52,2627.52,42773529
2012-05-23,2621.79,2635.78,2598.29,2616.87,2616.87,43719531
2012-05-24,2613.09,2630.41,2588.21,2595.26,2595.26,42844066
2012-05-25,2595.26,2602.17,2565.65,2573.1,2573.1,39273004
2012-05-28,2562.6,2614.85,2545.34,2614.69,2614.69,56339275
2012-05-29,2615.15,2658.25,2612.56,2650.85,2650.85,72135637
2012-05-30,2646.37,2655.16,2636.52,2642.26,2642.26,51855436
2012-05-31,2623.16,2645.59,2617.23,2632.04,2632.04,44107469
2012-06-01,2633.6,2653.86,2623.29,2633.0,2633.0,44191056
2012-06-04,2598.73,2608.32,2558.92,2559.03,2559.03,52478502
2012-06-05,2565.19,2573.89,2548.76,2558.84,2558.84,37779910
2012-06-06,2564.23,2573.74,2547.33,2557.4,2557.4,33857694
2012-06-07,2579.43,2584.04,2536.26,2542.18,2542.18,34841186
2012-06-08,2558.84,2559.13,2520.41,2524.33,2524.33,43856426
2012-06-11,2529.6,2565.43,2523.77,2558.26,2558.26,40098260
2012-06-12,2543.76,2553.92,2529.95,2540.18,2540.18,37936676
2012-06-13,2546.79,2581.11,2539.63,2580.64,2580.64,45014568
2012-06-14,2573.33,2584.71,2558.56,2560.42,2560.42,40247934
2012-06-15,2565.19,2580.17,2538.57,2568.05,2568.05,42786078
2012-06-18,2576.63,2593.22,2572.99,2581.21,2581.21,35693628
2012-06-19,2577.36,2577.36,2556.1,2558.62,2558.62,32700553
2012-06-20,2563.64,2570.66,2549.44,2552.61,2552.61,29850639
2012-06-21,2547.05,2547.05,2502.42,2512.19,2512.19,35396732
2012-06-25,2501.16,2501.16,2455.01,2456.52,2456.52,40106735
2012-06-26,2442.56,2465.12,2434.64,2454.92,2454.92,31734008
2012-06-27,2452.67,2470.76,2444.34,2447.2,2447.2,30007553
2012-06-28,2451.66,2459.19,2425.24,2425.73,2425.73,30543113
2012-06-29,2418.86,2462.81,2417.49,2461.61,2461.61,37994941
2012-07-02,2473.54,2473.97,2452.99,2465.24,2465.24,40510078
2012-07-03,2464.85,2490.55,2457.45,2468.72,2468.72,38693354
2012-07-04,2474.53,2481.34,2456.0,2464.92,2464.92,34452142
2012-07-05,2450.3,2450.3,2420.0,2430.37,2430.37,34726145
2012-07-06,2435.06,2477.23,2420.36,2472.61,2472.61,49610605
2012-07-09,2455.89,2470.21,2414.95,2416.04,2416.04,49223302
2012-07-10,2411.0,2426.53,2402.37,2406.71,2406.71,35549984
2012-07-11,2402.18,2427.79,2402.15,2425.57,2425.57,37624312
2012-07-12,2420.04,2460.56,2404.58,2449.18,2449.18,56717691
2012-07-13,2441.01,2467.99,2438.98,2450.63,2450.63,36725256
2012-07-16,2452.59,2452.59,2399.61,2399.73,2399.73,42771870
2012-07-17,2391.9,2421.93,2391.28,2414.2,2414.2,33424329
2012-07-18,2412.06,2420.78,2373.65,2414.33,2414.33,41751788
2012-07-19,2407.44,2444.06,2401.29,2424.32,2424.32,46949052
2012-07-20,2415.71,2423.8,2392.18,2398.46,2398.46,37619754
2012-07-23,2379.89,2379.89,2357.51,2365.43,2365.43,32390369
2012-07-24,2353.22,2392.35,2352.8,2375.99,2375.99,30310079
2012-07-25,2368.38,2381.04,2357.47,2360.08,2360.08,24896501
2012-07-26,2360.13,2374.87,2344.7,2347.49,2347.49,31314094
2012-07-27,2353.94,2364.98,2341.29,2349.11,2349.11,31090525
2012-07-30,2350.78,2367.03,2334.0,2335.79,2335.79,30484851
2012-07-31,2336.88,2350.07,2329.5,2332.92,2332.92,32099723
2012-08-01,2332.13,2371.12,2331.95,2358.65,2358.65,31420848
2012-08-02,2354.07,2358.56,2325.61,2334.88,2334.88,31516159
2012-08-03,2340.25,2354.16,2329.93,2353.74,2353.74,29769785
2012-08-06,2350.12,2388.36,2348.12,2385.61,2385.61,41820665
2012-08-07,2383.26,2390.78,2379.45,2388.87,2388.87,38285489
2012-08-08,2390.96,2405.18,2382.82,2389.79,2389.79,37810451
2012-08-09,2388.43,2412.14,2378.85,2411.7,2411.7,35658951
2012-08-10,2409.94,2413.42,2395.91,2399.75,2399.75,34702995
2012-08-13,2394.5,2394.5,2350.81,2351.93,2351.93,44783546
2012-08-14,2352.66,2357.85,2324.91,2357.02,2357.02,39850066
2012-08-15,2350.02,2350.02,2330.15,2331.61,2331.61,30580176
2012-08-16,2327.91,2335.4,2317.06,2319.67,2319.67,25902905
2012-08-17,2318.43,2322.89,2295.16,2313.48,2313.48,26065717
2012-08-20,2294.9,2307.41,2279.95,2301.79,2301.79,27402033
2012-08-21,2301.93,2327.38,2296.55,2313.7,2313.7,34895100
2012-08-22,2315.14,2317.37,2285.75,2295.59,2295.59,31708412
2012-08-23,2298.18,2311.65,2285.37,2302.2,2302.2,31335342
2012-08-24,2295.68,2299.3,2274.57,2275.68,2275.68,31869591
2012-08-27,2268.49,2268.49,2228.15,2228.2,2228.2,37386191
2012-08-28,2226.9,2250.6,2222.0,2238.41,2238.41,33773615
2012-08-29,2230.2,2240.11,2214.43,2214.81,2214.81,29010648
2012-08-30,2204.51,2223.2,2188.72,2211.37,2211.37,35491310
2012-08-31,2205.57,2218.87,2203.12,2204.87,2204.87,25964986
2012-09-03,2201.12,2236.56,2197.71,2228.37,2228.37,38548592
2012-09-04,2231.72,2234.88,2199.51,2204.41,2204.41,34852688
2012-09-05,2199.74,2209.54,2186.96,2199.88,2199.88,34751824
2012-09-06,2204.44,2218.68,2199.86,2217.82,2217.82,31695884
2012-09-07,2233.91,2341.52,2233.91,2317.18,2317.18,94529764
2012-09-10,2320.56,2334.5,2313.57,2326.67,2326.67,65330554
2012-09-11,2316.53,2316.53,2294.82,2311.89,2311.89,46260719
2012-09-12,2325.93,2337.2,2298.3,2320.07,2320.07,49622518
2012-09-13,2316.68,2325.53,2298.37,2298.46,2298.46,42049849
2012-09-14,2324.01,2332.42,2298.83,2315.54,2315.54,61571814
2012-09-17,2312.05,2314.99,2258.18,2258.71,2258.71,48984734
2012-09-18,2249.43,2253.14,2228.04,2235.24,2235.24,33228696
2012-09-19,2237.22,2249.24,2229.49,2246.24,2246.24,34349706
2012-09-20,2236.19,2236.19,2194.22,2195.95,2195.95,42545779
2012-09-21,2190.33,2217.47,2186.53,2199.06,2199.06,38120593
2012-09-24,2183.97,2225.8,2172.88,2215.52,2215.52,37501686
2012-09-25,2209.98,2225.33,2202.38,2210.15,2210.15,27877019
2012-09-26,2208.91,2216.82,2181.08,2184.89,2184.89,27454626
2012-09-27,2186.0,2266.3,2185.77,2251.72,2251.72,53016900
2012-09-28,2235.06,2297.03,2234.32,2293.11,2293.11,57875825
2012-10-08,2291.96,2305.18,2258.11,2270.05,2270.05,35534424
2012-10-09,2281.75,2327.73,2281.75,2320.16,2320.16,52548887
2012-10-10,2314.59,2325.75,2304.61,2324.12,2324.12,42686238
2012-10-11,2315.9,2321.35,2300.93,2302.53,2302.53,41300655
2012-10-12,2311.28,2332.15,2287.01,2304.53,2304.53,36874145
2012-10-15,2306.01,2307.88,2278.46,2294.86,2294.86,28651746
2012-10-16,2293.24,2315.45,2287.59,2298.16,2298.16,32059679
2012-10-17,2307.36,2312.17,2280.82,2300.8,2300.8,33349409
2012-10-18,2307.49,2341.12,2305.88,2336.08,2336.08,50615100
2012-10-19,2335.1,2342.53,2328.73,2332.47,2332.47,35927732
2012-10-22,2320.47,2347.9,2315.9,2341.59,2341.59,34368286
2012-10-23,2340.89,2344.04,2309.25,2312.08,2312.08,37221272
2012-10-24,2303.4,2321.43,2302.17,2307.78,2307.78,37542445
2012-10-25,2306.73,2322.92,2288.6,2291.24,2291.24,44351531
2012-10-26,2291.31,2293.18,2237.06,2247.91,2247.91,40900519
2012-10-29,2241.8,2248.14,2227.65,2235.85,2235.85,27581325
2012-10-30,2236.32,2257.95,2231.78,2239.88,2239.88,34083125
2012-10-31,2241.43,2256.09,2233.68,2254.82,2254.82,37169795
2012-11-01,2256.61,2305.63,2256.41,2297.88,2297.88,50761729
2012-11-02,2297.9,2309.67,2284.72,2306.77,2306.77,39833288
2012-11-05,2302.74,2318.23,2290.14,2301.88,2301.88,39510372
2012-11-06,2301.98,2304.05,2260.51,2292.21,2292.21,39280627
2012-11-07,2288.76,2300.89,2277.02,2287.5,2287.5,33067403
2012-11-08,2269.58,2275.4,2245.4,2245.41,2245.41,35426475
2012-11-09,2241.76,2252.2,2235.23,2240.92,2240.92,30506968
2012-11-12,2242.96,2254.7,2232.74,2251.85,2251.85,34721685
2012-11-13,2250.84,2250.84,2208.72,2212.44,2212.44,34083704
2012-11-14,2213.09,2225.12,2206.0,2223.11,2223.11,26758790
2012-11-15,2210.75,2220.99,2193.52,2193.62,2193.62,28319151
2012-11-16,2189.51,2191.61,2162.98,2177.24,2177.24,30247786
2012-11-19,2175.18,2176.49,2149.54,2174.99,2174.99,26978666
2012-11-20,2180.21,2184.33,2163.53,2164.88,2164.88,23948916
2012-11-21,2165.41,2195.46,2151.38,2194.9,2194.9,30508482
2012-11-22,2181.18,2185.58,2169.66,2177.55,2177.55,22912351
2012-11-23,2184.41,2202.47,2179.73,2192.68,2192.68,28667493
2012-11-26,2187.24,2191.36,2172.1,2175.6,2175.6,24742696
2012-11-27,2168.59,2173.46,2150.22,2150.64,2150.64,31946746
2012-11-28,2142.5,2144.8,2126.03,2129.16,2129.16,30009339
2012-11-29,2128.8,2140.88,2114.48,2115.68,2115.68,29670625
2012-11-30,2114.24,2142.86,2109.96,2139.66,2139.66,36406911
2012-12-03,2136.7,2152.61,2108.15,2108.85,2108.85,40186762
2012-12-04,2104.93,2135.66,2102.14,2131.47,2131.47,36225915
2012-12-05,2128.39,2219.09,2126.79,2207.88,2207.88,82487103
2012-12-06,2205.6,2216.98,2191.23,2203.6,2203.6,48574689
2012-12-07,2203.89,2250.53,2198.11,2246.76,2246.76,76169748
2012-12-10,2254.92,2276.28,2250.44,2271.05,2271.05,73375475
2012-12-11,2263.21,2274.99,2254.3,2258.5,2258.5,51468703
2012-12-12,2257.73,2273.21,2247.95,2267.77,2267.77,45006454
2012-12-13,2260.6,2266.72,2242.56,2242.64,2242.64,41942100
2012-12-14,2245.64,2357.11,2245.64,2355.86,2355.86,110892562
2012-12-17,2359.2,2380.0,2358.66,2366.7,2366.7,94088195
2012-12-18,2361.09,2398.63,2347.08,2368.12,2368.12,85784849
2012-12-19,2362.8,2387.14,2358.03,2371.11,2371.11,63292530
2012-12-20,2361.32,2391.92,2346.55,2384.82,2384.82,65655462
2012-12-21,2386.38,2414.22,2365.03,2372.0,2372.0,68714158
2012-12-24,2368.01,2396.73,2367.04,2381.22,2381.22,53087004
2012-12-25,2373.88,2459.3,2365.41,2448.4,2448.4,95502350
2012-12-26,2445.99,2458.01,2441.64,2457.62,2457.62,71591828
2012-12-27,2464.78,2479.79,2443.68,2444.59,2444.59,73255067
2012-12-28,2448.08,2481.59,2444.38,2480.05,2480.05,67166321
2012-12-31,2485.56,2522.95,2485.56,2522.95,2522.95,82002293
2013-01-04,2551.81,2558.53,2498.89,2524.41,2524.41,97988182
2013-01-07,2518.05,2545.97,2511.6,2535.99,2535.99,75167993
2013-01-08,2534.65,2540.51,2502.49,2525.33,2525.33,71837100
2013-01-09,2518.1,2534.24,2504.3,2526.13,2526.13,70231170
2013-01-10,2525.59,2553.35,2513.73,2530.57,2530.57,71085862
2013-01-11,2533.5,2539.79,2473.7,2483.23,2483.23,74239176
2013-01-14,2474.18,2583.62,2474.0,2577.73,2577.73,93554091
2013-01-15,2579.13,2605.41,2576.92,2595.86,2595.86,98620805
2013-01-16,2591.36,2600.09,2540.52,2577.09,2577.09,93536084
2013-01-17,2570.71,2575.06,2539.67,2552.76,2552.76,69915239
2013-01-18,2568.69,2607.45,2553.45,2595.44,2595.44,77940303
2013-01-21,2605.65,2611.2,2582.65,2610.9,2610.9,84133742
2013-01-22,2610.39,2620.02,2578.18,2596.9,2596.9,105766275
2013-01-23,2588.2,2611.41,2576.36,2607.46,2607.46,75739444
2013-01-24,2606.43,2663.4,2564.21,2582.75,2582.75,111277172
2013-01-25,2580.88,2591.51,2567.11,2571.67,2571.67,58487359
2013-01-28,2577.27,2651.97,2577.27,2651.86,2651.86,91274790
2013-01-29,2655.38,2685.53,2646.15,2675.87,2675.87,101040229
2013-01-30,2678.43,2689.68,2662.06,2688.71,2688.71,99874990
2013-01-31,2690.95,2696.88,2671.33,2686.88,2686.88,96740101
2013-02-01,2677.19,2744.32,2671.27,2743.32,2743.32,103879515
2013-02-04,2753.69,2768.5,2731.08,2748.03,2748.03,127939179
2013-02-05,2727.93,2779.95,2725.36,2771.68,2771.68,116130819
2013-02-06,2771.91,2787.46,2765.74,2775.84,2775.84,82779271
2013-02-07,2771.53,2775.97,2722.87,2759.87,2759.87,89978142
2013-02-08,2755.65,2791.3,2747.95,2771.73,2771.73,77429644
2013-02-18,2784.06,2787.74,2731.51,2737.47,2737.47,76438227
2013-02-19,2735.04,2740.74,2674.34,2685.61,2685.61,80626431
2013-02-20,2686.09,2703.1,2665.23,2702.64,2702.64,70019377
2013-02-21,2675.74,2675.74,2584.76,2610.55,2610.55,100657984
2013-02-22,2607.65,2618.48,2591.15,2596.6,2596.6,60204852
2013-02-25,2607.15,2628.7,2590.79,2604.96,2604.96,53161942
2013-02-26,2587.38,2631.09,2564.67,2567.59,2567.59,80003065
2013-02-27,2576.05,2615.25,2569.38,2594.68,2594.68,63226743
2013-02-28,2611.94,2673.71,2594.0,2673.33,2673.33,86922595
2013-03-01,2671.84,2680.85,2627.0,2668.84,2668.84,73343753
2013-03-04,2619.42,2619.57,2528.69,2545.72,2545.72,110619103
2013-03-05,2547.89,2623.17,2541.77,2622.81,2622.81,89661152
2013-03-06,2634.87,2658.14,2620.43,2650.2,2650.2,95829652
2013-03-07,2639.78,2658.97,2592.87,2619.48,2619.48,94082666
2013-03-08,2622.68,2632.62,2601.96,2606.93,2606.93,59429557
2013-03-11,2600.28,2611.65,2574.17,2592.37,2592.37,50946436
2013-03-12,2590.39,2619.51,2530.25,2555.61,2555.61,71935141
2013-03-13,2551.73,2556.77,2515.06,2527.49,2527.49,56430460
2013-03-14,2517.75,2546.7,2514.46,2534.27,2534.27,47605756
2013-03-15,2533.72,2600.09,2504.46,2539.87,2539.87,81372185
2013-03-18,2526.08,2544.62,2499.83,2502.49,2502.49,59812778
2013-03-19,2507.4,2532.07,2491.85,2525.1,2525.1,54536476
2013-03-20,2526.97,2610.17,2526.83,2610.17,2610.17,90700622
2013-03-21,2611.58,2626.54,2598.51,2614.99,2614.99,69552756
2013-03-22,2612.26,2625.53,2603.34,2618.31,2618.31,55647141
2013-03-25,2628.41,2641.61,2607.61,2613.1,2613.1,56261402
2013-03-26,2601.96,2607.36,2554.97,2575.05,2575.05,63962961
2013-03-27,2575.73,2611.94,2566.34,2583.53,2583.53,56906517
2013-03-28,2535.99,2535.99,2495.08,2499.3,2499.3,87578405
2013-03-29,2502.78,2509.11,2482.49,2495.08,2495.08,52402137
2013-04-01,2486.43,2507.82,2483.73,2493.19,2493.19,47346022
2013-04-02,2495.84,2524.46,2475.0,2486.39,2486.39,55684152
2013-04-03,2493.88,2507.14,2474.93,2483.55,2483.55,45564221
2013-04-08,2443.24,2473.31,2429.5,2472.3,2472.3,53296772
2013-04-09,2477.29,2505.29,2477.29,2489.43,2489.43,52389824
2013-04-10,2487.98,2495.57,2466.19,2485.31,2485.31,47504913
2013-04-11,2502.5,2508.59,2476.4,2477.88,2477.88,42989958
2013-04-12,2476.32,2489.12,2460.18,2462.11,2462.11,39917278
2013-04-15,2453.97,2461.67,2430.15,2436.82,2436.82,46539734
2013-04-16,2419.51,2461.05,2416.62,2459.59,2459.59,55280613
2013-04-17,2457.88,2465.2,2437.34,2458.47,2458.47,44692164
2013-04-18,2440.71,2478.41,2434.73,2464.85,2464.85,42860707
2013-04-19,2469.95,2542.45,2469.32,2533.83,2533.83,75520876
2013-04-22,2525.11,2539.05,2518.26,2530.67,2530.67,62511883
2013-04-23,2532.2,2532.2,2448.2,2449.47,2449.47,60653982
2013-04-24,2452.78,2511.2,2446.59,2495.58,2495.58,63050916
2013-04-25,2486.86,2505.48,2456.57,2467.88,2467.88,60557927
2013-04-26,2477.72,2488.58,2439.8,2447.31,2447.31,47123378
2013-05-02,2434.6,2453.75,2423.08,2449.64,2449.64,47016088
2013-05-03,2457.54,2521.12,2457.54,2492.91,2492.91,62330091
2013-05-06,2502.98,2533.85,2500.46,2525.98,2525.98,60418780
2013-05-07,2519.36,2539.3,2507.76,2529.94,2529.94,54490643
2013-05-08,2542.27,2562.01,2531.25,2542.8,2542.8,59554294
2013-05-09,2542.37,2543.3,2507.79,2527.79,2527.79,60240145
2013-05-10,2519.52,2546.98,2515.16,2540.84,2540.84,48816728
2013-05-13,2542.41,2547.6,2516.73,2530.77,2530.77,54092147
2013-05-14,2526.0,2526.15,2479.87,2493.34,2493.34,54880064
2013-05-15,2493.97,2507.43,2491.93,2506.93,2506.93,44189660
2013-05-16,2501.12,2553.06,2487.76,2552.71,2552.71,70796182
2013-05-17,2550.45,2598.71,2547.78,2592.05,2592.05,81850801
2013-05-20,2597.15,2627.62,2590.05,2609.61,2609.61,86337803
2013-05-21,2607.39,2617.4,2594.25,2614.85,2614.85,71505994
2013-05-22,2613.41,2630.07,2603.75,2618.03,2618.03,74191817
2013-05-23,2604.93,2624.08,2579.35,2582.85,2582.85,84825370
2013-05-24,2591.42,2608.35,2572.88,2597.23,2597.23,60739669
2013-05-27,2593.52,2611.97,2589.74,2599.59,2599.59,64195080
2013-05-28,2600.63,2644.36,2585.9,2644.36,2644.36,84196112
2013-05-29,2648.93,2661.23,2640.88,2642.56,2642.56,79277709
2013-05-30,2633.96,2647.44,2623.58,2634.32,2634.32,70146368
2013-05-31,2638.71,2645.56,2604.75,2606.43,2606.43,62528533
2013-06-03,2605.97,2625.94,2596.05,2602.62,2602.62,59774468
2013-06-04,2600.5,2600.5,2556.06,2565.67,2565.67,66315750
2013-06-05,2565.33,2570.03,2545.19,2560.54,2560.54,45637193
2013-06-06,2552.82,2557.68,2525.31,2527.84,2527.84,52496529
2013-06-07,2526.91,2538.89,2475.69,2484.16,2484.16,61030894
2013-06-13,2448.72,2448.72,2375.2,2399.94,2399.94,69730066
2013-06-14,2404.42,2420.36,2396.49,2416.77,2416.77,55964534
2013-06-17,2422.76,2427.53,2394.39,2403.84,2403.84,50395711
2013-06-18,2413.09,2424.2,2393.32,2418.75,2418.75,48630379
2013-06-19,2408.28,2408.28,2366.35,2400.76,2400.76,54346260
2013-06-20,2386.1,2386.1,2320.23,2321.47,2321.47,55201020
2013-06-21,2283.15,2332.84,2269.56,2317.39,2317.39,58705798
2013-06-24,2308.07,2308.07,2164.32,2171.21,2171.21,86597259
2013-06-25,2146.05,2169.21,2023.17,2165.42,2165.42,107554882
2013-06-26,2170.33,2181.02,2131.86,2168.3,2168.3,79256426
2013-06-27,2172.85,2200.21,2153.18,2160.74,2160.74,75406753
2013-06-28,2149.03,2227.46,2139.37,2200.64,2200.64,79451327
2013-07-01,2187.09,2213.97,2166.35,2213.32,2213.32,57726227
2013-07-02,2211.8,2226.11,2191.8,2221.98,2221.98,61838850
2013-07-03,2211.04,2211.04,2169.14,2203.83,2203.83,65836022
2013-07-04,2187.18,2245.91,2176.08,2221.98,2221.98,72581145
2013-07-05,2227.35,2252.03,2225.05,2226.85,2226.85,61821775
2013-07-08,2194.42,2205.21,2162.19,2163.62,2163.62,54782493
2013-07-09,2160.7,2174.79,2149.79,2162.67,2162.67,41494433
2013-07-10,2163.1,2224.14,2157.47,2224.06,2224.06,61149781
2013-07-11,2232.16,2351.22,2232.16,2326.69,2326.69,125793192
2013-07-12,2319.02,2331.99,2274.07,2275.37,2275.37,89733082
2013-07-15,2289.76,2336.04,2274.67,2307.3,2307.3,74757884
2013-07-16,2300.83,2317.85,2281.94,2317.85,2317.85,65624157
2013-07-17,2311.44,2326.93,2281.61,2282.84,2282.84,67655248
2013-07-18,2272.95,2282.44,2241.93,2245.33,2245.33,57144292
2013-07-19,2248.13,2257.92,2188.75,2190.48,2190.48,70535282
2013-07-22,2170.09,2203.06,2159.81,2202.19,2202.19,53283495
2013-07-23,2211.59,2276.74,2206.76,2265.84,2265.84,74809731
2013-07-24,2253.38,2265.58,2217.19,2249.15,2249.15,69592307
2013-07-25,2255.22,2268.84,2227.85,2237.68,2237.68,65774316
2013-07-26,2226.43,2238.42,2209.81,2224.01,2224.01,48941098
2013-07-29,2205.08,2205.08,2169.02,2175.97,2175.97,54600925
2013-07-30,2184.01,2221.59,2162.98,2189.39,2189.39,55193623
2013-07-31,2211.75,2235.38,2187.21,2193.02,2193.02,48327055
2013-08-01,2206.0,2245.56,2200.63,2245.36,2245.36,62603997
2013-08-02,2263.5,2274.71,2244.25,2247.26,2247.26,60890893
2013-08-05,2249.98,2278.33,2243.22,2278.33,2278.33,55342151
2013-08-06,2270.67,2302.48,2256.72,2293.64,2293.64,73746895
2013-08-07,2292.38,2313.88,2276.86,2280.62,2280.62,73048695
2013-08-08,2277.25,2297.63,2267.07,2276.78,2276.78,53098430
2013-08-09,2288.51,2301.59,2258.33,2286.01,2286.01,64600017
2013-08-12,2296.22,2352.89,2293.18,2352.79,2352.79,97863216
2013-08-13,2352.88,2360.83,2340.73,2359.07,2359.07,78393636
2013-08-14,2362.62,2386.6,2340.83,2349.08,2349.08,75942128
2013-08-15,2348.84,2362.09,2319.78,2321.58,2321.58,61951853
2013-08-16,2314.26,2423.08,2295.02,2304.14,2304.14,120369563
2013-08-19,2286.2,2340.19,2284.08,2331.43,2331.43,72483224
2013-08-20,2325.86,2353.41,2303.67,2312.47,2312.47,73086345
2013-08-21,2320.58,2321.64,2291.05,2308.59,2308.59,55007384
2013-08-22,2302.67,2329.14,2297.02,2303.93,2303.93,55338104
2013-08-23,2314.87,2321.04,2251.92,2286.93,2286.93,68967133
2013-08-26,2294.76,2336.38,2288.5,2335.62,2335.62,70371043
2013-08-27,2332.8,2345.1,2322.46,2340.88,2340.88,65990333
2013-08-28,2326.1,2345.36,2307.04,2328.06,2328.06,89256174
2013-08-29,2338.56,2342.32,2308.15,2318.31,2318.31,66085415
2013-08-30,2315.91,2334.41,2303.61,2313.91,2313.91,87654515
2013-09-02,2319.96,2329.87,2297.45,2320.34,2320.34,79510249
2013-09-03,2326.23,2354.86,2321.3,2354.5,2354.5,80554005
2013-09-04,2352.54,2360.66,2345.44,2350.7,2350.7,78725763
2013-09-05,2350.93,2351.22,2336.75,2341.74,2341.74,62951383
2013-09-06,2336.77,2361.18,2335.93,2357.78,2357.78,73340116
2013-09-09,2374.26,2449.25,2372.69,2440.61,2440.61,149889640
2013-09-10,2446.45,2475.2,2435.83,2474.89,2474.89,154855992
2013-09-11,2483.79,2504.47,2471.62,2482.89,2482.89,166914974
2013-09-12,2480.47,2527.38,2469.72,2507.46,2507.46,145173175
2013-09-13,2502.54,2515.78,2481.45,2488.9,2488.9,110775049
2013-09-16,2501.08,2503.69,2467.13,2478.39,2478.39,105383282
2013-09-17,2480.81,2481.71,2426.46,2427.32,2427.32,99459982
2013-09-18,2426.04,2439.63,2407.24,2432.51,2432.51,71040759
2013-09-23,2441.52,2473.16,2439.99,2472.29,2472.29,80128352
2013-09-24,2470.72,2470.75,2420.08,2443.89,2443.89,97853013
2013-09-25,2440.83,2455.04,2423.28,2429.03,2429.03,90518418
2013-09-26,2422.63,2422.63,2382.53,2384.44,2384.44,86236770
2013-09-27,2382.22,2402.2,2379.86,2394.97,2394.97,65971508
2013-09-30,2406.21,2415.07,2397.22,2409.04,2409.04,59513992
2013-10-08,2406.42,2446.7,2392.57,2441.81,2441.81,84785506
2013-10-09,2432.94,2453.75,2424.77,2453.58,2453.58,76277645
2013-10-10,2455.64,2455.98,2422.02,2429.32,2429.32,90329706
2013-10-11,2442.36,2471.17,2439.63,2468.51,2468.51,93388261
2013-10-14,2472.27,2483.13,2462.55,2472.54,2472.54,100081301
2013-10-15,2475.32,2479.13,2449.42,2467.52,2467.52,89173496
2013-10-16,2459.08,2459.08,2409.72,2421.37,2421.37,88979834
2013-10-17,2432.65,2440.92,2407.78,2413.33,2413.33,71222474
2013-10-18,2415.12,2435.71,2410.6,2426.05,2426.05,60291630
2013-10-21,2431.92,2472.78,2423.56,2471.32,2471.32,84909795
2013-10-22,2470.25,2470.25,2439.86,2445.89,2445.89,90703029
2013-10-23,2451.56,2474.37,2412.48,2418.49,2418.49,91545355
2013-10-24,2412.24,2422.94,2395.47,2400.51,2400.51,64560821
2013-10-25,2400.52,2413.33,2353.99,2368.56,2368.56,77070182
2013-10-28,2372.57,2377.25,2351.86,2365.95,2365.95,62876152
2013-10-29,2369.22,2408.62,2327.9,2372.05,2372.05,106737833
2013-10-30,2371.85,2407.85,2365.51,2407.47,2407.47,92178126
2013-10-31,2398.4,2398.4,2370.23,2373.72,2373.72,82736964
2013-11-01,2373.96,2395.0,2365.15,2384.96,2384.96,63055762
2013-11-04,2397.21,2404.9,2376.35,2380.45,2380.45,51798461
2013-11-05,2366.88,2385.69,2343.8,2383.77,2383.77,62084488
2013-11-06,2371.32,2383.54,2352.79,2353.57,2353.57,63776663
2013-11-07,2351.87,2356.67,2328.25,2340.55,2340.55,54821747
2013-11-08,2329.08,2342.67,2306.04,2307.95,2307.95,53788508
2013-11-11,2305.94,2325.23,2295.0,2315.89,2315.89,45739457
2013-11-12,2319.36,2342.53,2316.6,2340.0,2340.0,52687545
2013-11-13,2325.36,2325.56,2287.55,2288.12,2288.12,59848831
2013-11-14,2291.27,2305.7,2279.01,2304.5,2304.5,57310356
2013-11-15,2306.55,2377.21,2306.55,2350.73,2350.73,86391771
2013-11-18,2367.88,2429.57,2361.04,2428.9,2428.9,110034633
2013-11-19,2427.93,2427.93,2405.08,2412.16,2412.16,78648296
2013-11-20,2428.77,2435.43,2406.42,2424.85,2424.85,72291801
2013-11-21,2412.45,2415.38,2382.88,2409.99,2409.99,87706677
2013-11-22,2415.29,2419.0,2393.58,2397.96,2397.96,75000675
2013-11-25,2385.78,2418.85,2380.69,2388.63,2388.63,66144734
2013-11-26,2387.83,2399.02,2380.41,2387.42,2387.42,59185864
2013-11-27,2386.36,2422.81,2383.78,2414.48,2414.48,75294088
2013-11-28,2419.15,2460.56,2417.24,2439.53,2439.53,90660406
2013-11-29,2442.68,2446.4,2432.39,2438.94,2438.94,61803746
2013-12-02,2423.97,2464.86,2397.01,2418.79,2418.79,119655123
2013-12-03,2410.69,2448.33,2406.66,2442.78,2442.78,74455752
2013-12-04,2439.82,2486.64,2434.69,2475.14,2475.14,102650235
2013-12-05,2476.45,2481.75,2460.58,2468.2,2468.2,77708932
2013-12-06,2463.04,2470.81,2445.62,2452.29,2452.29,66114089
2013-12-09,2460.03,2468.95,2445.94,2450.87,2450.87,57164884
2013-12-10,2456.23,2466.66,2444.53,2453.32,2453.32,66941424
2013-12-11,2440.5,2440.5,2400.74,2412.76,2412.76,68075144
2013-12-12,2406.77,2423.31,2402.77,2410.01,2410.01,50147719
2013-12-13,2388.66,2416.26,2386.25,2406.64,2406.64,51501196
2013-12-16,2408.68,2412.73,2367.43,2367.92,2367.92,64581674
2013-12-17,2369.25,2373.29,2351.18,2356.38,2356.38,48483891
2013-12-18,2356.7,2368.58,2350.45,2357.23,2357.23,40015207
2013-12-19,2366.21,2370.99,2331.19,2332.41,2332.41,48095680
2013-12-20,2335.05,2338.88,2278.1,2278.14,2278.14,65204207
2013-12-23,2283.8,2295.76,2259.57,2284.6,2284.6,45580285
2013-12-24,2291.12,2312.83,2270.25,2288.25,2288.25,45599168
2013-12-25,2291.75,2305.61,2281.6,2305.11,2305.11,44005326
2013-12-26,2299.97,2301.49,2263.92,2265.33,2265.33,51497563
2013-12-27,2268.53,2315.18,2264.39,2303.48,2303.48,53389157
2013-12-30,2313.38,2316.62,2295.64,2299.46,2299.46,48414308
2013-12-31,2289.01,2333.07,2287.12,2330.03,2330.03,56631070
2014-01-02,2323.43,2325.99,2310.65,2321.98,2321.98,45194291
2014-01-03,2311.97,2314.84,2280.89,2290.78,2290.78,59782645
2014-01-06,2286.37,2286.37,2229.33,2238.64,2238.64,66300403
2014-01-07,2222.31,2246.79,2218.65,2238.0,2238.0,43753103
2014-01-08,2240.64,2262.58,2228.42,2241.91,2241.91,51348854
2014-01-09,2236.97,2258.89,2220.8,2222.22,2222.22,55987041
2014-01-10,2216.52,2224.49,2200.22,2204.85,2204.85,54169293
2014-01-13,2207.0,2222.07,2183.6,2193.68,2193.68,50122772
2014-01-14,2192.84,2214.12,2179.91,2212.85,2212.85,54049947
2014-01-15,2210.02,2215.9,2193.8,2208.94,2208.94,48962395
2014-01-16,2209.45,2227.26,2201.56,2211.84,2211.84,52298902
2014-01-17,2203.82,2205.97,2175.88,2178.49,2178.49,50273155
2014-01-20,2173.65,2182.46,2156.46,2165.99,2165.99,40560154
2014-01-21,2168.42,2197.92,2168.42,2187.41,2187.41,40306247
2014-01-22,2190.43,2244.13,2187.53,2243.8,2243.8,70641375
2014-01-23,2242.25,2248.92,2228.06,2231.89,2231.89,56345951
2014-01-24,2225.76,2257.35,2222.89,2245.68,2245.68,61167670
2014-01-27,2233.01,2233.23,2211.8,2215.92,2215.92,70344246
2014-01-28,2220.78,2233.26,2205.97,2219.85,2219.85,53269130
2014-01-29,2225.71,2233.06,2219.93,2227.78,2227.78,50222717
2014-01-30,2223.16,2223.16,2200.22,2202.45,2202.45,43632304
2014-02-07,2187.34,2212.5,2177.12,2212.48,2212.48,50459315
2014-02-10,2221.54,2270.19,2221.54,2267.53,2267.53,83065716
2014-02-11,2267.74,2296.52,2262.6,2285.56,2285.56,99229829
2014-02-12,2286.19,2294.32,2276.44,2291.25,2291.25,76592161
2014-02-13,2288.45,2307.47,2278.26,2279.55,2279.55,96217789
2014-02-14,2278.4,2295.85,2274.43,2295.57,2295.57,67082997
2014-02-17,2308.79,2315.58,2293.55,2311.65,2311.65,87831666
2014-02-18,2310.31,2310.31,2276.11,2282.44,2282.44,87049743
2014-02-19,2280.93,2317.42,2274.15,2308.66,2308.66,99352561
2014-02-20,2314.09,2331.7,2286.2,2287.44,2287.44,106439533
2014-02-21,2284.03,2287.87,2250.65,2264.29,2264.29,76368993
2014-02-24,2246.72,2246.72,2194.16,2214.51,2214.51,89215939
2014-02-25,2216.51,2225.21,2150.09,2157.91,2157.91,93237551
2014-02-26,2147.74,2164.7,2137.08,2163.41,2163.41,77993297
2014-02-27,2170.81,2180.06,2150.14,2154.11,2154.11,90104296
2014-02-28,2149.45,2180.47,2133.55,2178.97,2178.97,76668057
2014-03-03,2173.91,2194.22,2167.91,2190.37,2190.37,82072314
2014-03-04,2183.86,2188.6,2161.59,2184.27,2184.27,73069250
2014-03-05,2187.35,2189.09,2159.59,2163.98,2163.98,61332015
2014-03-06,2159.4,2181.43,2136.45,2173.63,2173.63,69093767
2014-03-07,2170.04,2189.39,2161.44,2168.36,2168.36,64265177
2014-03-10,2149.68,2149.68,2095.07,2097.79,2097.79,71416407
2014-03-11,2092.61,2118.79,2088.73,2108.66,2108.66,57621243
2014-03-12,2102.8,2130.59,2090.76,2114.13,2114.13,70069747
2014-03-13,2119.55,2149.44,2115.99,2140.33,2140.33,69226028
2014-03-14,2129.87,2140.38,2109.57,2122.84,2122.84,58617737
2014-03-17,2132.79,2143.2,2118.95,2143.04,2143.04,52409445
2014-03-18,2146.12,2152.46,2134.92,2138.13,2138.13,55354132
2014-03-19,2131.28,2131.28,2101.28,2120.87,2120.87,59303905
2014-03-20,2116.19,2134.79,2086.5,2086.97,2086.97,67631285
2014-03-21,2079.87,2163.23,2077.76,2158.8,2158.8,104024807
2014-03-24,2161.9,2186.73,2150.87,2176.55,2176.55,104491984
2014-03-25,2170.78,2191.49,2164.67,2174.44,2174.44,86877510
2014-03-26,2181.23,2186.08,2165.22,2171.05,2171.05,58276176
2014-03-27,2168.34,2186.89,2146.92,2155.71,2155.71,71275132
2014-03-28,2154.51,2172.67,2144.58,2151.97,2151.97,70086073
2014-03-31,2156.05,2165.25,2134.42,2146.3,2146.3,55457488
2014-04-01,2143.72,2170.09,2141.15,2163.11,2163.11,48866403
2014-04-02,2166.07,2182.68,2164.01,2180.73,2180.73,65039257
2014-04-03,2188.64,2196.14,2160.75,2165.01,2165.01,71536032
2014-04-04,2157.98,2186.15,2155.28,2185.47,2185.47,47945888
2014-04-08,2179.92,2243.97,2178.91,2237.32,2237.32,97219117
2014-04-09,2239.79,2246.79,2228.99,2238.62,2238.62,66357268
2014-04-10,2241.45,2290.74,2229.51,2273.76,2273.76,114545405
2014-04-11,2269.56,2281.1,2261.13,2270.67,2270.67,90615897
2014-04-14,2267.94,2275.83,2255.46,2268.61,2268.61,62264998
2014-04-15,2261.41,2261.47,2225.69,2229.46,2229.46,68218130
2014-04-16,2223.47,2245.31,2221.15,2232.53,2232.53,51678010
2014-04-17,2238.78,2241.62,2221.95,2224.8,2224.8,48333628
2014-04-18,2215.88,2228.77,2203.05,2224.48,2224.48,50757995
2014-04-21,2209.94,2231.71,2186.75,2187.25,2187.25,56278280
2014-04-22,2184.02,2196.85,2165.07,2196.79,2196.79,57094694
2014-04-23,2191.23,2205.59,2187.39,2194.67,2194.67,47763531
2014-04-24,2192.77,2209.45,2186.76,2190.47,2190.47,45058911
2014-04-25,2195.81,2201.71,2167.64,2167.83,2167.83,60245383
2014-04-28,2165.77,2171.39,2132.7,2134.97,2134.97,60485187
2014-04-29,2134.41,2159.38,2131.78,2158.47,2158.47,48204931
2014-04-30,2158.76,2164.18,2153.12,2158.66,2158.66,45334624
2014-05-05,2152.59,2161.7,2131.23,2156.47,2156.47,49344073
2014-05-06,2151.39,2173.62,2150.11,2157.33,2157.33,48086519
2014-05-07,2151.47,2153.72,2136.99,2137.32,2137.32,44607470
2014-05-08,2132.04,2168.21,2128.32,2135.5,2135.5,48332452
2014-05-09,2138.84,2141.56,2120.59,2133.91,2133.91,49181135
2014-05-12,2150.31,2184.33,2139.48,2180.05,2180.05,83472560
2014-05-13,2180.06,2185.05,2167.77,2174.85,2174.85,64912518
2014-05-14,2175.09,2184.22,2169.0,2172.37,2172.37,48514206
2014-05-15,2169.28,2171.45,2142.34,2144.08,2144.08,46734032
2014-05-16,2143.93,2150.5,2132.19,2145.95,2145.95,42253197
2014-05-19,2139.36,2139.36,2105.71,2115.14,2115.14,42893607
2014-05-20,2124.71,2131.57,2110.72,2115.77,2115.77,37299683
2014-05-21,2106.76,2136.1,2096.51,2135.91,2135.91,38946042
2014-05-22,2134.09,2160.91,2128.86,2130.87,2130.87,46252736
2014-05-23,2130.77,2148.58,2128.66,2148.41,2148.41,37623105
2014-05-26,2161.89,2165.42,2147.45,2155.98,2155.98,39550656
2014-05-27,2154.4,2160.03,2145.75,2147.28,2147.28,35897171
2014-05-28,2147.47,2171.17,2142.01,2169.35,2169.35,50056260
2014-05-29,2171.26,2178.09,2154.93,2155.16,2155.16,44891556
2014-05-30,2156.38,2166.91,2146.22,2156.46,2156.46,43923863
2014-06-03,2157.64,2169.0,2149.29,2149.92,2149.92,41982954
2014-06-04,2149.41,2149.45,2117.31,2128.27,2128.27,41817249
2014-06-05,2126.61,2150.93,2123.52,2150.6,2150.6,36477424
2014-06-06,2149.21,2149.78,2123.98,2134.72,2134.72,35738058
2014-06-09,2128.23,2153.9,2126.67,2134.28,2134.28,39311060
2014-06-10,2138.67,2161.53,2132.45,2161.27,2161.27,50507902
2014-06-11,2156.15,2163.61,2152.08,2160.77,2160.77,42563718
2014-06-12,2156.76,2160.99,2148.41,2153.41,2153.41,43025843
2014-06-13,2150.99,2183.65,2150.57,2176.24,2176.24,59252876
2014-06-16,2176.44,2196.34,2174.28,2191.85,2191.85,63296875
2014-06-17,2185.68,2185.68,2168.45,2169.67,2169.67,49933665
2014-06-18,2169.25,2172.55,2158.5,2160.24,2160.24,49463897
2014-06-19,2161.43,2166.41,2119.5,2126.91,2126.91,53162645
2014-06-20,2124.96,2137.03,2120.81,2136.73,2136.73,42393719
2014-06-23,2137.93,2147.23,2132.45,2134.11,2134.11,41179258
2014-06-24,2131.69,2145.21,2130.29,2144.82,2144.82,40164356
2014-06-25,2141.73,2141.73,2126.03,2133.37,2133.37,37666100
2014-06-26,2135.16,2151.11,2134.89,2149.08,2149.08,44351166
2014-06-27,2146.37,2159.53,2138.93,2150.26,2150.26,52722896
2014-06-30,2152.31,2168.22,2152.31,2165.12,2165.12,54304188
2014-07-01,2169.2,2171.15,2157.13,2164.56,2164.56,53323100
2014-07-02,2164.0,2171.51,2155.61,2170.87,2170.87,59685501
2014-07-03,2169.0,2184.96,2164.84,2180.19,2180.19,63690690
2014-07-04,2180.45,2183.8,2174.07,2178.7,2178.7,52851106
2014-07-07,2178.55,2186.2,2171.08,2176.29,2176.29,50242334
2014-07-08,2174.83,2180.78,2163.36,2180.47,2180.47,50743599
2014-07-09,2178.14,2178.51,2148.26,2148.71,2148.71,62022046
2014-07-10,2146.6,2151.77,2139.52,2142.85,2142.85,55732497
2014-07-11,2136.32,2154.74,2134.79,2148.01,2148.01,61374274
2014-07-14,2149.54,2171.9,2145.28,2171.76,2171.76,66158863
2014-07-15,2170.09,2176.27,2165.21,2174.98,2174.98,71815694
2014-07-16,2172.82,2183.25,2166.77,2170.87,2170.87,81560230
2014-07-17,2166.83,2166.93,2147.08,2157.07,2157.07,59453568
2014-07-18,2147.66,2176.32,2145.45,2164.14,2164.14,65473295
2014-07-21,2164.22,2171.94,2158.96,2166.29,2166.29,54172260
2014-07-22,2162.44,2197.59,2162.24,2192.7,2192.7,78542583
2014-07-23,2191.39,2210.28,2190.55,2197.83,2197.83,84213872
2014-07-24,2199.83,2239.81,2199.83,2237.01,2237.01,119435534
2014-07-25,2243.07,2260.89,2239.07,2260.45,2260.45,98972838
2014-07-28,2272.38,2331.47,2272.38,2323.9,2323.9,179869333
2014-07-29,2326.04,2342.77,2316.22,2331.37,2331.37,134269641
2014-07-30,2324.69,2339.04,2316.06,2322.01,2322.01,123022832
2014-07-31,2321.97,2350.55,2316.58,2350.25,2350.25,110987769
2014-08-01,2341.23,2371.5,2328.97,2329.4,2329.4,126317390
2014-08-04,2336.63,2375.62,2332.14,2375.62,2375.62,116713754
2014-08-05,2376.8,2380.77,2353.79,2369.35,2369.35,111861789
2014-08-06,2358.21,2371.67,2334.33,2363.22,2363.22,116341829
2014-08-07,2363.61,2369.2,2326.27,2327.46,2327.46,116729210
2014-08-08,2329.18,2339.27,2319.29,2331.13,2331.13,86739694
2014-08-11,2338.01,2367.0,2337.01,2365.35,2365.35,91601171
2014-08-12,2361.17,2361.17,2344.72,2357.05,2357.05,91822608
2014-08-13,2358.46,2370.51,2335.69,2358.9,2358.9,110447789
2014-08-14,2357.2,2363.18,2334.08,2335.95,2335.95,97969493
2014-08-15,2337.99,2366.9,2333.12,2360.64,2360.64,93592546
2014-08-18,2366.27,2379.8,2361.2,2374.56,2374.56,104509554
2014-08-19,2378.89,2379.47,2358.97,2374.77,2374.77,115850020
2014-08-20,2371.65,2375.48,2360.84,2366.14,2366.14,101288088
2014-08-21,2365.73,2367.46,2333.3,2354.24,2354.24,100690211
2014-08-22,2352.32,2368.46,2350.99,2365.36,2365.36,89823938
2014-08-25,2367.02,2367.61,2338.46,2342.86,2342.86,97373717
2014-08-26,2339.6,2350.39,2317.18,2324.09,2324.09,93844222
2014-08-27,2323.79,2336.74,2322.89,2327.59,2327.59,67676221
2014-08-28,2328.06,2336.36,2309.64,2311.28,2311.28,70490655
2014-08-29,2317.3,2338.77,2313.26,2338.29,2338.29,63211423
2014-09-01,2340.93,2355.55,2338.53,2355.32,2355.32,77320870
2014-09-02,2359.86,2387.66,2349.95,2386.46,2386.46,114436733
2014-09-03,2389.69,2414.26,2389.68,2408.84,2408.84,129734204
2014-09-04,2411.93,2427.3,2404.08,2426.22,2426.22,111272298
2014-09-05,2433.17,2450.63,2427.99,2449.26,2449.26,133551764
2014-09-09,2452.23,2454.89,2437.08,2445.22,2445.22,118194344
2014-09-10,2435.59,2437.08,2422.65,2432.43,2432.43,109175517
2014-09-11,2430.68,2461.47,2417.27,2423.45,2423.45,132982583
2014-09-12,2418.75,2438.36,2412.62,2438.36,2438.36,109160170
2014-09-15,2433.0,2439.25,2418.96,2437.19,2437.19,122247159
2014-09-16,2440.34,2442.92,2386.98,2388.76,2388.76,186742791
2014-09-17,2395.36,2405.37,2379.09,2401.33,2401.33,125269028
2014-09-18,2396.38,2414.95,2389.62,2408.66,2408.66,115926376
2014-09-19,2409.31,2430.15,2402.31,2425.21,2425.21,101813577
2014-09-22,2419.33,2419.33,2374.11,2378.92,2378.92,102240870
2014-09-23,2379.52,2402.48,2379.52,2399.46,2399.46,84033341
2014-09-24,2391.42,2443.98,2387.07,2441.86,2441.86,142713530
2014-09-25,2453.42,2462.67,2429.59,2436.97,2436.97,138661891
2014-09-26,2430.81,2439.65,2420.5,2437.2,2437.2,100299494
2014-09-29,2443.91,2453.67,2435.61,2447.8,2447.8,123401727
2014-09-30,2452.17,2454.89,2444.2,2450.99,2450.99,115804229
2014-10-08,2460.87,2478.38,2445.27,2478.38,2478.38,121953604
2014-10-09,2480.2,2488.11,2461.11,2481.96,2481.96,137923920
2014-10-10,2472.1,2482.14,2457.68,2466.79,2466.79,147634307
2014-10-13,2457.41,2460.39,2430.55,2454.95,2454.95,131593362
2014-10-14,2451.09,2467.9,2436.34,2446.56,2446.56,127393705
2014-10-15,2444.54,2465.5,2431.19,2463.87,2463.87,135801882
2014-10-16,2448.97,2480.3,2441.82,2444.4,2444.4,158166603
2014-10-17,2443.22,2456.1,2410.4,2441.73,2441.73,132759988
2014-10-20,2448.45,2456.62,2441.9,2454.71,2454.71,91435401
2014-10-21,2453.41,2459.25,2432.55,2433.39,2433.39,96241912
2014-10-22,2434.89,2447.47,2417.56,2418.64,2418.64,88656193
2014-10-23,2415.44,2424.66,2392.53,2395.94,2395.94,103491839
2014-10-24,2397.85,2404.99,2385.73,2390.71,2390.71,74974869
2014-10-27,2377.54,2377.54,2361.68,2368.83,2368.83,73862447
2014-10-28,2373.16,2416.77,2373.16,2416.65,2416.65,101523055
2014-10-29,2423.81,2461.27,2415.7,2451.38,2451.38,158584062
2014-10-30,2450.36,2474.38,2443.76,2468.93,2468.93,189626353
2014-10-31,2473.5,2512.19,2466.5,2508.32,2508.32,239172412
2014-11-03,2515.82,2524.17,2502.06,2512.55,2512.55,205801228
2014-11-04,2511.04,2517.46,2498.6,2513.17,2513.17,218247005
2014-11-05,2516.87,2519.4,2499.23,2503.45,2503.45,190491862
2014-11-06,2505.17,2510.99,2482.98,2506.07,2506.07,149651117
2014-11-07,2508.76,2541.55,2489.42,2502.15,2502.15,208760911
2014-11-10,2529.83,2565.73,2514.71,2565.73,2565.73,226599735
2014-11-11,2578.44,2602.37,2532.57,2558.61,2558.61,323711656
2014-11-12,2545.4,2594.32,2539.6,2594.32,2594.32,184686261
2014-11-13,2597.39,2607.52,2567.46,2579.75,2579.75,219815615
2014-11-14,2569.21,2581.93,2557.67,2581.09,2581.09,165049965
2014-11-17,2613.51,2614.09,2565.94,2567.1,2567.1,158478095
2014-11-18,2565.27,2570.21,2534.93,2541.42,2541.42,142941356
2014-11-19,2538.23,2550.5,2531.32,2537.22,2537.22,122146974
2014-11-20,2528.78,2545.47,2522.84,2537.1,2537.1,106149864
2014-11-21,2537.54,2585.36,2530.03,2583.46,2583.46,151028139
2014-11-24,2614.16,2667.67,2602.94,2649.26,2649.26,279839720
2014-11-25,2650.08,2686.06,2643.84,2685.56,2685.56,222611699
2014-11-26,2695.26,2723.36,2690.31,2723.02,2723.02,243962485
2014-11-27,2737.03,2754.49,2718.7,2754.49,2754.49,265464730
2014-11-28,2753.93,2809.54,2740.37,2808.82,2808.82,375323662
2014-12-01,2825.61,2855.33,2808.65,2819.81,2819.81,365487417
2014-12-02,2807.34,2944.51,2804.29,2923.94,2923.94,361465322
2014-12-03,2936.12,3028.23,2912.25,2967.55,2967.55,466156685
2014-12-04,2975.4,3104.89,2968.88,3104.35,3104.35,426812928
2014-12-05,3143.97,3195.8,3011.94,3124.89,3124.89,524881260
2014-12-08,3108.27,3270.88,3075.7,3252.88,3252.88,484462344
2014-12-09,3233.1,3387.83,3074.52,3106.91,3106.91,632874567
2014-12-10,3120.21,3229.05,3058.19,3221.55,3221.55,425018708
2014-12-11,3185.16,3254.42,3158.44,3183.01,3183.01,367091691
2014-12-12,3182.92,3239.45,3167.93,3193.23,3193.23,301065325
2014-12-15,3176.83,3226.22,3143.3,3217.23,3217.23,290193834
2014-12-16,3221.36,3303.4,3207.69,3303.4,3303.4,358123847
2014-12-17,3325.82,3368.19,3275.74,3360.6,3360.6,448140770
2014-12-18,3359.09,3393.71,3322.23,3345.93,3345.93,355970207
2014-12-19,3345.63,3397.18,3280.92,3383.17,3383.17,411211590
2014-12-22,3396.25,3455.21,3357.66,3394.48,3394.48,549801671
2014-12-23,3358.8,3431.78,3316.91,3324.92,3324.92,369736093
2014-12-24,3332.15,3340.36,3188.5,3230.39,3230.39,317449587
2014-12-25,3254.48,3335.78,3226.32,3335.42,3335.42,309799547
2014-12-26,3343.64,3453.34,3335.01,3445.84,3445.84,384614124
2014-12-29,3502.18,3524.28,3405.84,3455.46,3455.46,425015037
2014-12-30,3450.81,3491.83,3422.17,3457.55,3457.55,328233873
2014-12-31,3462.39,3542.34,3452.5,3533.71,3533.71,345934760
2015-01-05,3566.09,3669.04,3551.51,3641.54,3641.54,451198098
2015-01-06,3608.43,3683.23,3587.23,3641.06,3641.06,420962185
2015-01-07,3620.92,3671.19,3601.7,3643.79,3643.79,320191232
2015-01-08,3650.07,3659.95,3552.1,3559.26,3559.26,295003045
2015-01-09,3547.57,3689.75,3536.4,3546.72,3546.72,349982672
2015-01-12,3531.51,3560.53,3461.32,3513.58,3513.58,266567175
2015-01-13,3506.45,3550.16,3494.77,3514.04,3514.04,187153965
2015-01-14,3522.91,3547.24,3471.56,3502.42,3502.42,196012510
2015-01-15,3501.72,3604.12,3482.27,3604.12,3604.12,237812338
2015-01-16,3616.25,3662.16,3601.26,3635.15,3635.15,282681614
2015-01-19,3414.01,3497.25,3330.98,3355.16,3355.16,329505275
2015-01-20,3336.79,3419.2,3325.68,3396.22,3396.22,297843232
2015-01-21,3420.49,3557.79,3409.43,3548.89,3548.89,337928210
2015-01-22,3551.05,3576.76,3520.05,3567.61,3567.61,268853599
2015-01-23,3582.09,3627.81,3548.63,3571.73,3571.73,280172172
2015-01-26,3580.12,3611.62,3559.38,3607.99,3607.99,239766203
2015-01-27,3614.04,3616.26,3510.02,3574.93,3574.93,287669179
2015-01-28,3547.24,3583.31,3512.39,3525.32,3525.32,216220214
2015-01-29,3474.92,3505.58,3453.9,3481.8,3481.8,211618860
2015-01-30,3496.89,3514.22,3431.94,3434.39,3434.39,196479157
2015-02-02,3360.19,3407.26,3347.08,3353.96,3353.96,195183699
2015-02-03,3388.6,3441.71,3360.72,3437.45,3437.45,192846096
2015-02-04,3446.14,3476.82,3399.56,3401.77,3401.77,191304349
2015-02-05,3487.95,3487.95,3366.86,3366.95,3366.95,250430609
2015-02-06,3352.33,3374.05,3285.94,3312.42,3312.42,192664186
2015-02-09,3305.73,3376.53,3298.6,3345.92,3345.92,172353820
2015-02-10,3345.08,3407.18,3339.55,3406.94,3406.94,159309088
2015-02-11,3415.98,3445.66,3412.14,3434.12,3434.12,144613772
2015-02-12,3435.36,3453.58,3405.63,3442.87,3442.87,156081691
2015-02-13,3458.83,3509.5,3452.08,3469.83,3469.83,201089971
2015-02-16,3473.29,3504.48,3466.61,3499.48,3499.48,165641343
2015-02-17,3511.54,3536.82,3511.09,3522.32,3522.32,165328313
2015-02-25,3529.55,3529.55,3463.96,3478.73,3478.73,165539351
2015-02-26,3473.71,3569.33,3456.87,3566.29,3566.29,229328438
2015-02-27,3565.23,3594.81,3560.46,3572.84,3572.84,222786438
2015-03-02,3603.45,3608.69,3566.53,3601.26,3601.26,248176125
2015-03-03,3579.31,3579.31,3504.2,3507.9,3507.9,261866489
2015-03-04,3514.67,3540.91,3497.17,3530.82,3530.82,199663981
2015-03-05,3513.25,3517.08,3467.68,3496.34,3496.34,217508805
2015-03-06,3501.18,3516.24,3472.39,3478.52,3478.52,181518054
2015-03-09,3449.7,3546.71,3417.49,3537.75,3537.75,233940411
2015-03-10,3523.64,3551.21,3511.99,3520.61,3520.61,194267657
2015-03-11,3524.57,3568.92,3512.22,3524.65,3524.65,188947825
2015-03-12,3557.69,3603.34,3536.53,3592.84,3592.84,265664625
2015-03-13,3604.67,3641.39,3594.74,3617.66,3617.66,246864768
2015-03-16,3641.77,3705.74,3621.12,3705.67,3705.67,275438307
2015-03-17,3733.96,3762.57,3716.81,3757.12,3757.12,371625666
2015-03-18,3769.09,3846.05,3763.85,3846.05,3846.05,415190011
2015-03-19,3851.25,3859.13,3809.71,3839.74,3839.74,391547630
2015-03-20,3852.49,3916.86,3832.42,3892.57,3892.57,401817552
2015-03-23,3923.08,3972.3,3922.21,3972.06,3972.06,391119922
2015-03-24,3980.07,3989.86,3883.78,3973.05,3973.05,468581312
2015-03-25,3961.58,3980.72,3913.99,3940.41,3940.41,379968851
2015-03-26,3921.75,3992.0,3892.88,3950.0,3950.0,346756315
2015-03-27,3957.54,3993.03,3932.87,3971.7,3971.7,298756064
2015-03-30,3999.02,4101.65,3999.02,4088.18,4088.18,428297020
2015-03-31,4138.88,4166.02,4037.77,4051.2,4051.2,436065635
2015-04-01,4057.5,4139.5,4046.94,4123.9,4123.9,329512853
2015-04-02,4149.95,4156.84,4068.65,4124.78,4124.78,339070487
2015-04-03,4104.67,4170.56,4092.38,4170.54,4170.54,321303766
2015-04-07,4213.89,4260.47,4197.02,4260.04,4260.04,415362654
2015-04-08,4277.45,4304.78,4204.83,4295.8,4295.8,458676715
2015-04-09,4316.96,4332.17,4212.61,4262.14,4262.14,439699902
2015-04-10,4249.38,4351.69,4231.2,4344.42,4344.42,348190170
2015-04-13,4394.05,4432.02,4361.59,4421.07,4421.07,434153036
2015-04-14,4432.13,4474.35,4385.91,4438.18,4438.18,434432126
2015-04-15,4439.31,4476.0,4379.61,4380.51,4380.51,472154131
2015-04-16,4355.49,4513.77,4335.63,4513.55,4513.55,422603748
2015-04-17,4578.68,4630.27,4553.9,4596.14,4596.14,552802663
2015-04-20,4615.03,4671.17,4492.6,4521.92,4521.92,686439075
2015-04-21,4520.46,4620.06,4504.56,4619.16,4619.16,490314991
2015-04-22,4637.06,4740.93,4632.59,4739.81,4739.81,516213792
2015-04-23,4764.48,4782.04,4693.97,4740.89,4740.89,497430954
2015-04-24,4682.63,4730.43,4618.32,4702.64,4702.64,480152936
2015-04-27,4753.87,4810.48,4735.31,4807.59,4807.59,513076548
2015-04-28,4811.32,4839.08,4703.57,4741.86,4741.86,608638545
2015-04-29,4722.9,4797.93,4695.79,4774.33,4774.33,395056980
2015-04-30,4788.41,4818.73,4749.48,4749.89,4749.89,399727444
2015-05-04,4757.64,4795.92,4699.4,4787.74,4787.74,377843853
2015-05-05,4785.19,4785.19,4572.98,4596.84,4596.84,460419626
2015-05-06,4626.23,4700.91,4511.76,4553.33,4553.33,376073702
2015-05-07,4520.82,4546.34,4467.46,4470.09,4470.09,297759203
2015-05-08,4515.55,4559.06,4445.59,4558.4,4558.4,302407967
2015-05-11,4582.09,4690.95,4535.15,4690.53,4690.53,373838420
2015-05-12,4692.12,4748.0,4660.02,4747.42,4747.42,377053891
2015-05-13,4746.71,4758.0,4678.85,4718.44,4718.44,370730424
2015-05-14,4717.96,4735.28,4670.17,4700.78,4700.78,337725152
2015-05-15,4690.75,4690.75,4592.05,4617.47,4617.47,328431166
2015-05-18,4582.06,4623.38,4565.06,4575.14,4575.14,269180489
2015-05-19,4577.64,4740.0,4577.64,4731.22,4731.22,314785952
2015-05-20,4751.57,4843.1,4745.21,4754.92,4754.92,363180748
2015-05-21,4768.69,4841.62,4746.03,4840.98,4840.98,305054537
2015-05-22,4895.92,4951.99,4870.6,4951.33,4951.33,455846718
2015-05-25,4949.11,5099.84,4949.11,5099.5,5099.5,465736590
2015-05-26,5140.8,5199.29,5063.15,5198.92,5198.92,487949359
2015-05-27,5216.17,5226.84,5126.86,5181.43,5181.43,470798730
2015-05-28,5174.1,5213.18,4831.33,4834.01,4834.01,571829047
2015-05-29,4839.53,4924.3,4665.52,4840.83,4840.83,427878859
2015-06-01,4862.76,5079.32,4835.77,5076.18,5076.18,417503741
2015-06-02,5091.27,5162.56,5047.08,5161.87,5161.87,412973196
2015-06-03,5176.6,5186.97,5059.5,5143.59,5143.59,414258270
2015-06-04,5156.01,5194.23,4863.46,5181.42,5181.42,482767268
2015-06-05,5254.9,5288.34,5104.18,5230.55,5230.55,545961196
2015-06-08,5259.41,5370.61,5202.59,5353.75,5353.75,637313237
2015-06-09,5379.47,5380.43,5251.21,5317.46,5317.46,570427263
2015-06-10,5254.3,5374.83,5209.68,5309.11,5309.11,442165676
2015-06-11,5305.14,5329.29,5248.16,5306.59,5306.59,392338755
2015-06-12,5329.28,5351.65,5283.09,5335.12,5335.12,430131386
2015-06-15,5354.01,5362.45,5207.31,5221.17,5221.17,475745703
2015-06-16,5165.02,5204.3,5015.26,5064.82,5064.82,411675638
2015-06-17,5072.31,5158.37,4949.29,5138.83,5138.83,397124187
2015-06-18,5107.69,5121.22,4926.43,4930.55,4930.55,364395814
2015-06-19,4847.06,4910.45,4634.69,4637.05,4637.05,358104744
2015-06-23,4641.42,4786.96,4455.33,4786.09,4786.09,365087944
2015-06-24,4811.59,4883.73,4744.31,4880.13,4880.13,434638723
2015-06-25,4906.24,4919.26,4667.22,4706.52,4706.52,446135982
2015-06-26,4573.87,4650.19,4278.68,4336.19,4336.19,446639790
2015-06-29,4446.84,4451.17,4000.93,4191.55,4191.55,525662482
2015-06-30,4161.07,4475.77,4016.01,4473.0,4473.0,527045280
2015-07-01,4408.98,4526.13,4235.7,4253.02,4253.02,431721411
2015-07-02,4287.73,4312.19,4000.06,4108.0,4108.0,457062194
2015-07-03,4017.2,4164.63,3785.9,3885.92,3885.92,429300850
2015-07-06,4218.27,4218.27,3832.47,3998.54,3998.54,648094530
2015-07-07,3877.85,3960.64,3743.62,3928.0,3928.0,679385007
2015-07-08,3651.06,3762.62,3612.25,3663.04,3663.04,581467097
2015-07-09,3621.68,3930.26,3537.83,3897.63,3897.63,503870610
2015-07-10,3916.27,4179.11,3887.55,4106.56,4106.56,500701802
2015-07-13,4132.23,4278.16,4072.43,4211.81,4211.81,502092186
2015-07-14,4178.63,4258.51,4062.5,4112.15,4112.15,454422009
2015-07-15,4068.88,4114.24,3899.51,3966.76,3966.76,421956367
2015-07-16,3949.64,4067.02,3856.32,3997.36,3997.36,330531345
2015-07-17,4023.76,4190.19,4000.23,4151.5,4151.5,331107131
2015-07-20,4157.06,4221.69,4106.39,4160.61,4160.61,352673472
2015-07-21,4109.76,4201.48,4081.7,4166.01,4166.01,318374945
2015-07-22,4148.56,4187.43,4094.71,4157.16,4157.16,318945997
2015-07-23,4158.93,4262.06,4148.82,4250.81,4250.81,354471759
2015-07-24,4255.2,4299.65,4154.62,4176.28,4176.28,392045373
2015-07-27,4097.8,4156.31,3817.17,3818.73,3818.73,365054511
2015-07-28,3690.97,3883.45,3627.42,3811.09,3811.09,383527216
2015-07-29,3839.96,3934.0,3769.19,3930.38,3930.38,276972845
2015-07-30,3915.78,3968.53,3802.88,3815.41,3815.41,271548665
2015-07-31,3777.15,3863.62,3757.99,3816.7,3816.7,222376767
2015-08-03,3766.07,3829.24,3742.58,3829.24,3829.24,245805030
2015-08-04,3827.37,3948.45,3801.03,3948.16,3948.16,220236556
2015-08-05,3937.62,3962.28,3858.66,3866.9,3866.9,200484269
2015-08-06,3802.93,3888.69,3793.24,3831.85,3831.85,147278694
2015-08-07,3866.43,3926.65,3857.91,3906.94,3906.94,183349153
2015-08-10,3947.47,4101.73,3932.84,4084.36,4084.36,306780540
2015-08-11,4083.59,4110.13,4042.0,4066.67,4066.67,322034191
2015-08-12,4025.67,4078.03,4015.35,4016.13,4016.13,255146196
2015-08-13,4010.01,4075.7,3967.82,4075.46,4075.46,242836979
2015-08-14,4097.92,4113.16,4056.73,4073.54,4073.54,253392996
2015-08-17,4058.11,4081.77,4009.99,4077.87,4077.87,256939638
2015-08-18,4084.31,4103.05,3816.55,3825.41,3825.41,319881070
2015-08-19,3748.27,3898.74,3668.19,3886.14,3886.14,269049839
2015-08-20,3848.4,3880.82,3761.45,3761.45,3761.45,212167965
2015-08-21,3714.29,3757.78,3578.17,3589.54,3589.54,217986403
2015-08-24,3454.6,3468.15,3266.55,3275.53,3275.53,255436652
2015-08-25,3070.01,3200.11,3019.56,3042.93,3042.93,276081306
2015-08-26,3062.57,3192.93,2952.01,3025.69,3025.69,308270623
2015-08-27,3092.81,3206.72,3028.4,3205.64,3205.64,267294930
2015-08-28,3246.24,3353.24,3223.62,3342.29,3342.29,299498426
2015-08-31,3307.4,3368.28,3205.54,3366.54,3366.54,280250403
2015-09-01,3296.53,3370.5,3190.58,3362.08,3362.08,352458528
2015-09-02,3220.85,3387.02,3213.64,3365.83,3365.83,347789412
2015-09-07,3347.29,3422.22,3240.24,3250.49,3250.49,204224431
2015-09-08,3221.79,3340.22,3170.81,3334.02,3334.02,154599631
2015-09-09,3344.82,3426.65,3330.29,3399.31,3399.31,220467421
2015-09-10,3349.28,3398.32,3337.31,3357.56,3357.56,144882971
2015-09-11,3349.88,3383.13,3315.48,3347.19,3347.19,108547508
2015-09-14,3367.64,3373.92,3187.57,3281.13,3281.13,205457251
2015-09-15,3208.74,3240.08,3131.98,3152.23,3152.23,143555641
2015-09-16,3149.16,3345.92,3131.37,3309.25,3309.25,159709994
2015-09-17,3287.66,3354.91,3237.0,3237.0,3237.0,169401881
2015-09-18,3254.44,3280.88,3227.83,3251.27,3251.27,106903481
2015-09-21,3222.6,3312.55,3211.93,3308.25,3308.25,122788668
2015-09-22,3312.37,3371.41,3303.18,3339.03,3339.03,146221985
2015-09-23,3290.07,3315.94,3253.33,3263.03,3263.03,123171439
2015-09-24,3278.9,3300.86,3255.9,3285.0,3285.0,102011238
2015-09-25,3272.67,3290.86,3201.91,3231.95,3231.95,121419278
2015-09-28,3226.61,3246.55,3186.51,3242.75,3242.75,74219468
2015-09-29,3197.22,3208.42,3159.04,3178.85,3178.85,87150633
2015-09-30,3195.9,3223.91,3186.77,3202.95,3202.95,78559349
2015-10-08,3324.98,3337.33,3294.6,3296.48,3296.48,132081768
2015-10-09,3302.36,3352.38,3293.97,3340.12,3340.12,124352500
2015-10-12,3351.14,3486.63,3347.25,3447.69,3447.69,221400468
2015-10-13,3422.48,3452.05,3413.97,3445.04,3445.04,145433786
2015-10-14,3431.14,3458.7,3403.23,3406.11,3406.11,152173938
2015-10-15,3403.39,3486.81,3402.32,3486.81,3486.81,171158299
2015-10-16,3508.52,3537.54,3487.1,3534.07,3534.07,208964709
2015-10-19,3548.95,3572.99,3502.5,3534.18,3534.18,207606744
2015-10-20,3527.88,3577.8,3510.44,3577.7,3577.7,179025108
2015-10-21,3580.84,3601.24,3417.41,3473.25,3473.25,282076050
2015-10-22,3453.2,3530.77,3442.31,3524.53,3524.53,184305580
2015-10-23,3536.84,3581.84,3515.82,3571.24,3571.24,198294478
2015-10-26,3614.7,3620.76,3561.19,3589.26,3589.26,204248863
2015-10-27,3569.45,3601.05,3486.1,3592.88,3592.88,192056140
2015-10-28,3575.8,3598.17,3517.21,3524.92,3524.92,170977098
2015-10-29,3539.98,3561.81,3507.97,3533.31,3533.31,127010446
2015-10-30,3530.22,3574.47,3497.57,3534.08,3534.08,139141914
2015-11-02,3489.23,3543.45,3474.71,3475.96,3475.96,130002568
2015-11-03,3484.72,3501.7,3452.62,3465.49,3465.49,101401876
2015-11-04,3477.16,3628.54,3477.16,3628.54,3628.54,205423865
2015-11-05,3630.78,3781.41,3627.3,3705.97,3705.97,398046568
2015-11-06,3698.34,3801.71,3694.66,3793.37,3793.37,298753076
2015-11-09,3796.38,3891.77,3796.38,3840.35,3840.35,356804823
2015-11-10,3806.67,3876.49,3798.82,3833.24,3833.24,286519603
2015-11-11,3828.45,3843.11,3781.41,3833.65,3833.65,232234296
2015-11-12,3841.74,3843.9,3771.27,3795.32,3795.32,217537647
2015-11-13,3756.2,3793.71,3727.58,3746.24,3746.24,203489891
2015-11-16,3682.73,3764.41,3680.07,3764.13,3764.13,161690901
2015-11-17,3790.43,3852.77,3750.16,3758.39,3758.39,248533071
2015-11-18,3760.46,3771.85,3706.31,3715.58,3715.58,185689495
2015-11-19,3725.62,3775.23,3714.67,3774.97,3774.97,154631989
2015-11-20,3778.88,3793.54,3757.03,3774.38,3774.38,186951689
2015-11-23,3774.44,3802.85,3743.41,3753.34,3753.34,175626812
2015-11-24,3745.76,3754.17,3702.74,3753.89,3753.89,143383283
2015-11-25,3747.76,3781.86,3735.72,3781.61,3781.61,151944941
2015-11-26,3795.25,3805.84,3756.82,3759.43,3759.43,173525468
2015-11-27,3739.1,3742.74,3534.39,3556.99,3556.99,208939358
2015-11-30,3554.89,3587.97,3455.07,3566.41,3566.41,173201163
2015-12-01,3562.32,3617.31,3536.12,3591.7,3591.7,136536554
2015-12-02,3587.76,3725.85,3573.4,3721.95,3721.95,213538865
2015-12-03,3709.55,3758.45,3693.14,3749.3,3749.3,197762126
2015-12-04,3719.73,3726.12,3667.29,3677.59,3677.59,151199522
2015-12-07,3681.58,3699.34,3658.58,3687.61,3687.61,113883150
2015-12-08,3668.84,3668.84,3619.44,3623.02,3623.02,125781083
2015-12-09,3613.42,3655.16,3611.49,3635.94,3635.94,113325422
2015-12-10,3634.37,3678.32,3615.99,3623.08,3623.08,120215625
2015-12-11,3605.37,3630.74,3578.15,3608.06,3608.06,110322481
2015-12-14,3573.88,3712.5,3571.0,3711.32,3711.32,151769119
2015-12-15,3707.73,3717.36,3679.23,3694.39,3694.39,126481710
2015-12-16,3703.95,3713.09,3677.45,3685.44,3685.44,111342723
2015-12-17,3712.78,3768.84,3709.85,3755.89,3755.89,177924075
2015-12-18,3754.96,3810.22,3750.93,3767.91,3767.91,173465980
2015-12-21,3762.1,3877.82,3759.99,3865.96,3865.96,217435275
2015-12-22,3872.1,3880.47,3841.59,3876.73,3876.73,180303661
2015-12-23,3877.87,3926.69,3862.96,3866.38,3866.38,207017147
2015-12-24,3858.13,3867.68,3787.08,3829.4,3829.4,147181397
2015-12-25,3832.08,3848.02,3813.2,3838.2,3838.2,119624013
2015-12-28,3847.53,3853.39,3727.63,3727.63,3727.63,153988440
2015-12-29,3723.05,3762.05,3710.48,3761.87,3761.87,101885555
2015-12-30,3762.91,3765.66,3726.28,3765.18,3765.18,105629955
2015-12-31,3760.9,3772.62,3727.32,3731.0,3731.0,101873556
2016-01-04,3725.86,3726.24,3468.95,3469.07,3469.07,115370674
2016-01-05,3382.18,3518.22,3377.28,3478.78,3478.78,162116984
2016-01-06,3482.41,3543.74,3468.47,3539.81,3539.81,145966144
2016-01-07,3481.15,3481.15,3284.74,3294.38,3294.38,44102641
2016-01-08,3371.87,3418.85,3237.93,3361.56,3361.56,185959451
2016-01-11,3303.12,3342.48,3192.45,3192.45,3192.45,174638387
2016-01-12,3214.82,3242.25,3174.55,3215.71,3215.71,128225796
2016-01-13,3240.48,3257.3,3155.88,3155.88,3155.88,120666494
2016-01-14,3076.64,3226.66,3072.04,3221.57,3221.57,134537671
2016-01-15,3200.89,3216.8,3101.05,3118.73,3118.73,124601779
2016-01-18,3068.23,3165.62,3066.73,3130.73,3130.73,101128386
2016-01-19,3132.7,3227.91,3119.22,3223.12,3223.12,127653893
2016-01-20,3204.22,3225.95,3154.43,3174.38,3174.38,130650504
2016-01-21,3136.38,3202.54,3081.35,3081.35,3081.35,111189733
2016-01-22,3114.9,3132.17,3053.96,3113.46,3113.46,89951087
2016-01-25,3129.03,3149.33,3105.1,3128.89,3128.89,81540061
2016-01-26,3099.6,3106.53,2934.65,2940.51,2940.51,126933921
2016-01-27,2953.18,2963.54,2839.29,2930.35,2930.35,132229366
2016-01-28,2909.33,2941.89,2841.84,2853.76,2853.76,99222756
2016-01-29,2855.6,2965.31,2854.37,2946.09,2946.09,113304259
2016-02-01,2939.04,2944.52,2869.56,2901.05,2901.05,86795342
2016-02-02,2901.53,2972.43,2901.51,2961.33,2961.33,88601963
2016-02-03,2931.29,2954.71,2909.9,2948.64,2948.64,77389000
2016-02-04,2960.33,2999.21,2960.21,2984.76,2984.76,91779724
2016-02-05,2982.06,2988.36,2962.85,2963.79,2963.79,76850808
2016-02-15,2888.43,2961.49,2886.02,2946.71,2946.71,72919434
2016-02-16,2962.19,3042.09,2962.19,3037.04,3037.04,112579643
2016-02-17,3034.09,3065.78,3027.05,3063.32,3063.32,128291607
2016-02-18,3079.53,3093.51,3049.84,3053.7,3053.7,124401464
2016-02-19,3047.94,3065.97,3032.63,3051.58,3051.58,87338012
2016-02-22,3083.93,3128.21,3071.33,3118.87,3118.87,140946968
2016-02-23,3117.2,3119.22,3061.43,3089.36,3089.36,112567391
2016-02-24,3077.61,3109.55,3055.25,3109.55,3109.55,111782650
2016-02-25,3104.41,3104.44,2905.46,2918.75,2918.75,157829752
2016-02-26,2942.1,2964.39,2902.95,2948.03,2948.03,106949729
2016-02-29,2939.58,2939.87,2821.21,2877.47,2877.47,129341020
2016-03-01,2881.34,2950.44,2863.32,2930.69,2930.69,116045918
2016-03-02,2933.92,3054.72,2933.12,3051.33,3051.33,175972347
2016-03-03,3050.39,3078.44,3040.25,3058.42,3058.42,173105744
2016-03-04,3047.54,3101.66,3032.42,3093.89,3093.89,219172534
2016-03-07,3109.0,3130.9,3083.58,3104.84,3104.84,132462037
2016-03-08,3100.15,3109.25,3001.83,3107.67,3107.67,136235742
2016-03-09,3045.92,3072.92,3020.13,3071.91,3071.91,111466245
2016-03-10,3056.21,3074.16,3012.69,3013.15,3013.15,76072197
2016-03-11,2990.21,3026.44,2982.17,3018.28,3018.28,73333564
2016-03-14,3039.57,3106.8,3034.0,3065.69,3065.69,117108655
2016-03-15,3061.34,3077.08,3028.58,3074.78,3074.78,98311941
2016-03-16,3068.87,3100.35,3064.52,3090.03,3090.03,124736448
2016-03-17,3096.81,3147.84,3077.57,3124.2,3124.2,121661777
2016-03-18,3136.22,3197.67,3130.1,3171.96,3171.96,197302564
2016-03-21,3203.29,3267.78,3198.36,3249.44,3249.44,233269464
2016-03-22,3231.61,3249.68,3218.73,3225.79,3225.79,161020897
2016-03-23,3217.73,3242.25,3202.98,3236.09,3236.09,125679286
2016-03-24,3211.5,3221.91,3181.81,3181.85,3181.85,133131122
2016-03-25,3176.81,3204.44,3174.32,3197.82,3197.82,97395330
2016-03-28,3206.95,3229.62,3161.88,3169.73,3169.73,103441933
2016-03-29,3171.31,3178.07,3122.76,3135.41,3135.41,97294747
2016-03-30,3161.29,3216.68,3161.29,3216.28,3216.28,117802512
2016-03-31,3229.2,3241.93,3208.66,3218.09,3218.09,121552074
2016-04-01,3213.67,3222.61,3165.86,3221.89,3221.89,118122139
2016-04-05,3211.3,3271.93,3205.21,3264.49,3264.49,146047772
2016-04-06,3250.52,3267.64,3236.2,3257.53,3257.53,120196305
2016-04-07,3266.29,3270.82,3208.64,3209.29,3209.29,112409467
2016-04-08,3189.85,3197.77,3163.3,3185.73,3185.73,101005625
2016-04-11,3213.51,3251.57,3213.51,3230.1,3230.1,125212709
2016-04-12,3227.37,3232.26,3198.9,3218.45,3218.45,92869437
2016-04-13,3237.86,3296.52,3237.86,3261.38,3261.38,195613866
2016-04-14,3277.1,3286.07,3252.05,3275.83,3275.83,113157327
2016-04-15,3279.86,3282.98,3261.73,3272.21,3272.21,99807529
2016-04-18,3252.67,3252.67,3221.66,3228.45,3228.45,97090069
2016-04-19,3243.97,3250.73,3221.58,3238.3,3238.3,80871440
2016-04-20,3244.14,3248.42,3107.37,3181.03,3181.03,162207858
2016-04-21,3160.8,3198.56,3150.94,3160.6,3160.6,104752651
2016-04-22,3142.56,3175.38,3137.99,3174.9,3174.9,77078492
2016-04-25,3164.74,3172.27,3137.11,3162.03,3162.03,67519351
2016-04-26,3159.77,3181.1,3150.4,3179.16,3179.16,59020734
2016-04-27,3181.93,3188.83,3162.69,3165.92,3165.92,60004147
2016-04-28,3169.33,3174.77,3135.64,3160.58,3160.58,69870660
2016-04-29,3153.54,3171.29,3149.4,3156.75,3156.75,58029776
2016-05-03,3159.82,3218.49,3151.4,3213.54,3213.54,98164835
2016-05-04,3203.47,3222.88,3198.29,3209.46,3209.46,90862408
2016-05-05,3204.17,3217.28,3196.57,3213.92,3213.92,74733681
2016-05-06,3213.14,3216.89,3130.15,3130.35,3130.35,108680240
2016-05-09,3115.43,3115.43,3055.01,3065.62,3065.62,99230477
2016-05-10,3055.21,3084.72,3055.18,3069.11,3069.11,68849935
2016-05-11,3080.64,3102.88,3063.09,3082.81,3082.81,81794258
2016-05-12,3059.38,3095.35,3035.02,3090.14,3090.14,78765726
2016-05-13,3081.68,3103.1,3064.69,3074.94,3074.94,62629755
2016-05-16,3064.53,3095.56,3053.66,3095.31,3095.31,59461856
2016-05-17,3095.52,3105.2,3073.46,3086.02,3086.02,65278125
2016-05-18,3071.53,3072.61,3039.46,3068.04,3068.04,82715369
2016-05-19,3060.34,3086.98,3058.15,3062.5,3062.5,60444166
2016-05-20,3047.78,3078.53,3041.52,3078.22,3078.22,56080842
2016-05-23,3078.51,3098.48,3076.5,3087.22,3087.22,59697216
2016-05-24,3083.24,3083.26,3052.59,3063.56,3063.56,58734385
2016-05-25,3079.75,3089.1,3054.87,3059.23,3059.23,56652803
2016-05-26,3056.6,3072.52,3027.44,3064.21,3064.21,60392981
2016-05-27,3059.73,3073.76,3052.18,3062.5,3062.5,60468750
2016-05-30,3056.31,3075.26,3037.66,3066.71,3066.71,63098579
2016-05-31,3068.6,3170.93,3068.6,3169.56,3169.56,138863111
2016-06-01,3172.96,3181.79,3159.82,3160.55,3160.55,113148482
2016-06-02,3158.03,3168.82,3151.07,3167.1,3167.1,86003427
2016-06-03,3172.95,3201.75,3162.09,3189.33,3189.33,101491783
2016-06-06,3192.78,3197.22,3168.55,3178.79,3178.79,76693751
2016-06-07,3182.44,3186.62,3168.18,3177.05,3177.05,68928314
2016-06-08,3171.81,3174.97,3148.35,3163.99,3163.99,76291775
2016-06-13,3134.05,3145.61,3065.77,3066.34,3066.34,92975947
2016-06-14,3058.44,3078.75,3055.66,3075.98,3075.98,66279457
2016-06-15,3043.96,3128.67,3042.23,3116.37,3116.37,87393257
2016-06-16,3104.36,3112.48,3089.48,3094.67,3094.67,82974703
2016-06-17,3096.09,3131.05,3096.09,3110.36,3110.36,85402985
2016-06-20,3114.91,3118.73,3089.71,3112.67,3112.67,63587141
2016-06-21,3124.9,3155.49,3097.94,3106.32,3106.32,87965345
2016-06-22,3100.45,3134.06,3096.99,3133.96,3133.96,66487113
2016-06-23,3129.72,3129.72,3102.48,3117.32,3117.32,67751738
2016-06-24,3110.65,3130.54,3033.97,3077.16,3077.16,104792208
2016-06-27,3065.13,3120.64,3064.97,3120.54,3120.54,83267259
2016-06-28,3107.4,3139.43,3099.7,3136.4,3136.4,92024637
2016-06-29,3142.48,3158.08,3139.13,3151.39,3151.39,103723668
2016-06-30,3152.83,3163.72,3148.2,3153.92,3153.92,79692617
2016-07-01,3156.93,3170.26,3148.29,3154.2,3154.2,71746283
2016-07-04,3136.39,3210.6,3134.02,3204.7,3204.7,133310529
2016-07-05,3199.16,3216.7,3198.0,3207.38,3207.38,130226895
2016-07-06,3197.62,3217.52,3183.45,3216.8,3216.8,124897458
2016-07-07,3206.55,3220.54,3190.12,3209.95,3209.95,118595202
2016-07-08,3199.75,3204.93,3183.96,3192.28,3192.28,89734855
2016-07-11,3199.04,3235.96,3197.63,3203.33,3203.33,138529511
2016-07-12,3201.91,3273.47,3200.3,3273.18,3273.18,172534217
2016-07-13,3274.02,3300.99,3271.78,3282.87,3282.87,175196090
2016-07-14,3277.48,3281.95,3259.07,3276.76,3276.76,107525798
2016-07-15,3278.84,3285.03,3265.29,3276.28,3276.28,102665026
2016-07-18,3269.71,3281.64,3251.77,3262.02,3262.02,110312518
2016-07-19,3260.43,3264.73,3226.2,3248.23,3248.23,88886861
2016-07-20,3246.86,3254.51,3232.26,3237.6,3237.6,72701255
2016-07-21,3238.34,3271.37,3238.3,3252.52,3252.52,86004825
2016-07-22,3251.24,3253.77,3220.89,3225.16,3225.16,86029128
2016-07-25,3220.17,3243.79,3218.14,3230.89,3230.89,70203185
2016-07-26,3228.23,3269.75,3228.01,3269.59,3269.59,81051089
2016-07-27,3270.08,3276.51,3157.41,3218.24,3218.24,160188665
2016-07-28,3204.46,3235.78,3195.27,3221.14,3221.14,112779964
2016-07-29,3217.19,3225.42,3198.68,3203.93,3203.93,88044837
2016-08-01,3196.43,3199.98,3156.75,3176.81,3176.81,87003497
2016-08-02,3173.76,3189.05,3165.54,3189.05,3189.05,62167639
2016-08-03,3179.68,3197.16,3173.54,3193.51,3193.51,72864102
2016-08-04,3190.55,3201.55,3170.42,3201.29,3201.29,73504373
2016-08-05,3201.35,3224.87,3192.86,3205.11,3205.11,77196366
2016-08-08,3199.57,3234.48,3187.25,3234.18,3234.18,86676051
2016-08-09,3232.6,3257.33,3229.17,3256.98,3256.98,91065259
2016-08-10,3255.18,3261.86,3242.75,3243.34,3243.34,90430372
2016-08-11,3239.56,3274.03,3232.61,3233.36,3233.36,101041213
2016-08-12,3231.81,3294.23,3231.14,3294.23,3294.23,116254044
2016-08-15,3303.47,3417.91,3302.38,3393.42,3393.42,220543421
2016-08-16,3403.38,3418.69,3372.02,3378.25,3378.25,196389740
2016-08-17,3377.77,3394.39,3356.92,3373.05,3373.05,138847688
2016-08-18,3369.95,3394.79,3349.69,3364.49,3364.49,142380169
2016-08-19,3358.55,3374.04,3341.19,3365.02,3365.02,119961508
2016-08-22,3364.68,3372.83,3335.47,3336.79,3336.79,107951008
2016-08-23,3332.62,3359.65,3324.96,3341.83,3341.83,92924516
2016-08-24,3341.93,3348.13,3323.73,3329.86,3329.86,81191429
2016-08-25,3314.08,3315.08,3279.81,3308.97,3308.97,100589153
2016-08-26,3312.5,3328.95,3301.74,3307.09,3307.09,81530691
2016-08-29,3306.57,3315.08,3297.07,3307.78,3307.78,77036333
2016-08-30,3310.32,3325.12,3304.6,3311.99,3311.99,75725987
2016-08-31,3310.57,3333.97,3304.66,3327.79,3327.79,79570805
2016-09-01,3326.74,3329.35,3301.21,3301.58,3301.58,84947219
2016-09-02,3298.72,3320.43,3295.76,3314.11,3314.11,82791803
2016-09-05,3321.01,3338.42,3314.63,3319.68,3319.68,78292477
2016-09-06,3322.02,3347.95,3300.13,3342.63,3342.63,98283998
2016-09-07,3344.07,3357.36,3337.75,3340.82,3340.82,102940106
2016-09-08,3338.01,3343.4,3328.23,3339.56,3339.56,71916158
2016-09-09,3339.37,3344.95,3318.04,3318.04,3318.04,82657036
2016-09-12,3271.87,3276.72,3234.57,3262.6,3262.6,122917682
2016-09-13,3265.34,3269.22,3246.39,3260.33,3260.33,67180288
2016-09-14,3245.74,3255.0,3231.34,3238.73,3238.73,70432697
2016-09-19,3242.74,3264.9,3242.74,3263.12,3263.12,58831082
2016-09-20,3264.66,3265.04,3252.39,3257.4,3257.4,52784206
2016-09-21,3257.71,3270.9,3254.32,3266.64,3266.64,59142979
2016-09-22,3281.47,3303.2,3277.98,3291.12,3291.12,75753542
2016-09-23,3292.28,3293.92,3275.02,3275.67,3275.67,57993986
2016-09-26,3267.69,3267.69,3220.28,3220.28,3220.28,70452186
2016-09-27,3214.87,3240.78,3214.44,3240.75,3240.75,58460550
2016-09-28,3243.65,3243.65,3228.0,3230.89,3230.89,44727498
2016-09-29,3234.86,3257.77,3234.8,3244.39,3244.39,55452556
2016-09-30,3240.18,3260.94,3239.04,3253.28,3253.28,44978022
2016-10-10,3265.36,3294.64,3258.96,3293.87,3293.87,80519260
2016-10-11,3296.87,3308.0,3292.88,3306.56,3306.56,87713163
2016-10-12,3299.14,3302.56,3289.75,3300.01,3300.01,68669781
2016-10-13,3299.16,3307.41,3292.4,3302.65,3302.65,81224198
2016-10-14,3298.73,3306.69,3285.73,3305.85,3305.85,82316271
2016-10-17,3305.96,3309.01,3271.54,3277.88,3277.88,86113509
2016-10-18,3272.68,3321.33,3272.68,3321.33,3321.33,102860714
2016-10-19,3323.3,3332.52,3309.83,3316.24,3316.24,101167725
2016-10-20,3317.18,3324.9,3312.17,3318.6,3318.6,79238871
2016-10-21,3315.72,3341.56,3309.18,3327.74,3327.74,109785176
2016-10-24,3332.51,3382.83,3330.97,3367.58,3367.58,153014345
2016-10-25,3367.48,3373.91,3356.59,3367.45,3367.45,111191693
2016-10-26,3365.2,3367.83,3349.57,3354.8,3354.8,98024786
2016-10-27,3351.46,3352.35,3335.13,3345.7,3345.7,77629851
2016-10-28,3347.14,3370.75,3337.29,3340.13,3340.13,93133309
2016-10-31,3332.41,3340.47,3317.33,3336.28,3336.28,71352863
2016-11-01,3338.71,3359.39,3334.46,3359.05,3359.05,74938199
2016-11-02,3350.71,3356.4,3331.38,3333.35,3333.35,91197104
2016-11-03,3326.9,3379.99,3324.84,3365.08,3365.08,126223504
2016-11-04,3362.21,3377.64,3348.43,3354.17,3354.17,104069655
2016-11-07,3353.44,3362.74,3342.31,3356.59,3356.59,99877988
2016-11-08,3367.7,3383.92,3361.13,3371.12,3371.12,103148282
2016-11-09,3370.6,3373.1,3322.08,3353.05,3353.05,139110059
2016-11-10,3374.91,3403.02,3374.91,3390.61,3390.61,134705535
2016-11-11,3387.95,3422.67,3382.89,3417.22,3417.22,198781496
2016-11-14,3409.22,3452.62,3408.14,3430.25,3430.25,213247105
2016-11-15,3428.87,3434.92,3415.99,3429.87,3429.87,134566320
2016-11-16,3432.43,3435.64,3419.24,3429.59,3429.59,129808511
2016-11-17,3423.47,3437.67,3412.88,3436.53,3436.53,121561731
2016-11-18,3437.49,3443.12,3413.27,3417.46,3417.46,115951205
2016-11-21,3412.65,3463.14,3412.08,3441.11,3441.11,146434529
2016-11-22,3443.22,3469.22,3443.22,3468.36,3468.36,168523446
2016-11-23,3473.9,3492.96,3465.76,3474.73,3474.73,162388504
2016-11-24,3468.81,3508.16,3467.01,3488.74,3488.74,145746301
2016-11-25,3490.04,3521.3,3463.95,3521.3,3521.3,153621506
2016-11-28,3538.68,3553.36,3528.32,3535.08,3535.08,207375483
2016-11-29,3525.9,3583.72,3521.38,3564.04,3564.04,236918356
2016-11-30,3557.64,3567.07,3527.02,3538.0,3538.0,178560178
2016-12-01,3543.96,3575.97,3543.25,3565.04,3565.04,180170761
2016-12-02,3559.77,3562.55,3516.79,3528.95,3528.95,196355480
2016-12-05,3473.69,3496.88,3457.34,3469.41,3469.41,180852355
2016-12-06,3466.24,3477.59,3456.81,3459.15,3459.15,115529090
2016-12-07,3458.37,3475.75,3445.76,3475.75,3475.75,114345103
2016-12-08,3481.81,3484.34,3466.51,3470.14,3470.14,117383922
2016-12-09,3464.87,3507.93,3461.76,3493.7,3493.7,150303308
2016-12-12,3489.27,3495.8,3400.79,3409.18,3409.18,187467751
2016-12-13,3394.21,3416.21,3370.6,3405.04,3405.04,121105097
2016-12-14,3399.41,3412.28,3378.27,3378.95,3378.95,124007744
2016-12-15,3363.86,3378.04,3327.14,3340.43,3340.43,114960660
2016-12-16,3335.36,3356.29,3330.49,3346.03,3346.03,90775422
2016-12-19,3342.34,3344.86,3325.0,3328.98,3328.98,81640678
2016-12-20,3328.3,3329.1,3289.27,3309.06,3309.06,87569592
2016-12-21,3313.75,3342.48,3313.75,3338.54,3338.54,108254995
2016-12-22,3335.12,3340.36,3322.72,3335.67,3335.67,92277249
2016-12-23,3333.4,3334.89,3300.88,3307.6,3307.6,97444713
2016-12-26,3293.22,3322.42,3267.05,3322.4,3322.4,89793982
2016-12-27,3319.21,3330.23,3315.83,3316.39,3316.39,75486359
2016-12-28,3315.75,3320.55,3293.17,3301.89,3301.89,69000437
2016-12-29,3297.04,3312.11,3288.1,3297.76,3297.76,70087923
2016-12-30,3302.6,3313.55,3295.75,3310.08,3310.08,71744116
2017-01-03,3313.95,3345.26,3313.95,3342.23,3342.23,86567896
2017-01-04,3340.56,3369.57,3338.15,3368.31,3368.31,90050827
2017-01-05,3368.34,3373.41,3361.46,3367.79,3367.79,88336357
2017-01-06,3366.85,3368.87,3346.89,3347.67,3347.67,87459114
2017-01-09,3345.75,3366.22,3344.35,3363.9,3363.9,83707942
2017-01-10,3361.64,3370.51,3354.09,3358.27,3358.27,83819160
2017-01-11,3355.8,3366.63,3334.3,3334.5,3334.5,91071438
2017-01-12,3332.69,3343.13,3315.96,3317.62,3317.62,81239135
2017-01-13,3317.96,3338.17,3309.37,3319.91,3319.91,84180589
2017-01-16,3314.15,3322.78,3264.21,3319.45,3319.45,157779135
2017-01-17,3305.6,3327.38,3292.2,3326.36,3326.36,69453328
2017-01-18,3323.34,3350.96,3320.41,3339.37,3339.37,70623227
2017-01-19,3330.95,3346.5,3324.68,3329.29,3329.29,66159808
2017-01-20,3326.98,3358.41,3326.37,3354.89,3354.89,65300462
2017-01-23,3359.05,3378.74,3355.85,3364.08,3364.08,75557498
2017-01-24,3363.14,3371.32,3355.9,3364.45,3364.45,66194226
2017-01-25,3361.66,3376.44,3357.22,3375.9,3375.9,58376931
2017-01-26,3378.26,3395.88,3378.26,3387.96,3387.96,65316647
2017-02-03,3390.93,3392.48,3362.57,3364.49,3364.49,55188861
2017-02-06,3368.11,3381.33,3358.75,3373.21,3373.21,68521360
2017-02-07,3371.77,3376.71,3354.62,3365.68,3365.68,63754462
2017-02-08,3361.78,3383.69,3347.43,3383.29,3383.29,75402879
2017-02-09,3381.9,3406.59,3379.79,3396.29,3396.29,97558515
2017-02-10,3398.32,3422.33,3398.03,3413.49,3413.49,123768720
2017-02-13,3416.92,3439.54,3416.87,3436.27,3436.27,120144538
2017-02-14,3438.51,3440.67,3424.4,3435.8,3435.8,94809465
2017-02-15,3435.39,3448.03,3417.08,3421.71,3421.71,127643338
2017-02-16,3421.83,3440.93,3418.35,3440.93,3440.93,108276962
2017-02-17,3443.62,3457.56,3419.61,3421.44,3421.44,114600036
2017-02-20,3421.64,3472.6,3421.64,3471.39,3471.39,132628862
2017-02-21,3475.06,3490.09,3472.02,3482.82,3482.82,114842009
2017-02-22,3483.2,3489.95,3473.52,3489.76,3489.76,102815994
2017-02-23,3487.57,3492.96,3460.12,3473.32,3473.32,99536330
2017-02-24,3468.96,3473.85,3455.25,3473.85,3473.85,95535133
2017-02-27,3471.13,3472.84,3441.39,3446.22,3446.22,98672160
2017-02-28,3445.03,3460.91,3441.36,3452.81,3452.81,75215260
2017-03-01,3452.21,3472.7,3449.11,3458.44,3458.44,103260354
2017-03-02,3463.48,3468.47,3434.0,3435.1,3435.1,89898077
2017-03-03,3424.66,3428.88,3412.83,3427.86,3427.86,80994652
2017-03-06,3427.25,3449.03,3425.9,3446.48,3446.48,83070882
2017-03-07,3446.16,3454.04,3440.06,3453.96,3453.96,80334720
2017-03-08,3452.2,3457.04,3441.26,3448.73,3448.73,79587690
2017-03-09,3442.9,3443.05,3414.68,3426.94,3426.94,84570381
2017-03-10,3423.98,3436.24,3423.94,3427.89,3427.89,70016199
2017-03-13,3425.67,3458.1,3412.69,3458.1,3458.1,91684124
2017-03-14,3456.66,3465.39,3448.9,3456.69,3456.69,77077963
2017-03-15,3452.21,3463.92,3445.27,3463.64,3463.64,79104954
2017-03-16,3472.27,3492.13,3472.27,3481.51,3481.51,106333913
2017-03-17,3485.31,3488.5,3441.47,3445.81,3445.81,103755560
2017-03-20,3449.05,3454.06,3429.83,3449.61,3449.61,88734322
2017-03-21,3449.77,3466.7,3445.64,3466.35,3466.35,87707855
2017-03-22,3450.75,3464.33,3433.5,3450.05,3450.05,104935894
2017-03-23,3452.41,3470.82,3435.69,3461.98,3461.98,94318062
2017-03-24,3464.2,3499.32,3461.11,3489.6,3489.6,125645833
2017-03-27,3488.76,3505.98,3474.52,3478.04,3478.04,107015377
2017-03-28,3480.25,3482.29,3461.47,3469.81,3469.81,84194820
2017-03-29,3472.97,3483.06,3455.55,3465.19,3465.19,104851706
2017-03-30,3461.62,3467.3,3422.37,3436.76,3436.76,116376922
2017-03-31,3434.82,3456.31,3430.82,3456.05,3456.05,91577491
2017-04-05,3476.42,3504.54,3475.15,3503.89,3503.89,143399017
2017-04-06,3507.99,3517.78,3495.72,3514.05,3514.05,136767004
2017-04-07,3514.45,3526.81,3506.39,3517.46,3517.46,140293204
2017-04-10,3519.46,3522.8,3502.08,3505.14,3505.14,141887380
2017-04-11,3503.83,3520.13,3466.14,3517.33,3517.33,165945832
2017-04-12,3514.57,3523.1,3498.0,3509.44,3509.44,181824537
2017-04-13,3500.28,3518.44,3496.57,3514.57,3514.57,129981813
2017-04-14,3516.81,3517.47,3476.95,3486.5,3486.5,135474078
2017-04-17,3475.74,3480.57,3453.68,3479.94,3479.94,117164961
2017-04-18,3474.89,3489.08,3462.63,3462.74,3462.74,110927823
2017-04-19,3452.99,3459.35,3418.51,3445.88,3445.88,121349264
2017-04-20,3444.52,3465.61,3440.72,3461.55,3461.55,114184208
2017-04-21,3461.39,3475.56,3449.54,3466.79,3466.79,104419110
2017-04-24,3458.23,3458.23,3403.98,3431.26,3431.26,114660791
2017-04-25,3427.73,3449.67,3422.65,3440.97,3440.97,94072148
2017-04-26,3440.25,3466.57,3439.15,3445.18,3445.18,111940029
2017-04-27,3435.1,3449.27,3399.54,3446.72,3446.72,123298425
2017-04-28,3439.57,3439.9,3417.24,3439.75,3439.75,101632351
2017-05-02,3427.92,3436.31,3418.67,3426.58,3426.58,92797462
2017-05-03,3421.76,3432.22,3403.08,3413.13,3413.13,91669624
2017-05-04,3404.94,3421.4,3391.28,3404.39,3404.39,103482075
2017-05-05,3393.48,3395.45,3366.56,3382.55,3382.55,109895333
2017-05-08,3369.11,3374.16,3339.57,3358.81,3358.81,123749287
2017-05-09,3342.6,3358.05,3327.59,3352.53,3352.53,76771668
2017-05-10,3350.65,3369.43,3336.0,3337.7,3337.7,92082628
2017-05-11,3322.95,3359.6,3312.89,3356.65,3356.65,109252890
2017-05-12,3350.94,3387.27,3349.17,3385.38,3385.38,93386466
2017-05-15,3391.59,3406.58,3391.59,3399.19,3399.19,82977611
2017-05-16,3390.93,3428.85,3373.55,3428.65,3428.65,105242416
2017-05-17,3423.19,3433.97,3408.15,3409.97,3409.97,99736837
2017-05-18,3387.67,3409.93,3383.94,3398.11,3398.11,85759589
2017-05-19,3395.23,3405.94,3392.38,3403.85,3403.85,71473525
2017-05-22,3400.59,3424.18,3391.17,3411.24,3411.24,92539559
2017-05-23,3405.03,3434.77,3401.53,3424.19,3424.19,116911033
2017-05-24,3409.72,3424.17,3383.89,3424.17,3424.17,83553161
2017-05-25,3414.4,3490.42,3413.22,3485.66,3485.66,130721631
2017-05-26,3479.62,3498.31,3473.04,3480.43,3480.43,103241153
2017-05-31,3495.07,3515.08,3474.92,3492.88,3492.88,104829745
2017-06-01,3485.22,3499.81,3476.43,3497.74,3497.74,103127724
2017-06-02,3491.59,3498.12,3470.2,3486.51,3486.51,82668009
2017-06-05,3480.17,3484.12,3462.31,3468.75,3468.75,79738153
2017-06-06,3464.38,3492.88,3460.45,3492.88,3492.88,64090000
2017-06-07,3493.88,3537.09,3491.13,3533.87,3533.87,104419968
2017-06-08,3531.24,3562.27,3528.18,3560.98,3560.98,90224906
2017-06-09,3561.24,3590.89,3560.63,3576.17,3576.17,101188265
2017-06-12,3570.22,3603.69,3565.9,3574.39,3574.39,90381166
2017-06-13,3569.16,3584.41,3559.21,3582.27,3582.27,75177139
2017-06-14,3571.25,3571.25,3530.27,3535.3,3535.3,83810783
2017-06-15,3530.75,3542.28,3508.95,3528.79,3528.79,82632535
2017-06-16,3522.97,3536.14,3514.39,3518.76,3518.76,76452708
2017-06-19,3520.06,3554.91,3520.06,3553.67,3553.67,79797140
2017-06-20,3560.79,3563.7,3539.51,3546.49,3546.49,80509560
2017-06-21,3567.12,3587.99,3545.57,3587.96,3587.96,87859825
2017-06-22,3583.56,3635.53,3581.34,3590.34,3590.34,135526986
2017-06-23,3583.44,3623.24,3569.32,3622.88,3622.88,105129134
2017-06-26,3627.02,3671.94,3627.02,3668.09,3668.09,134637996
2017-06-27,3665.58,3676.53,3648.76,3674.72,3674.72,97558702
2017-06-28,3664.16,3672.19,3644.03,3646.17,3646.17,97920858
2017-06-29,3649.25,3669.13,3644.73,3668.83,3668.83,85589499
2017-06-30,3654.73,3669.76,3646.23,3666.8,3666.8,81510029
2017-07-03,3667.23,3667.59,3633.78,3650.85,3650.85,88820859
2017-07-04,3646.83,3646.84,3611.69,3619.98,3619.98,95071414
2017-07-05,3611.9,3660.73,3610.46,3659.68,3659.68,88232425
2017-07-06,3654.56,3666.77,3629.56,3660.1,3660.1,102379246
2017-07-07,3647.64,3657.11,3631.87,3655.93,3655.93,103735498
2017-07-10,3647.94,3667.84,3641.53,3653.69,3653.69,120591910
2017-07-11,3646.88,3701.21,3645.99,3670.81,3670.81,118760827
2017-07-12,3672.63,3691.58,3640.59,3658.82,3658.82,122287793
2017-07-13,3656.35,3690.48,3652.56,3686.92,3686.92,125669550
2017-07-14,3682.61,3703.09,3672.74,3703.09,3703.09,105514004
2017-07-17,3700.62,3716.47,3621.36,3663.56,3663.56,178821601
2017-07-18,3648.49,3667.54,3622.04,3667.18,3667.18,124622057
2017-07-19,3660.87,3731.05,3658.2,3729.75,3729.75,182477788
2017-07-20,3725.14,3750.19,3723.07,3747.88,3747.88,142410040
2017-07-21,3738.18,3751.69,3722.06,3728.6,3728.6,117941225
2017-07-24,3724.38,3755.19,3719.85,3743.47,3743.47,134868723
2017-07-25,3742.64,3752.16,3713.28,3719.56,3719.56,121672059
2017-07-26,3722.88,3738.53,3684.18,3705.39,3705.39,136325210
2017-07-27,3700.85,3716.69,3672.5,3712.19,3712.19,145002903
2017-07-28,3703.49,3725.54,3696.78,3721.89,3721.89,111411392
2017-07-31,3722.43,3746.52,3713.66,3737.87,3737.87,148429038
2017-08-01,3738.74,3770.4,3737.09,3770.38,3770.38,152546540
2017-08-02,3768.19,3784.35,3759.28,3760.85,3760.85,172293384
2017-08-03,3755.11,3766.34,3718.44,3727.83,3727.83,146153943
2017-08-04,3724.72,3738.73,3707.0,3707.58,3707.58,157470060
2017-08-07,3701.22,3730.78,3689.96,3726.79,3726.79,124231529
2017-08-08,3724.33,3737.33,3718.81,3732.21,3732.21,137241928
2017-08-09,3728.03,3739.0,3713.57,3731.04,3731.04,124679990
2017-08-10,3724.96,3746.86,3688.18,3715.92,3715.92,130085128
2017-08-11,3687.93,3700.49,3645.09,3647.35,3647.35,150387420
2017-08-14,3651.38,3698.37,3651.38,3694.68,3694.68,115308452
2017-08-15,3695.78,3719.29,3692.28,3706.06,3706.06,106444856
2017-08-16,3701.13,3707.14,3679.73,3701.42,3701.42,104134141
2017-08-17,3707.07,3722.62,3704.41,3721.28,3721.28,108656251
2017-08-18,3707.19,3733.49,3700.41,3724.67,3724.67,96561705
2017-08-21,3731.84,3744.26,3728.61,3740.99,3740.99,100313073
2017-08-22,3745.75,3758.29,3734.55,3752.3,3752.3,100292856
2017-08-23,3747.61,3772.46,3741.72,3756.09,3756.09,104961572
2017-08-24,3755.89,3765.71,3729.09,3734.65,3734.65,89947372
2017-08-25,3736.29,3795.97,3736.29,3795.75,3795.75,129940900
2017-08-28,3805.66,3866.94,3805.66,3842.71,3842.71,185576325
2017-08-29,3839.18,3847.93,3825.76,3834.54,3834.54,128227069
2017-08-30,3834.27,3854.71,3827.86,3834.3,3834.3,141352858
2017-08-31,3835.84,3840.2,3800.89,3822.09,3822.09,132944934
2017-09-01,3825.34,3843.62,3818.16,3830.54,3830.54,158645512
2017-09-04,3828.54,3847.09,3813.55,3845.62,3845.62,149566321
2017-09-05,3845.54,3865.29,3841.95,3857.05,3857.05,124964155
2017-09-06,3846.75,3858.25,3831.38,3849.45,3849.45,131398723
2017-09-07,3851.69,3858.16,3828.83,3829.87,3829.87,123884180
2017-09-08,3830.07,3843.02,3813.98,3825.99,3825.99,106036503
2017-09-11,3828.34,3850.74,3817.51,3825.65,3825.65,123883996
2017-09-12,3832.24,3849.39,3822.0,3837.93,3837.93,144190241
2017-09-13,3835.55,3847.78,3822.94,3842.61,3842.61,95410785
2017-09-14,3843.57,3854.49,3820.09,3829.96,3829.96,115358584
2017-09-15,3826.14,3843.3,3818.52,3831.3,3831.3,122427005
2017-09-18,3832.96,3862.36,3832.96,3843.14,3843.14,117934405
2017-09-19,3849.88,3857.3,3820.29,3832.12,3832.12,112432988
2017-09-20,3830.15,3850.94,3827.89,3842.44,3842.44,101129541
2017-09-21,3843.26,3860.8,3837.38,3837.82,3837.82,111098191
2017-09-22,3826.46,3842.25,3816.82,3837.73,3837.73,100619802
2017-09-25,3829.22,3835.39,3811.12,3817.79,3817.79,103948977
2017-09-26,3810.33,3821.69,3808.38,3820.78,3820.78,81869407
2017-09-27,3818.96,3832.57,3818.81,3821.2,3821.2,85655811
2017-09-28,3821.59,3827.33,3813.75,3822.54,3822.54,93544069
2017-09-29,3825.2,3852.22,3825.2,3836.5,3836.5,93306028
2017-10-09,3910.11,3918.84,3876.03,3882.21,3882.21,135535852
2017-10-10,3883.0,3900.74,3855.47,3889.86,3889.86,112532585
2017-10-11,3886.82,3913.07,3885.5,3902.69,3902.69,104418150
2017-10-12,3902.02,3917.44,3897.55,3912.95,3912.95,94340920
2017-10-13,3912.98,3927.17,3908.89,3921.0,3921.0,90142067
2017-10-16,3926.28,3947.42,3913.32,3913.45,3913.45,121355034
2017-10-17,3910.79,3924.61,3900.48,3913.07,3913.07,82241226
2017-10-18,3914.82,3944.41,3914.82,3944.16,3944.16,100969841
2017-10-19,3940.58,3944.03,3923.65,3931.25,3931.25,106527252
2017-10-20,3918.53,3928.96,3910.2,3926.85,3926.85,72980180
2017-10-23,3930.89,3936.27,3920.66,3930.8,3930.8,81484979
2017-10-24,3926.23,3959.5,3922.03,3959.4,3959.4,93058153
2017-10-25,3958.17,3978.09,3954.0,3976.95,3976.95,88205458
2017-10-26,3980.05,4013.6,3973.55,3993.58,3993.58,129895465
2017-10-27,3992.55,4024.46,3991.35,4021.97,4021.97,126672847
2017-10-30,4022.16,4033.34,3960.27,4009.72,4009.72,157387602
2017-10-31,3995.39,4009.28,3983.26,4006.72,4006.72,109178780
2017-11-01,4007.91,4032.46,3991.32,3996.62,3996.62,130417380
2017-11-02,3994.09,3999.23,3971.38,3997.13,3997.13,126100580
2017-11-03,3992.35,3999.34,3963.03,3992.7,3992.7,129404439
2017-11-06,3989.18,4021.64,3975.41,4020.89,4020.89,122081160
2017-11-07,4022.4,4064.22,4021.36,4054.25,4054.25,152116664
2017-11-08,4051.49,4089.15,4040.58,4048.01,4048.01,150827720
2017-11-09,4043.07,4076.61,4038.4,4075.9,4075.9,121056335
2017-11-10,4070.28,4116.71,4067.66,4111.91,4111.91,141817165
2017-11-13,4115.55,4137.65,4115.55,4128.07,4128.07,151446308
2017-11-14,4129.27,4133.55,4086.89,4099.35,4099.35,143236936
2017-11-15,4084.21,4102.81,4055.72,4073.67,4073.67,120635697
2017-11-16,4063.49,4107.62,4062.27,4105.01,4105.01,121384415
2017-11-17,4094.08,4122.38,4081.37,4120.85,4120.85,191784120
2017-11-20,4093.73,4144.51,4060.96,4143.83,4143.83,137447258
2017-11-21,4131.85,4220.26,4129.98,4217.7,4217.7,180350820
2017-11-22,4228.37,4260.64,4191.15,4227.57,4227.57,186477002
2017-11-23,4213.38,4214.19,4086.9,4102.4,4102.4,178147228
2017-11-24,4089.47,4116.59,4057.49,4104.2,4104.2,130858040
2017-11-27,4088.93,4088.93,4037.15,4049.95,4049.95,143455268
2017-11-28,4034.21,4056.48,4010.3,4055.82,4055.82,102058094
2017-11-29,4061.35,4069.24,4004.69,4053.75,4053.75,124553641
2017-11-30,4034.01,4052.8,3988.0,4006.1,4006.1,107983345
2017-12-01,4003.56,4027.11,3984.38,3998.14,3998.14,97386913
2017-12-04,3989.05,4032.99,3982.32,4018.86,4018.86,102647219
2017-12-05,4007.94,4045.93,4006.54,4040.17,4040.17,154087076
2017-12-06,4027.12,4031.75,3964.81,4015.82,4015.82,109286205
2017-12-07,4003.58,4017.95,3955.99,3971.06,3971.06,90254044
2017-12-08,3962.83,4014.14,3955.44,4003.38,4003.38,89282862
2017-12-11,4006.88,4069.5,4005.27,4069.5,4069.5,97148946
2017-12-12,4068.51,4070.15,4015.45,4016.02,4016.02,84338719
2017-12-13,4013.83,4052.69,4004.74,4050.09,4050.09,77546130
2017-12-14,4050.9,4057.62,4013.85,4026.15,4026.15,80768863
2017-12-15,4018.73,4020.27,3974.93,3980.86,3980.86,89044388
2017-12-18,3983.3,4008.07,3967.93,3985.29,3985.29,77853376
2017-12-19,3985.82,4035.63,3985.82,4035.33,4035.33,77528986
2017-12-20,4036.02,4044.85,4015.63,4030.49,4030.49,90604503
2017-12-21,4023.08,4080.78,4014.65,4067.85,4067.85,96836088
2017-12-22,4064.91,4076.8,4048.49,4054.6,4054.6,73473684
2017-12-25,4057.42,4086.93,4026.45,4041.54,4041.54,91926963
2017-12-26,4040.62,4056.86,4015.3,4053.62,4053.62,91118789
2017-12-27,4045.28,4047.74,3986.74,3991.21,3991.21,105153577
2017-12-28,3993.0,4036.7,3980.24,4018.9,4018.9,118542886
2017-12-29,4022.88,4043.14,4012.87,4030.85,4030.85,90486684
2018-01-02,4045.21,4087.78,4045.21,4087.4,4087.4,146935434
2018-01-03,4091.46,4140.05,4088.73,4111.39,4111.39,151852219
2018-01-04,4114.12,4137.64,4105.89,4128.81,4128.81,134543795
2018-01-05,4133.34,4151.28,4123.28,4138.75,4138.75,149009871
2018-01-08,4140.85,4166.32,4127.31,4160.16,4160.16,173877665
2018-01-09,4157.54,4191.28,4153.5,4189.3,4189.3,139034294
2018-01-10,4187.2,4211.05,4175.14,4207.81,4207.81,151121667
2018-01-11,4197.11,4211.8,4181.96,4205.59,4205.59,121578540
2018-01-12,4205.14,4227.39,4199.03,4225.0,4225.0,111354793
2018-01-15,4229.84,4262.93,4216.36,4225.24,4225.24,170907896
2018-01-16,4215.62,4260.21,4213.13,4258.47,4258.47,161494963
2018-01-17,4261.78,4283.34,4230.54,4248.12,4248.12,214311032
2018-01-18,4259.38,4292.64,4246.68,4271.42,4271.42,172032847
2018-01-19,4281.94,4316.57,4269.62,4285.4,4285.4,209490570
2018-01-22,4276.48,4338.48,4275.9,4336.6,4336.6,174643195
2018-01-23,4346.89,4383.57,4346.79,4382.61,4382.61,201867584
2018-01-24,4389.45,4397.82,4349.09,4389.89,4389.89,219818890
2018-01-25,4381.98,4392.2,4336.24,4365.08,4365.08,195374950
2018-01-26,4352.22,4403.34,4351.49,4381.3,4381.3,177227236
2018-01-29,4387.06,4395.91,4287.11,4302.02,4302.02,191100355
2018-01-30,4286.68,4308.51,4251.57,4256.1,4256.1,139034729
2018-01-31,4234.11,4287.86,4232.77,4275.9,4275.9,145210163
2018-02-01,4276.34,4287.39,4214.29,4245.9,4245.9,190002934
2018-02-02,4213.94,4271.76,4181.78,4271.23,4271.23,146066826
2018-02-05,4204.46,4274.15,4200.14,4274.15,4274.15,161347799
2018-02-06,4182.33,4211.52,4131.56,4148.89,4148.89,214910451
2018-02-07,4205.74,4212.57,4048.42,4050.5,4050.5,203127493
2018-02-08,4022.88,4071.67,3974.68,4012.05,4012.05,159269985
2018-02-09,3896.17,3911.29,3759.15,3840.65,3840.65,206349829
2018-02-12,3846.27,3907.84,3828.07,3890.1,3890.1,116182638
2018-02-13,3925.6,3986.98,3925.6,3935.63,3935.63,112565885
2018-02-14,3945.09,3971.4,3923.13,3966.96,3966.96,71081339
2018-02-22,4020.97,4058.79,4009.92,4052.73,4052.73,105811571
2018-02-23,4061.75,4085.2,4035.23,4071.09,4071.09,99458747
2018-02-26,4093.4,4128.74,4048.98,4118.42,4118.42,137881001
2018-02-27,4120.87,4120.87,4051.81,4058.98,4058.98,125934469
2018-02-28,4016.79,4051.71,3991.71,4023.64,4023.64,109343593
2018-03-01,3994.87,4061.03,3986.89,4049.09,4049.09,110199852
2018-03-02,4014.95,4044.42,4006.94,4016.46,4016.46,96165000
2018-03-05,4021.66,4042.83,3995.87,4018.1,4018.1,87952548
2018-03-06,4034.99,4067.55,3998.93,4066.56,4066.56,138762445
2018-03-07,4063.5,4089.7,4027.94,4036.65,4036.65,106952425
2018-03-08,4038.95,4078.23,4029.71,4077.6,4077.6,91155809
2018-03-09,4088.07,4110.67,4076.45,4108.87,4108.87,113701809
2018-03-12,4130.71,4139.53,4112.77,4127.67,4127.67,140906739
2018-03-13,4124.33,4130.28,4087.56,4091.25,4091.25,111766431
2018-03-14,4076.06,4089.09,4066.49,4073.34,4073.34,99013409
2018-03-15,4058.71,4098.99,4058.71,4096.16,4096.16,88161157
2018-03-16,4096.89,4110.05,4055.82,4056.42,4056.42,84896187
2018-03-19,4054.62,4074.52,4033.52,4074.25,4074.25,81502881
2018-03-20,4045.74,4080.19,4040.31,4077.7,4077.7,80605281
2018-03-21,4097.02,4110.12,4046.24,4061.05,4061.05,97609487
2018-03-22,4062.07,4072.38,4003.72,4020.35,4020.35,89095260
2018-03-23,3896.74,3928.51,3834.94,3904.94,3904.94,180080448
2018-03-26,3862.69,3883.9,3829.92,3879.89,3879.89,115139128
2018-03-27,3927.49,3936.78,3881.87,3913.27,3913.27,113700710
2018-03-28,3865.05,3907.28,3835.88,3842.72,3842.72,101494907
2018-03-29,3854.59,3913.96,3794.26,3894.05,3894.05,116629066
2018-03-30,3893.75,3915.35,3879.21,3898.5,3898.5,97512271
2018-04-02,3897.01,3937.02,3882.89,3886.92,3886.92,111242665
2018-04-03,3850.15,3878.15,3839.93,3862.48,3862.48,95137370
2018-04-04,3873.63,3898.61,3852.5,3854.86,3854.86,88730609
2018-04-09,3851.95,3870.67,3827.41,3852.93,3852.93,84105462
2018-04-10,3860.72,3927.42,3851.8,3927.17,3927.17,106173722
2018-04-11,3934.17,3958.71,3924.96,3938.34,3938.34,111933020
2018-04-12,3935.67,3937.78,3896.18,3898.64,3898.64,82699489
2018-04-13,3920.74,3929.95,3866.19,3871.14,3871.14,71544202
2018-04-16,3862.47,3869.16,3789.61,3808.86,3808.86,99217769
2018-04-17,3812.87,3822.63,3745.44,3748.64,3748.64,90610790
2018-04-18,3785.31,3789.66,3708.11,3766.28,3766.28,106676705
2018-04-19,3774.78,3824.03,3767.8,3811.84,3811.84,99054060
2018-04-20,3801.21,3815.44,3750.1,3760.85,3760.85,99282926
2018-04-23,3754.69,3787.4,3735.18,3766.33,3766.33,90356291
2018-04-24,3769.88,3854.43,3769.88,3843.49,3843.49,114219525
2018-04-25,3824.59,3838.69,3817.03,3828.7,3828.7,78172613
2018-04-26,3823.39,3828.71,3744.89,3755.49,3755.49,87150641
2018-04-27,3771.04,3776.98,3714.64,3756.88,3756.88,89531727
2018-05-02,3769.93,3787.3,3744.55,3763.65,3763.65,83301036
2018-05-03,3756.17,3797.53,3732.37,3793.0,3793.0,93961119
2018-05-04,3784.32,3801.52,3770.94,3774.6,3774.6,71554289
2018-05-07,3782.54,3834.59,3776.03,3834.19,3834.19,87286195
2018-05-08,3834.61,3892.07,3833.73,3878.68,3878.68,94215158
2018-05-09,3876.13,3878.94,3855.74,3871.62,3871.62,66712965
2018-05-10,3882.84,3894.49,3867.31,3893.06,3893.06,70667809
2018-05-11,3902.15,3903.34,3871.95,3872.84,3872.84,73356603
2018-05-14,3886.87,3919.3,3886.87,3909.29,3909.29,81976000
2018-05-15,3920.14,3924.34,3892.92,3924.1,3924.1,76049554
2018-05-16,3909.82,3923.34,3889.19,3892.84,3892.84,71913646
2018-05-17,3895.49,3899.51,3858.85,3864.05,3864.05,59030124
2018-05-18,3860.16,3903.06,3841.9,3903.06,3903.06,72613957
2018-05-21,3925.54,3937.46,3913.6,3921.24,3921.24,92641738
2018-05-22,3918.82,3918.82,3881.17,3906.21,3906.21,75368778
2018-05-23,3898.27,3898.27,3854.58,3854.58,3854.58,83722319
2018-05-24,3853.29,3859.1,3823.92,3827.22,3827.22,68345021
2018-05-25,3823.74,3841.12,3804.13,3816.5,3816.5,70836385
2018-05-28,3816.26,3846.55,3799.32,3833.26,3833.26,71521132
2018-05-29,3824.19,3841.78,3800.67,3804.01,3804.01,81552663
2018-05-30,3755.18,3767.89,3722.07,3723.37,3723.37,87913285
2018-05-31,3749.3,3804.79,3742.53,3802.38,3802.38,92666895
2018-06-01,3789.67,3802.54,3753.84,3770.59,3770.59,77821814
2018-06-04,3785.19,3813.41,3776.62,3807.58,3807.58,76624340
2018-06-05,3811.29,3845.56,3800.93,3845.32,3845.32,78687360
2018-06-06,3839.68,3848.33,3830.9,3837.35,3837.35,73117238
2018-06-07,3846.94,3859.85,3827.69,3831.01,3831.01,80256146
2018-06-08,3819.45,3819.46,3759.27,3779.62,3779.62,83337336
2018-06-11,3770.21,3792.55,3756.51,3779.98,3779.98,68709834
2018-06-12,3783.19,3830.47,3765.26,3825.95,3825.95,73206244
2018-06-13,3814.62,3817.45,3782.07,3788.34,3788.34,66377971
2018-06-14,3774.64,3808.16,3759.25,3773.37,3773.37,68471322
2018-06-15,3763.04,3780.34,3737.43,3753.43,3753.43,85488893
2018-06-19,3702.67,3712.82,3583.02,3621.12,3621.12,160706542
2018-06-20,3602.55,3649.34,3578.17,3635.44,3635.44,86718098
2018-06-21,3633.56,3673.56,3589.49,3592.97,3592.97,93908552
2018-06-22,3567.89,3609.08,3542.46,3608.9,3608.9,75117865
2018-06-25,3625.8,3631.03,3559.03,3560.48,3560.48,79877079
2018-06-26,3521.59,3541.78,3478.21,3531.11,3531.11,84985270
2018-06-27,3525.13,3537.66,3441.79,3459.26,3459.26,81491817
2018-06-28,3434.94,3477.06,3416.95,3423.53,3423.53,75918052
2018-06-29,3431.96,3512.38,3425.22,3510.98,3510.98,77257032
2018-07-02,3504.46,3506.9,3383.5,3407.96,3407.96,84351450
2018-07-03,3410.48,3422.04,3319.29,3409.28,3409.28,95278692
2018-07-04,3398.78,3418.33,3359.09,3363.75,3363.75,75157998
2018-07-05,3365.55,3398.49,3330.71,3342.44,3342.44,81587981
2018-07-06,3347.06,3396.25,3295.73,3365.12,3365.12,86097580
2018-07-09,3378.91,3459.32,3378.91,3459.18,3459.18,76601546
2018-07-10,3464.91,3474.14,3437.27,3467.52,3467.52,69548823
2018-07-11,3398.93,3427.57,3375.14,3407.53,3407.53,72040950
2018-07-12,3403.33,3499.1,3403.33,3481.06,3481.06,96353564
2018-07-13,3488.5,3499.76,3474.91,3492.69,3492.69,72955896
2018-07-16,3488.97,3506.24,3459.73,3472.09,3472.09,68281999
2018-07-17,3466.42,3467.19,3420.97,3449.38,3449.38,61983076
2018-07-18,3456.61,3479.26,3430.16,3431.32,3431.32,66530330
2018-07-19,3444.8,3466.51,3417.96,3428.34,3428.34,68477716
2018-07-20,3426.46,3505.93,3398.95,3492.89,3492.89,101984727
2018-07-23,3471.86,3527.53,3464.65,3525.75,3525.75,119036626
2018-07-24,3530.66,3596.51,3530.66,3581.71,3581.71,156912435
2018-07-25,3589.51,3589.98,3566.31,3577.75,3577.75,96758500
2018-07-26,3583.32,3593.92,3528.64,3536.25,3536.25,90349642
2018-07-27,3533.77,3545.41,3512.7,3521.23,3521.23,70178104
2018-07-30,3520.85,3550.9,3489.55,3515.08,3515.08,82116995
2018-07-31,3510.47,3528.15,3493.15,3517.66,3517.66,67980818
2018-08-01,3530.03,3543.61,3446.78,3447.39,3447.39,90348618
2018-08-02,3434.35,3434.35,3322.1,3370.96,3370.96,101308728
2018-08-03,3366.66,3381.34,3315.2,3315.28,3315.28,70796910
2018-08-06,3312.82,3344.25,3257.69,3273.27,3273.27,77975084
2018-08-07,3284.98,3368.96,3263.5,3368.87,3368.87,91783916
2018-08-08,3362.15,3368.16,3311.77,3314.51,3314.51,79284864
2018-08-09,3303.48,3408.39,3299.62,3397.53,3397.53,91957573
2018-08-10,3398.41,3424.04,3380.57,3405.02,3405.02,68967299
2018-08-13,3369.98,3396.19,3336.7,3390.34,3390.34,76191532
2018-08-14,3386.48,3391.73,3356.61,3372.91,3372.91,60651446
2018-08-15,3371.96,3372.14,3288.71,3291.98,3291.98,68174054
2018-08-16,3251.86,3315.2,3231.56,3276.73,3276.73,76547366
2018-08-17,3305.9,3311.57,3224.1,3229.62,3229.62,67395412
2018-08-20,3238.22,3267.25,3209.01,3267.25,3267.25,70904228
2018-08-21,3271.84,3331.71,3270.03,3326.65,3326.65,75205583
2018-08-22,3328.97,3328.97,3299.39,3307.95,3307.95,50787057
2018-08-23,3308.46,3336.11,3285.81,3320.03,3320.03,61112335
2018-08-24,3308.48,3353.04,3291.87,3325.33,3325.33,63765898
2018-08-27,3339.39,3406.57,3339.26,3406.57,3406.57,94270083
2018-08-28,3408.15,3416.59,3388.81,3400.17,3400.17,75445363
2018-08-29,3393.05,3398.71,3377.12,3386.57,3386.57,67020403
2018-08-30,3385.81,3402.56,3349.47,3351.09,3351.09,68385290
2018-08-31,3333.38,3356.58,3310.87,3334.5,3334.5,76205629
2018-09-03,3320.69,3325.61,3291.78,3321.82,3321.82,66429855
2018-09-04,3324.19,3370.96,3307.96,3363.9,3363.9,67088806
2018-09-05,3349.7,3354.2,3298.14,3298.14,3298.14,64301888
2018-09-06,3286.66,3311.5,3253.76,3262.88,3262.88,62300288
2018-09-07,3273.89,3316.61,3253.73,3277.64,3277.64,63947407
2018-09-10,3271.38,3277.88,3227.85,3230.07,3230.07,63817052
2018-09-11,3229.71,3245.62,3209.11,3224.21,3224.21,58491305
2018-09-12,3216.99,3225.6,3194.98,3202.02,3202.02,54627899
2018-09-13,3239.69,3249.59,3191.4,3236.57,3236.57,67290327
2018-09-14,3242.83,3254.1,3227.94,3242.09,3242.09,60130639
2018-09-17,3224.93,3230.79,3200.51,3204.92,3204.92,52259548
2018-09-18,3193.64,3270.11,3193.64,3269.43,3269.43,70425034
2018-09-19,3262.0,3335.99,3258.31,3312.48,3312.48,89170665
2018-09-20,3314.88,3332.31,3303.07,3310.13,3310.13,64561057
2018-09-21,3320.7,3410.49,3307.77,3410.49,3410.49,108416005
2018-09-25,3375.97,3394.38,3367.03,3379.8,3379.8,69054692
2018-09-26,3388.56,3448.26,3383.24,3417.24,3417.24,93173343
2018-09-27,3415.95,3423.71,3394.73,3403.59,3403.59,69765240
2018-09-28,3409.96,3444.99,3404.7,3438.86,3438.86,84377756
2018-10-08,3361.56,3364.46,3285.25,3290.9,3290.9,97888988
2018-10-09,3290.17,3309.8,3276.13,3288.69,3288.69,66723274
2018-10-10,3295.43,3315.73,3256.58,3281.6,3281.6,64492828
2018-10-11,3179.54,3209.52,3099.04,3124.11,3124.11,120941343
2018-10-12,3123.37,3184.12,3094.97,3170.73,3170.73,98611151
2018-10-15,3173.85,3183.13,3120.23,3126.45,3126.45,69605023
2018-10-16,3128.58,3166.09,3089.37,3100.97,3100.97,68887721
2018-10-17,3140.68,3149.13,3062.55,3118.25,3118.25,76837138
2018-10-18,3097.79,3097.79,3043.38,3044.39,3044.39,73771968
2018-10-19,3017.75,3137.75,3009.5,3134.95,3134.95,98839688
2018-10-22,3159.56,3297.38,3159.56,3270.27,3270.27,145862044
2018-10-23,3273.13,3276.02,3163.57,3183.43,3183.43,121013240
2018-10-24,3169.46,3245.4,3164.29,3188.2,3188.2,110909745
2018-10-25,3107.84,3197.32,3099.89,3194.31,3194.31,106951818
2018-10-26,3204.28,3218.1,3151.92,3173.64,3173.64,101299354
2018-10-29,3157.49,3158.81,3062.58,3076.89,3076.89,91839790
2018-10-30,3061.93,3146.63,3050.77,3110.26,3110.26,116070100
2018-10-31,3116.66,3168.92,3106.03,3153.82,3153.82,111207455
2018-11-01,3185.2,3217.8,3173.1,3177.03,3177.03,132653379
2018-11-02,3258.61,3290.25,3222.44,3290.25,3290.25,153466104
2018-11-05,3269.47,3279.88,3230.36,3262.84,3262.84,109706683
2018-11-06,3254.98,3254.98,3213.9,3243.15,3243.15,83869138
2018-11-07,3243.88,3270.5,3218.42,3221.91,3221.91,91615529
2018-11-08,3251.73,3253.57,3207.71,3212.77,3212.77,76414541
2018-11-09,3193.3,3193.3,3166.31,3167.44,3167.44,84282762
2018-11-12,3160.25,3206.51,3152.44,3205.14,3205.14,88062392
2018-11-13,3164.92,3254.77,3161.1,3237.38,3237.38,126493463
2018-11-14,3233.64,3239.24,3200.23,3204.94,3204.94,113808658
2018-11-15,3201.28,3242.38,3198.78,3242.37,3242.37,98558810
2018-11-16,3242.88,3282.39,3223.72,3257.67,3257.67,126876836
2018-11-19,3258.79,3294.6,3251.07,3294.6,3294.6,115956595
2018-11-20,3268.08,3278.78,3213.68,3218.41,3218.41,109361155
2018-11-21,3187.1,3230.26,3185.24,3226.49,3226.49,84119726
2018-11-22,3232.97,3235.45,3199.7,3214.43,3214.43,65098291
2018-11-23,3208.59,3212.2,3139.39,3143.48,3143.48,84638254
2018-11-26,3148.67,3169.44,3131.64,3141.24,3141.24,59379141
2018-11-27,3152.77,3162.01,3126.29,3137.24,3137.24,55407831
2018-11-28,3137.75,3179.41,3126.62,3178.93,3178.93,74881956
2018-11-29,3198.83,3204.86,3137.65,3137.65,3137.65,80498465
2018-11-30,3136.2,3175.15,3132.42,3172.69,3172.69,70921044
2018-12-03,3260.69,3273.64,3228.36,3260.95,3260.95,121487158
2018-12-04,3256.23,3267.94,3243.7,3267.71,3267.71,79415040
2018-12-05,3224.26,3266.9,3219.98,3252.0,3252.0,76153052
2018-12-06,3218.11,3223.52,3179.89,3181.67,3181.67,76328771
2018-12-07,3187.49,3193.82,3176.71,3181.56,3181.56,53361925
2018-12-10,3153.52,3170.15,3134.38,3144.76,3144.76,63437274
2018-12-11,3148.23,3161.96,3143.61,3159.82,3159.82,53223877
2018-12-12,3181.57,3182.21,3160.28,3170.61,3170.61,53309914
2018-12-13,3178.89,3234.08,3169.42,3219.69,3219.69,90442755
2018-12-14,3207.35,3210.72,3165.91,3165.91,3165.91,84301251
2018-12-17,3158.28,3167.51,3134.37,3161.2,3161.2,66497006
2018-12-18,3139.95,3165.0,3114.47,3128.43,3128.43,63820319
2018-12-19,3133.74,3137.01,3086.76,3091.13,3091.13,55522299
2018-12-20,3083.54,3097.72,3044.29,3067.42,3067.42,69749463
2018-12-21,3055.33,3057.4,3007.61,3029.4,3029.4,76758100
2018-12-24,3015.5,3040.35,3007.33,3038.2,3038.2,57299615
2018-12-25,3006.88,3030.14,2964.88,3017.28,3017.28,78689426
2018-12-26,3012.87,3029.06,2996.48,3002.03,3002.03,55647032
2018-12-27,3042.95,3047.23,2990.51,2990.51,2990.51,80541786
2018-12-28,2994.8,3024.35,2984.82,3010.65,3010.65,71053778
2019-01-02,3017.07,3018.78,2958.49,2969.54,2969.54,68663022
2019-01-03,2963.02,3000.44,2953.25,2964.84,2964.84,70867103
2019-01-04,2940.19,3036.81,2935.83,3035.87,3035.87,103318971
2019-01-07,3055.15,3061.75,3035.91,3054.3,3054.3,101164360
2019-01-08,3049.87,3055.51,3038.53,3047.7,3047.7,86170586
2019-01-09,3065.23,3117.96,3062.85,3078.48,3078.48,107364349
2019-01-10,3077.48,3092.54,3062.57,3072.69,3072.69,85271757
2019-01-11,3082.26,3102.83,3071.03,3094.78,3094.78,71786424
2019-01-14,3092.5,3097.41,3064.38,3067.78,3067.78,66121702
2019-01-15,3071.52,3129.37,3064.67,3127.99,3127.99,88772961
2019-01-16,3126.13,3135.01,3117.29,3128.65,3128.65,80214341
2019-01-17,3132.63,3141.71,3110.06,3111.42,3111.42,80174871
2019-01-18,3124.5,3171.69,3120.35,3168.17,3168.17,103963835
2019-01-21,3170.88,3199.21,3170.88,3185.64,3185.64,93915023
2019-01-22,3181.95,3181.95,3135.34,3143.32,3143.32,72990528
2019-01-23,3136.1,3157.63,3131.87,3141.05,3141.05,59870479
2019-01-24,3146.6,3165.63,3125.3,3158.78,3158.78,72934636
2019-01-25,3165.18,3203.17,3164.41,3184.47,3184.47,83967729
2019-01-28,3203.12,3228.87,3174.72,3183.78,3183.78,82622431
2019-01-29,3177.26,3200.99,3148.23,3193.97,3193.97,77658335
2019-01-30,3181.66,3202.9,3167.89,3168.48,3168.48,63746516
2019-01-31,3182.7,3216.07,3178.01,3201.63,3201.63,86247839
2019-02-01,3225.73,3247.5,3207.72,3247.4,3247.4,82019640
2019-02-11,3239.81,3307.06,3239.81,3306.47,3306.47,98818435
2019-02-12,3306.35,3335.36,3298.63,3330.34,3330.34,122232463
2019-02-13,3337.78,3405.58,3329.14,3397.03,3397.03,163828332
2019-02-14,3392.85,3415.4,3381.98,3402.14,3402.14,151127291
2019-02-15,3391.24,3395.03,3335.87,3338.7,3338.7,143668603
2019-02-18,3366.42,3445.74,3366.42,3445.74,3445.74,182886090
2019-02-19,3454.72,3480.79,3419.07,3439.61,3439.61,179083786
2019-02-20,3449.93,3463.77,3421.51,3451.93,3451.93,147390310
2019-02-21,3450.14,3500.25,3431.63,3442.71,3442.71,180143288
2019-02-22,3439.38,3520.12,3417.98,3520.12,3520.12,187237975
2019-02-25,3575.85,3729.48,3574.69,3729.48,3729.48,342557123
2019-02-26,3734.71,3762.11,3679.27,3684.69,3684.69,358038697
2019-02-27,3682.81,3737.63,3638.33,3678.39,3678.39,286236006
2019-02-28,3675.26,3695.46,3650.05,3669.37,3669.37,184810220
2019-03-01,3699.22,3749.71,3668.77,3749.71,3749.71,204711004
2019-03-04,3783.04,3886.58,3764.78,3794.1,3794.1,323490127
2019-03-05,3785.38,3816.16,3770.79,3816.01,3816.01,230853166
2019-03-06,3822.86,3855.16,3787.52,3848.09,3848.09,318077371
2019-03-07,3841.15,3845.18,3778.8,3808.85,3808.85,329846548
2019-03-08,3721.4,3774.54,3656.19,3657.58,3657.58,317990077
2019-03-11,3663.98,3731.91,3650.81,3729.95,3729.95,230912865
2019-03-12,3758.32,3804.72,3723.68,3755.35,3755.35,274926382
2019-03-13,3758.71,3763.09,3708.81,3724.19,3724.19,233682248
2019-03-14,3710.29,3747.82,3673.85,3698.49,3698.49,190817236
2019-03-15,3713.94,3782.24,3713.94,3745.01,3745.01,175174543
2019-03-18,3753.64,3851.75,3733.68,3851.75,3851.75,216928059
2019-03-19,3856.59,3868.34,3815.22,3833.96,3833.96,181727109
2019-03-20,3825.34,3855.15,3790.51,3835.44,3835.44,175632090
2019-03-21,3840.28,3864.07,3823.47,3836.89,3836.89,196310310
2019-03-22,3838.13,3845.58,3786.59,3833.8,3833.8,171356992
2019-03-25,3776.44,3807.18,3741.61,3742.83,3742.83,198586330
2019-03-26,3766.53,3770.84,3687.55,3700.44,3700.44,173046579
2019-03-27,3724.41,3750.26,3703.45,3743.39,3743.39,138758454
2019-03-28,3731.06,3755.72,3710.08,3728.4,3728.4,133272128
2019-03-29,3739.77,3876.38,3739.77,3872.34,3872.34,215639104
2019-04-01,3901.17,3982.91,3901.17,3973.93,3973.93,271382705
2019-04-02,3986.34,3988.1,3956.51,3971.29,3971.29,226000340
2019-04-03,3947.87,4026.5,3939.78,4022.16,4022.16,231917368
2019-04-04,4039.74,4072.11,4021.71,4062.23,4062.23,260410939
2019-04-08,4097.1,4122.6,4017.49,4057.23,4057.23,267505577
2019-04-09,4063.81,4084.24,4038.28,4075.43,4075.43,182956808
2019-04-10,4062.44,4115.38,4035.47,4085.85,4085.85,194687613
2019-04-11,4083.46,4097.12,3990.24,3997.58,3997.58,169049641
2019-04-12,3986.78,4006.93,3961.46,3988.62,3988.62,135862118
2019-04-15,4056.49,4085.39,3974.23,3975.52,3975.52,182645571
2019-04-16,3958.1,4085.79,3943.49,4085.79,4085.79,202041966
2019-04-17,4080.72,4106.62,4057.5,4087.24,4087.24,180367117
2019-04-18,4085.11,4094.05,4056.24,4072.08,4072.08,146562122
2019-04-19,4076.3,4120.64,4046.2,4120.61,4120.61,150794911
2019-04-22,4125.97,4126.09,4015.47,4025.61,4025.61,189353746
2019-04-23,4021.63,4061.09,4005.28,4019.01,4019.01,155611651
2019-04-24,4033.63,4044.34,3967.81,4030.09,4030.09,145498696
2019-04-25,4013.6,4022.56,3938.33,3941.82,3941.82,159722071
2019-04-26,3921.89,3943.83,3887.25,3889.27,3889.27,142008069
2019-04-29,3896.58,3953.23,3875.45,3900.33,3900.33,153870927
2019-04-30,3887.18,3923.11,3885.15,3913.21,3913.21,116233377
2019-05-06,3775.08,3791.61,3647.14,3684.62,3684.62,197472883
2019-05-07,3702.27,3738.18,3671.83,3720.67,3720.67,132847654
2019-05-08,3648.55,3722.93,3642.5,3667.46,3667.46,112867356
2019-05-09,3637.35,3656.9,3584.82,3599.7,3599.7,101037394
2019-05-10,3643.06,3732.92,3589.29,3730.45,3730.45,148003848
2019-05-13,3675.76,3702.9,3658.0,3668.73,3668.73,103391859
2019-05-14,3630.44,3683.26,3630.44,3645.15,3645.15,102313459
2019-05-15,3674.99,3741.04,3674.99,3727.09,3727.09,110161769
2019-05-16,3720.04,3745.14,3707.9,3743.96,3743.96,116258273
2019-05-17,3744.88,3745.36,3637.58,3648.76,3648.76,128453245
2019-05-20,3635.74,3644.5,3583.83,3617.79,3617.79,108963476
2019-05-21,3619.44,3690.09,3610.68,3666.78,3666.78,111022920
2019-05-22,3663.15,3679.27,3634.75,3649.38,3649.38,98346127
2019-05-23,3629.53,3631.47,3578.11,3583.96,3583.96,99897782
2019-05-24,3584.9,3623.39,3580.79,3593.91,3593.91,80934049
2019-05-27,3592.6,3648.03,3556.26,3637.2,3637.2,108830871
2019-05-28,3633.02,3683.23,3627.79,3672.26,3672.26,117886241
2019-05-29,3642.54,3693.23,3637.35,3663.91,3663.91,93355441
2019-05-30,3648.85,3650.97,3612.62,3641.18,3641.18,94202560
2019-05-31,3641.0,3668.18,3627.54,3629.79,3629.79,89222267
2019-06-03,3640.61,3672.81,3613.13,3632.01,3632.01,100723180
2019-06-04,3632.56,3636.13,3584.46,3598.47,3598.47,87097093
2019-06-05,3627.79,3634.45,3593.95,3597.11,3597.11,88642020
2019-06-06,3601.04,3601.04,3557.02,3564.68,3564.68,85534403
2019-06-10,3578.01,3623.73,3568.28,3610.74,3610.74,92375060
2019-06-11,3617.52,3723.14,3617.52,3719.28,3719.28,143482806
2019-06-12,3706.86,3711.88,3683.94,3691.1,3691.1,119178852
2019-06-13,3689.58,3697.59,3654.27,3685.39,3685.39,96331717
2019-06-14,3690.48,3709.65,3650.91,3654.88,3654.88,101817004
2019-06-17,3654.44,3683.77,3645.5,3654.82,3654.82,72976678
2019-06-18,3661.13,3675.65,3638.78,3667.62,3667.62,70692265
2019-06-19,3761.34,3771.35,3715.13,3715.94,3715.94,125595715
2019-06-20,3718.94,3845.79,3717.19,3828.52,3828.52,168872074
2019-06-21,3832.73,3856.09,3817.31,3833.94,3833.94,153635154
2019-06-24,3836.31,3853.55,3819.77,3841.27,3841.27,100084621
2019-06-25,3837.43,3838.06,3755.01,3801.31,3801.31,124075912
2019-06-26,3779.51,3809.76,3771.72,3794.33,3794.33,81820283
2019-06-27,3807.54,3854.08,3805.83,3834.82,3834.82,105316357
2019-06-28,3832.06,3835.23,3803.05,3825.59,3825.59,84766139
2019-07-01,3899.33,3936.67,3886.91,3935.81,3935.81,158370340
2019-07-02,3931.05,3942.43,3918.94,3937.17,3937.17,131863496
2019-07-03,3927.44,3927.44,3878.84,3893.53,3893.53,111992604
2019-07-04,3895.2,3906.89,3854.69,3873.1,3873.1,99342257
2019-07-05,3875.37,3900.31,3857.93,3893.2,3893.2,74006528
2019-07-08,3875.75,3875.75,3775.03,3802.79,3802.79,109539087
2019-07-09,3798.1,3811.1,3774.76,3793.13,3793.13,74842732
2019-07-10,3807.95,3810.4,3774.23,3786.74,3786.74,72833948
2019-07-11,3806.19,3830.74,3774.41,3785.22,3785.22,75311964
2019-07-12,3783.07,3820.24,3774.52,3808.73,3808.73,75465966
2019-07-15,3792.64,3844.87,3745.85,3824.19,3824.19,101205222
2019-07-16,3819.25,3828.33,3799.87,3806.84,3806.84,80730952
2019-07-17,3800.11,3820.27,3787.9,3804.64,3804.64,95183885
2019-07-18,3793.19,3793.39,3768.0,3768.4,3768.4,87496445
2019-07-19,3787.51,3828.15,3787.51,3807.96,3807.96,88086149
2019-07-22,3813.5,3816.54,3765.44,3781.68,3781.68,92101376
2019-07-23,3783.54,3792.96,3768.76,3789.91,3789.91,71313347
2019-07-24,3803.59,3840.06,3803.57,3819.83,3819.83,90940685
2019-07-25,3821.39,3851.07,3812.95,3851.07,3851.07,93740416
2019-07-26,3835.23,3863.59,3832.52,3858.57,3858.57,83259300
2019-07-29,3857.94,3862.75,3842.43,3854.27,3854.27,84814369
2019-07-30,3861.57,3890.73,3861.57,3870.32,3870.32,94123955
2019-07-31,3856.75,3856.75,3830.09,3835.36,3835.36,82151155
2019-08-01,3819.32,3831.26,3791.55,3803.47,3803.47,84114181
2019-08-02,3729.13,3754.53,3720.06,3747.44,3747.44,108335898
2019-08-05,3724.41,3739.5,3675.69,3675.69,3675.69,101325980
2019-08-06,3609.11,3649.9,3575.86,3636.33,3636.33,129833871
2019-08-07,3654.63,3659.08,3621.43,3621.43,3621.43,84238715
2019-08-08,3651.36,3675.46,3646.94,3669.29,3669.29,88457708
2019-08-09,3686.75,3689.18,3628.12,3633.53,3633.53,85295580
2019-08-12,3647.87,3699.1,3643.32,3699.1,3699.1,82083057
2019-08-13,3675.59,3686.43,3658.01,3665.75,3665.75,76500303
2019-08-14,3712.07,3717.56,3680.61,3682.4,3682.4,91202591
2019-08-15,3618.01,3694.3,3612.11,3694.0,3694.0,88598833
2019-08-16,3697.94,3738.1,3687.08,3710.54,3710.54,88319168
2019-08-19,3736.03,3791.09,3720.69,3791.09,3791.09,139327012
2019-08-20,3786.03,3799.9,3778.73,3787.73,3787.73,108602089
2019-08-21,3778.31,3792.6,3775.45,3781.76,3781.76,82299881
2019-08-22,3793.86,3797.33,3771.2,3793.51,3793.51,85807793
2019-08-23,3796.88,3829.36,3788.03,3820.86,3820.86,87954583
2019-08-26,3756.36,3778.87,3753.16,3765.91,3765.91,93859269
2019-08-27,3791.46,3848.24,3790.87,3816.95,3816.95,124731479
2019-08-28,3818.81,3822.59,3790.14,3802.58,3802.58,88750812
2019-08-29,3805.49,3808.6,3774.4,3790.19,3790.19,84083387
2019-08-30,3816.68,3828.97,3778.92,3799.59,3799.59,96695150
2019-09-02,3803.69,3855.78,3799.82,3848.32,3848.32,110289349
2019-09-03,3852.58,3856.68,3833.76,3853.61,3853.61,97714632
2019-09-04,3848.65,3886.0,3846.42,3886.0,3886.0,126628616
2019-09-05,3909.21,3970.0,3909.21,3925.32,3925.32,181656230
2019-09-06,3946.69,3948.54,3922.34,3948.51,3948.51,121882376
2019-09-09,3980.96,3985.24,3954.88,3972.95,3972.95,146809754
2019-09-10,3976.87,3976.92,3938.74,3959.27,3959.27,130889385
2019-09-11,3969.68,3971.22,3922.95,3930.1,3930.1,131594875
2019-09-12,3944.69,3975.93,3933.44,3972.38,3972.38,110241272
2019-09-16,3981.36,3982.2,3943.37,3957.72,3957.72,110259804
2019-09-17,3947.16,3947.16,3879.49,3891.22,3891.22,113694318
2019-09-18,3902.99,3923.15,3902.51,3910.08,3910.08,82056151
2019-09-19,3923.96,3924.38,3897.07,3924.38,3924.38,85984238
2019-09-20,3933.46,3942.22,3921.41,3935.65,3935.65,103455954
2019-09-23,3925.19,3925.19,3868.21,3890.66,3890.66,94036224
2019-09-24,3895.87,3927.01,3886.14,3901.08,3901.08,87783229
2019-09-25,3887.55,3889.84,3867.23,3870.98,3870.98,89520835
2019-09-26,3884.7,3890.75,3840.25,3841.14,3841.14,102698301
2019-09-27,3843.46,3859.5,3832.25,3852.65,3852.65,74003948
2019-09-30,3842.07,3857.23,3813.55,3814.53,3814.53,65931313
2019-10-08,3818.59,3861.64,3818.59,3837.68,3837.68,76657861
2019-10-09,3822.61,3845.34,3805.07,3843.24,3843.24,75854513
2019-10-10,3838.49,3877.14,3829.43,3874.64,3874.64,79222694
2019-10-11,3885.52,3922.37,3868.84,3911.73,3911.73,93412577
2019-10-14,3944.86,3983.81,3934.73,3953.24,3953.24,122393610
2019-10-15,3953.16,3953.16,3928.15,3936.25,3936.25,85273948
2019-10-16,3939.28,3964.05,3919.02,3922.69,3922.69,83229706
2019-10-17,3929.39,3935.81,3913.92,3925.22,3925.22,64863744
2019-10-18,3935.42,3940.54,3864.97,3869.38,3869.38,82321139
2019-10-21,3865.34,3884.74,3856.04,3880.84,3880.84,74182917
2019-10-22,3896.31,3897.44,3870.55,3895.88,3895.88,68918566
2019-10-23,3892.68,3901.42,3862.2,3871.08,3871.08,70198625
2019-10-24,3877.92,3890.2,3852.58,3870.67,3870.67,71334574
2019-10-25,3871.77,3899.72,3849.03,3896.79,3896.79,77453619
2019-10-28,3904.98,3927.8,3897.82,3926.59,3926.59,97406021
2019-10-29,3929.71,3932.37,3910.23,3910.23,3910.23,82257075
2019-10-30,3904.72,3908.1,3883.45,3891.23,3891.23,77872924
2019-10-31,3906.86,3907.15,3878.88,3886.75,3886.75,86714540
2019-11-01,3883.81,3956.08,3876.42,3952.39,3952.39,100689613
2019-11-04,3964.01,3985.36,3964.01,3978.12,3978.12,104193856
2019-11-05,3982.12,4030.64,3970.87,4002.81,4002.81,112911880
2019-11-06,4006.33,4007.5,3973.78,3984.88,3984.88,97312952
2019-11-07,3984.55,4005.38,3975.55,3991.87,3991.87,87254899
2019-11-08,4017.67,4022.04,3971.57,3973.01,3973.01,97106949
2019-11-11,3948.62,3948.62,3897.55,3902.98,3902.98,94155620
2019-11-12,3905.96,3914.88,3877.74,3903.69,3903.69,76543068
2019-11-13,3905.28,3908.42,3882.43,3899.98,3899.98,76749079
2019-11-14,3905.93,3916.95,3895.14,3905.86,3905.86,87008445
2019-11-15,3908.49,3915.1,3877.09,3877.09,3877.09,83730916
2019-11-18,3874.44,3913.1,3868.32,3907.93,3907.93,76645993
2019-11-19,3904.1,3947.04,3902.38,3947.04,3947.04,82161024
2019-11-20,3940.13,3943.23,3901.99,3907.86,3907.86,76815332
2019-11-21,3894.54,3901.83,3875.97,3889.6,3889.6,69130537
2019-11-22,3894.17,3918.84,3833.5,3849.99,3849.99,91042639
2019-11-25,3850.97,3878.25,3839.42,3878.21,3878.21,106066289
2019-11-26,3893.43,3899.11,3869.59,3891.65,3891.65,111513536
2019-11-27,3883.43,3889.98,3862.7,3875.62,3875.62,76437304
2019-11-28,3877.9,3887.69,3852.01,3862.3,3862.3,65230118
2019-11-29,3857.19,3861.66,3804.83,3828.67,3828.67,74144330
2019-12-02,3835.51,3854.75,3829.31,3836.06,3836.06,77412173
2019-12-03,3829.21,3851.12,3811.63,3851.09,3851.09,73611241
2019-12-04,3841.66,3852.99,3831.07,3849.82,3849.82,79683384
2019-12-05,3863.61,3883.4,3859.82,3879.36,3879.36,89051192
2019-12-06,3885.06,3902.39,3878.7,3902.39,3902.39,78648888
2019-12-09,3909.53,3911.97,3885.25,3895.45,3895.45,95353807
2019-12-10,3886.44,3900.96,3882.09,3900.38,3900.38,86262927
2019-12-11,3907.16,3909.39,3890.34,3902.75,3902.75,99765481
2019-12-12,3908.45,3908.45,3886.12,3891.02,3891.02,84708329
2019-12-13,3928.0,3969.46,3925.28,3968.22,3968.22,148571348
2019-12-16,3970.71,3987.59,3953.51,3987.55,3987.55,148486671
2019-12-17,3987.74,4067.14,3984.52,4041.8,4041.8,201162936
2019-12-18,4039.72,4057.64,4025.34,4032.78,4032.78,151351764
2019-12-19,4034.62,4038.54,4014.9,4027.15,4027.15,117900559
2019-12-20,4032.15,4046.73,4014.93,4017.25,4017.25,121267663
2019-12-23,4014.69,4032.17,3964.38,3967.1,3967.1,122816246
2019-12-24,3971.56,3994.51,3963.67,3992.96,3992.96,95989046
2019-12-25,3988.66,4000.56,3976.36,3990.87,3990.87,94938890
2019-12-26,3993.67,4025.99,3993.54,4025.99,4025.99,108860641
2019-12-27,4029.25,4066.8,4019.72,4022.03,4022.03,150926410
2019-12-30,4015.52,4083.69,4001.5,4081.63,4081.63,155971489
2019-12-31,4077.75,4098.14,4069.01,4096.58,4096.58,123264259
2020-01-02,4121.35,4172.66,4121.35,4152.24,4152.24,182116772
2020-01-03,4161.22,4164.3,4131.86,4144.96,4144.96,142826245
2020-01-06,4120.52,4170.64,4102.38,4129.3,4129.3,175309952
2020-01-07,4137.4,4161.25,4135.1,4160.23,4160.23,139489032
2020-01-08,4139.63,4149.81,4101.98,4112.32,4112.32,167585851
2020-01-09,4145.53,4165.66,4143.59,4164.37,4164.37,136886323
2020-01-10,4177.58,4180.98,4148.48,4163.18,4163.18,113031718
2020-01-13,4166.93,4203.99,4148.6,4203.99,4203.99,119691983
2020-01-14,4215.16,4223.51,4188.08,4189.89,4189.89,129320783
2020-01-15,4186.88,4193.87,4150.88,4166.73,4166.73,104633137
2020-01-16,4174.82,4175.29,4142.18,4149.04,4149.04,100267643
2020-01-17,4162.19,4177.03,4141.64,4154.85,4154.85,98725683
2020-01-20,4170.74,4185.96,4149.49,4185.83,4185.83,122409147
2020-01-21,4165.02,4165.02,4113.33,4114.31,4114.31,130527506
2020-01-22,4093.8,4141.18,4046.49,4131.93,4131.93,126758764
2020-01-23,4093.32,4103.52,3972.39,4003.9,4003.9,160357604
2020-02-03,3639.91,3732.16,3639.91,3688.36,3688.36,157559647
2020-02-04,3652.0,3786.86,3652.0,3785.64,3785.64,213933327
2020-02-05,3801.1,3866.01,3781.61,3828.53,3828.53,174925524
2020-02-06,3841.75,3914.92,3806.96,3899.78,3899.78,176462236
2020-02-07,3879.55,3899.88,3849.71,3899.87,3899.87,151731758
2020-02-10,3872.37,3920.17,3861.01,3916.01,3916.01,148406968
2020-02-11,3926.42,3970.52,3915.71,3952.46,3952.46,143441674
2020-02-12,3945.67,3984.43,3940.67,3984.43,3984.43,126710321
2020-02-13,3985.88,3999.55,3950.14,3959.92,3959.92,145001843
2020-02-14,3954.23,4001.56,3954.02,3987.73,3987.73,143239803
2020-02-17,3999.65,4077.45,3999.65,4077.42,4077.42,182778970
2020-02-18,4069.83,4076.39,4027.79,4057.51,4057.51,163236219
2020-02-19,4049.59,4085.17,4042.85,4051.31,4051.31,169046441
2020-02-20,4062.9,4148.53,4055.81,4144.66,4144.66,212232625
2020-02-21,4134.87,4184.44,4130.17,4149.49,4149.49,217213604
2020-02-24,4131.84,4149.01,4097.18,4132.84,4132.84,212869304
2020-02-25,4066.3,4126.71,4020.91,4123.85,4123.85,244167831
2020-02-26,4070.1,4132.78,4061.13,4073.02,4073.02,261094062
2020-02-27,4084.08,4110.53,4067.44,4084.88,4084.88,181290980
2020-02-28,3988.73,4031.15,3928.07,3940.05,3940.05,230275092
2020-03-02,3968.84,4092.54,3968.84,4069.67,4069.67,219313559
2020-03-03,4125.14,4147.65,4067.91,4091.36,4091.36,219369777
2020-03-04,4078.5,4115.26,4060.73,4115.05,4115.05,182424730
2020-03-05,4150.21,4215.85,4127.04,4206.73,4206.73,231823114
2020-03-06,4158.2,4181.31,4135.39,4138.51,4138.51,172475717
2020-03-09,4063.08,4063.08,3995.13,3997.13,3997.13,208102034
2020-03-10,3975.23,4093.0,3954.75,4082.73,4082.73,197416402
2020-03-11,4090.93,4091.27,4028.4,4028.43,4028.43,161656110
2020-03-12,3976.11,3987.43,3926.27,3950.91,3950.91,157060457
2020-03-13,3771.01,3937.18,3765.15,3895.31,3895.31,188296722
2020-03-16,3899.86,3899.86,3720.51,3727.84,3727.84,185968261
2020-03-17,3739.78,3786.89,3618.31,3709.68,3709.68,166246129
2020-03-18,3729.69,3775.85,3636.26,3636.26,3636.26,155037548
2020-03-19,3623.79,3647.99,3503.19,3589.09,3589.09,180807406
2020-03-20,3629.51,3663.95,3588.78,3653.22,3653.22,139603000
2020-03-23,3542.68,3585.8,3523.79,3530.31,3530.31,137108790
2020-03-24,3598.65,3627.76,3545.45,3625.11,3625.11,143103022
2020-03-25,3711.48,3732.65,3685.99,3722.52,3722.52,153495959
2020-03-26,3692.61,3736.25,3681.27,3698.05,3698.05,112310666
2020-03-27,3746.39,3758.78,3709.92,3710.06,3710.06,124060995
2020-03-30,3657.46,3690.64,3637.59,3674.11,3674.11,126876672
2020-03-31,3708.14,3716.07,3676.2,3686.16,3686.16,111453025
2020-04-01,3682.3,3731.78,3670.97,3675.08,3675.08,119352620
2020-04-02,3656.32,3734.53,3652.32,3734.53,3734.53,115168210
2020-04-03,3721.48,3738.83,3698.98,3713.22,3713.22,99825083
2020-04-07,3779.91,3803.63,3772.21,3798.02,3798.02,142778030
2020-04-08,3776.42,3793.0,3767.29,3780.34,3780.34,111389514
2020-04-09,3798.49,3801.72,3785.31,3792.81,3792.81,100485033
2020-04-10,3794.84,3824.74,3758.96,3769.18,3769.18,102444956
2020-04-13,3751.71,3769.88,3740.19,3753.26,3753.26,79053343
2020-04-14,3777.83,3825.76,3764.98,3825.7,3825.7,110637586
2020-04-15,3820.85,3829.8,3793.44,3797.36,3797.36,108461985
2020-04-16,3777.8,3807.36,3774.56,3802.38,3802.38,95947965
2020-04-17,3831.92,3863.45,3821.42,3839.49,3839.49,132004301
2020-04-20,3845.46,3853.8,3831.55,3853.46,3853.46,100013115
2020-04-21,3838.23,3838.23,3780.0,3808.05,3808.05,102921889
2020-04-22,3789.13,3839.38,3782.21,3839.38,3839.38,85899464
2020-04-23,3851.91,3857.47,3826.56,3829.75,3829.75,95508449
2020-04-24,3826.31,3827.21,3787.07,3796.97,3796.97,94844134
2020-04-27,3808.02,3842.87,3793.77,3822.77,3822.77,95462735
2020-04-28,3835.35,3859.68,3768.2,3849.15,3849.15,122093476
2020-04-29,3837.51,3880.74,3833.72,3867.03,3867.03,95854589
2020-04-30,3880.41,3921.7,3880.41,3912.58,3912.58,132917125
2020-05-06,3867.26,3937.69,3865.99,3936.25,3936.25,139855675
2020-05-07,3937.59,3941.48,3915.9,3924.89,3924.89,105514647
2020-05-08,3943.0,3979.66,3935.98,3963.62,3963.62,116943342
2020-05-11,3974.76,3998.1,3944.5,3960.18,3960.18,122673802
2020-05-12,3961.34,3970.11,3930.21,3960.24,3960.24,98250555
2020-05-13,3946.64,3972.53,3932.57,3968.25,3968.25,88190669
2020-05-14,3952.2,3952.2,3924.05,3925.22,3925.22,88530004
2020-05-15,3941.13,3945.2,3907.4,3912.82,3912.82,92618383
2020-05-18,3914.66,3946.43,3898.4,3922.91,3922.91,112801761
2020-05-19,3963.78,3966.85,3944.07,3956.25,3956.25,94015291
2020-05-20,3955.71,3955.71,3923.92,3935.22,3935.22,100791150
2020-05-21,3950.6,3951.74,3907.58,3913.79,3913.79,94861033
2020-05-22,3907.58,3907.58,3818.15,3824.06,3824.06,103378360
2020-05-25,3828.32,3835.63,3800.18,3829.32,3829.32,79033326
2020-05-26,3850.0,3874.75,3844.48,3872.77,3872.77,77448077
2020-05-27,3873.7,3873.7,3838.42,3845.61,3845.61,83711831
2020-05-28,3848.49,3885.42,3818.43,3856.63,3856.63,93064054
2020-05-29,3838.38,3872.3,3830.42,3867.02,3867.02,93813832
2020-06-01,3901.73,3976.32,3901.73,3971.34,3971.34,136456653
2020-06-02,3969.95,3991.78,3958.98,3983.57,3983.57,144303060
2020-06-03,4001.17,4018.68,3982.93,3983.65,3983.65,136597484
2020-06-04,3998.16,3999.81,3968.57,3982.19,3982.19,104277737
2020-06-05,3988.22,4001.25,3967.93,4001.25,4001.25,102443942
2020-06-08,4023.61,4050.22,4016.1,4021.95,4021.95,137925814
2020-06-09,4027.56,4052.16,4016.34,4047.03,4047.03,115304479
2020-06-10,4046.23,4046.23,4024.42,4039.71,4039.71,112265728
2020-06-11,4031.74,4043.01,3979.75,3995.88,3995.88,127308941
2020-06-12,3931.62,4011.06,3927.25,4003.08,4003.08,134166648
2020-06-15,3982.97,4007.14,3954.99,3954.99,3954.99,131297861
2020-06-16,3995.58,4014.57,3987.86,4014.57,4014.57,111051538
2020-06-17,4018.61,4018.61,3992.13,4017.59,4017.59,105605798
2020-06-18,4009.78,4047.56,4000.9,4044.38,4044.38,138148762
2020-06-19,4047.05,4109.36,4043.49,4098.71,4098.71,152946990
2020-06-22,4097.51,4126.94,4088.78,4102.05,4102.05,155829466
2020-06-23,4098.04,4124.73,4080.75,4121.79,4121.79,129229509
2020-06-24,4128.1,4144.68,4123.36,4138.99,4138.99,121712466
2020-06-29,4127.93,4137.37,4092.54,4109.72,4109.72,130865853
2020-06-30,4130.0,4174.42,4129.78,4163.96,4163.96,125933522
2020-07-01,4172.64,4247.78,4163.5,4247.78,4247.78,169990456
2020-07-02,4239.41,4340.1,4238.12,4335.84,4335.84,252939369
2020-07-03,4353.19,4419.6,4348.45,4419.6,4419.6,290485540
2020-07-06,4465.81,4678.11,4465.81,4670.09,4670.09,405821025
2020-07-07,4739.61,4796.32,4688.06,4698.13,4698.13,406008553
2020-07-08,4692.86,4803.36,4670.65,4774.0,4774.0,348074847
2020-07-09,4770.08,4854.12,4757.29,4840.77,4840.77,351046894
2020-07-10,4796.09,4821.37,4734.47,4753.13,4753.13,316949650
2020-07-13,4742.37,4878.08,4741.87,4852.96,4852.96,321645445
2020-07-14,4836.17,4860.44,4729.93,4806.69,4806.69,297241984
2020-07-15,4821.52,4837.48,4723.36,4744.47,4744.47,272389007
2020-07-16,4741.53,4772.56,4513.65,4516.25,4516.25,284657134
2020-07-17,4524.77,4601.37,4485.82,4544.7,4544.7,207375562
2020-07-20,4597.2,4681.94,4534.23,4680.3,4680.3,246068915
2020-07-21,4697.5,4714.29,4661.44,4691.04,4691.04,200415660
2020-07-22,4682.66,4790.45,4675.35,4714.45,4714.45,224199212
2020-07-23,4668.74,4731.4,4607.66,4712.44,4712.44,234314570
2020-07-24,4679.03,4691.7,4479.39,4505.59,4505.59,243905203
2020-07-27,4535.01,4558.12,4482.44,4528.45,4528.45,171420552
2020-07-28,4567.67,4590.25,4537.68,4568.26,4568.26,162768499
2020-07-29,4559.16,4680.56,4548.85,4679.01,4679.01,186695306
2020-07-30,4689.76,4704.63,4649.77,4656.15,4656.15,166967567
2020-07-31,4652.18,4741.81,4621.96,4695.05,4695.05,184839027
2020-08-03,4735.9,4771.37,4720.03,4771.31,4771.31,214776238
2020-08-04,4778.49,4807.08,4747.77,4775.8,4775.8,239974986
2020-08-05,4761.76,4786.7,4711.27,4777.11,4777.11,196700549
2020-08-06,4779.24,4791.86,4691.16,4762.76,4762.76,227854405
2020-08-07,4742.29,4749.02,4637.84,4707.93,4707.93,213518216
2020-08-10,4681.76,4757.66,4646.29,4724.87,4724.87,203788833
2020-08-11,4730.37,4791.53,4674.86,4681.78,4681.78,205546511
2020-08-12,4668.89,4681.62,4566.27,4647.64,4647.64,202887240
2020-08-13,4666.49,4671.77,4626.1,4635.71,4635.71,152550093
2020-08-14,4627.61,4708.07,4617.63,4704.63,4704.63,147292920
2020-08-17,4727.12,4838.09,4721.36,4815.23,4815.23,268001556
2020-08-18,4816.57,4825.39,4788.83,4812.76,4812.76,189139855
2020-08-19,4804.67,4809.05,4738.01,4740.68,4740.68,192442949
2020-08-20,4708.13,4721.44,4662.8,4679.15,4679.15,158368640
2020-08-21,4717.79,4739.48,4684.81,4718.84,4718.84,142657864
2020-08-24,4746.4,4769.47,4716.61,4755.85,4755.85,151143511
2020-08-25,4769.21,4802.41,4746.31,4761.95,4761.95,141701350
2020-08-26,4761.72,4786.42,4689.88,4706.13,4706.13,151305180
2020-08-27,4718.06,4731.94,4679.36,4731.35,4731.35,119042849
2020-08-28,4727.29,4850.49,4719.35,4844.27,4844.27,159399764
2020-08-31,4870.93,4901.21,4816.21,4816.22,4816.22,202567030
2020-09-01,4803.39,4842.14,4791.78,4842.12,4842.12,138395402
2020-09-02,4859.08,4863.55,4797.52,4843.89,4843.89,157989524
2020-09-03,4841.5,4877.01,4800.06,4817.1,4817.1,145671201
2020-09-04,4737.24,4778.2,4726.56,4770.22,4770.22,120032796
2020-09-07,4759.52,4789.3,4655.56,4669.37,4669.37,148607790
2020-09-08,4683.83,4707.9,4639.05,4694.39,4694.39,139199227
2020-09-09,4634.25,4645.2,4558.03,4584.59,4584.59,162277107
2020-09-10,4632.1,4647.75,4572.21,4581.98,4581.98,150652879
2020-09-11,4572.26,4630.88,4563.11,4627.28,4627.28,115302423
2020-09-14,4652.05,4666.99,4625.99,4651.05,4651.05,107235180
2020-09-15,4649.45,4691.5,4630.54,4688.48,4688.48,101915924
2020-09-16,4683.01,4690.68,4638.46,4657.36,4657.36,108753641
2020-09-17,4642.05,4664.95,4601.64,4632.71,4632.71,105983631
2020-09-18,4636.64,4737.8,4631.7,4737.09,4737.09,160426476
2020-09-21,4750.75,4752.98,4688.72,4691.43,4691.43,124535826
2020-09-22,4654.22,4706.21,4622.11,4635.76,4635.76,119672947
2020-09-23,4639.66,4665.96,4623.55,4652.33,4652.33,95826529
2020-09-24,4623.95,4631.95,4562.21,4563.07,4563.07,112593682
2020-09-25,4582.48,4599.54,4554.72,4570.02,4570.02,93015155
2020-09-28,4582.65,4613.63,4571.15,4581.91,4581.91,85048389
2020-09-29,4608.29,4616.68,4586.35,4591.8,4591.8,85993859
2020-09-30,4607.58,4634.72,4563.41,4587.4,4587.4,89081201
2020-10-09,4663.61,4695.4,4655.09,4681.14,4681.14,111337513
2020-10-12,4705.19,4823.27,4704.16,4823.16,4823.16,155784558
2020-10-13,4812.9,4845.92,4795.37,4839.2,4839.2,116516339
2020-10-14,4830.46,4830.46,4795.91,4807.1,4807.1,111906924
2020-10-15,4810.78,4833.89,4796.26,4798.74,4798.74,109964961
2020-10-16,4798.92,4825.55,4765.97,4791.68,4791.68,116716101
2020-10-19,4823.49,4849.61,4747.34,4755.49,4755.49,129246362
2020-10-20,4751.37,4793.47,4739.46,4793.47,4793.47,98048156
2020-10-21,4801.63,4801.63,4758.86,4792.83,4792.83,103805704
2020-10-22,4780.6,4791.81,4725.5,4777.98,4777.98,101350892
2020-10-23,4775.47,4802.46,4717.1,4718.49,4718.49,106825185
2020-10-26,4684.05,4713.39,4639.3,4691.24,4691.24,108343276
2020-10-27,4680.14,4708.46,4671.85,4699.28,4699.28,92656305
2020-10-28,4703.0,4753.31,4685.6,4737.27,4737.27,108463401
2020-10-29,4683.61,4803.03,4679.25,4772.92,4772.92,117117251
2020-10-30,4776.47,4778.51,4683.47,4695.33,4695.33,139802304
2020-11-02,4702.75,4738.02,4695.44,4720.83,4720.83,142867694
2020-11-03,4743.17,4793.4,4734.17,4777.56,4777.56,136055409
2020-11-04,4781.45,4825.46,4770.56,4813.66,4813.66,114661806
2020-11-05,4861.34,4885.11,4838.0,4885.11,4885.11,139244595
2020-11-06,4897.63,4897.63,4845.43,4885.72,4885.72,153639035
2020-11-09,4918.86,4997.8,4918.86,4981.35,4981.35,197131983
2020-11-10,4995.41,4995.41,4928.93,4953.88,4953.88,176267215
2020-11-11,4937.76,4957.58,4901.71,4904.9,4904.9,164470515
2020-11-12,4916.77,4926.34,4891.51,4908.46,4908.46,118114619
2020-11-13,4886.98,4886.98,4825.76,4856.85,4856.85,133693079
2020-11-16,4880.96,4904.17,4848.62,4904.17,4904.17,148770980
2020-11-17,4903.12,4909.29,4865.39,4894.79,4894.79,151487465
2020-11-18,4889.67,4911.09,4870.72,4891.67,4891.67,164216617
2020-11-19,4880.92,4939.79,4870.2,4927.99,4927.99,133681377
2020-11-20,4928.22,4947.43,4922.59,4943.29,4943.29,129400340
2020-11-23,4954.6,5029.65,4940.45,5005.03,5005.03,205915187
2020-11-24,4997.05,5001.06,4960.98,4974.29,4974.29,156637911
2020-11-25,4992.75,5004.77,4910.7,4910.7,4910.7,170340526
2020-11-26,4908.32,4925.29,4867.82,4919.59,4919.59,137202337
2020-11-27,4930.59,4980.77,4917.35,4980.77,4980.77,162952922
2020-11-30,4994.11,5055.19,4960.25,4960.25,4960.25,262638950
2020-12-01,4963.13,5072.55,4963.13,5067.1,5067.1,204065638
2020-12-02,5072.98,5090.61,5043.31,5067.14,5067.14,195435476
2020-12-03,5065.45,5072.3,5033.79,5057.06,5057.06,177865748
2020-12-04,5049.52,5072.39,5017.85,5065.92,5065.92,144347167
2020-12-07,5065.73,5067.87,5014.61,5022.24,5022.24,139896218
2020-12-08,5029.11,5043.06,4998.92,5009.88,5009.88,123073029
2020-12-09,5022.38,5033.64,4942.52,4942.7,4942.7,138916964
2020-12-10,4931.29,4962.74,4919.77,4940.52,4940.52,125914271
2020-12-11,4957.82,4957.82,4849.35,4889.63,4889.63,159357696
2020-12-14,4903.63,4937.26,4887.66,4934.84,4934.84,120801551
2020-12-15,4931.6,4954.19,4904.79,4945.1,4945.1,118342633
2020-12-16,4957.3,4968.86,4938.19,4953.87,4953.87,106778967
2020-12-17,4960.73,5021.62,4950.37,5017.48,5017.48,133385480
2020-12-18,5014.32,5027.44,4979.01,4999.97,4999.97,128049618
2020-12-21,4995.76,5048.51,4970.0,5046.84,5046.84,140811781
2020-12-22,5034.98,5055.13,4960.95,4964.77,4964.77,162344970
2020-12-23,4977.3,5028.45,4968.15,5007.12,5007.12,140292818
2020-12-24,5006.01,5033.04,4979.24,5000.02,5000.02,114418668
2020-12-25,4985.77,5042.1,4973.68,5042.01,5042.01,121006979
2020-12-28,5042.94,5089.34,5037.86,5064.41,5064.41,136914406
2020-12-29,5071.45,5077.42,5034.31,5042.94,5042.94,141198661
2020-12-30,5037.98,5113.71,5036.63,5113.71,5113.71,148626447
2020-12-31,5122.48,5215.62,5122.48,5211.29,5211.29,171602509
2021-01-04,5212.93,5284.43,5190.94,5267.72,5267.72,211711383
2021-01-05,5245.84,5368.5,5234.38,5368.5,5368.5,224931159
2021-01-06,5386.51,5433.47,5341.43,5417.67,5417.67,193773445
2021-01-07,5428.39,5513.66,5413.35,5513.66,5513.66,219872079
2021-01-08,5526.29,5547.47,5442.69,5495.43,5495.43,204324956
2021-01-11,5504.24,5555.69,5412.5,5441.16,5441.16,231835983
2021-01-12,5419.5,5596.35,5417.63,5596.35,5596.35,224220186
2021-01-13,5609.26,5644.72,5535.14,5577.97,5577.97,261569887
2021-01-14,5556.21,5568.02,5458.68,5470.46,5470.46,243683379
2021-01-15,5471.39,5500.63,5390.27,5458.08,5458.08,238637435
2021-01-18,5438.16,5541.46,5410.78,5518.52,5518.52,207051868
2021-01-19,5525.97,5532.48,5415.72,5437.52,5437.52,211043425
2021-01-20,5439.91,5496.05,5426.54,5476.43,5476.43,170913260
2021-01-21,5492.96,5593.11,5490.56,5564.97,5564.97,209950198
2021-01-22,5562.38,5573.66,5513.88,5569.78,5569.78,199300019
2021-01-25,5564.12,5655.48,5543.27,5625.92,5625.92,197047020
2021-01-26,5600.9,5600.9,5506.0,5512.97,5512.97,171904591
2021-01-27,5505.77,5534.99,5449.64,5528.0,5528.0,160190840
2021-01-28,5450.37,5462.24,5360.38,5377.14,5377.14,170485586
2021-01-29,5413.97,5430.2,5288.1,5351.96,5351.96,182178785
2021-02-01,5356.85,5422.3,5342.05,5417.65,5417.65,166313705
2021-02-02,5429.7,5503.21,5411.52,5501.09,5501.09,165210565
2021-02-03,5499.3,5532.89,5473.12,5485.2,5485.2,188054318
2021-02-04,5453.98,5510.05,5411.57,5473.95,5473.95,180575654
2021-02-05,5494.7,5550.77,5477.65,5483.41,5483.41,189699599
2021-02-08,5506.14,5576.49,5479.85,5564.56,5564.56,164033774
2021-02-09,5584.17,5686.25,5555.05,5686.25,5686.25,164887260
2021-02-10,5709.68,5823.42,5707.33,5807.72,5807.72,170169787
2021-02-18,5922.07,5930.91,5747.66,5768.38,5768.38,218848686
2021-02-19,5734.02,5787.89,5667.32,5778.84,5778.84,214475781
2021-02-22,5785.51,5785.51,5597.33,5597.33,5597.33,282124383
2021-02-23,5542.68,5644.76,5541.11,5579.67,5579.67,233807726
2021-02-24,5591.48,5598.83,5379.73,5437.57,5437.57,225428611
2021-02-25,5494.47,5527.63,5444.16,5469.56,5469.56,230736028
2021-02-26,5343.9,5416.32,5318.86,5336.76,5336.76,212264543
2021-03-01,5389.25,5421.56,5345.94,5418.78,5418.78,177463524
2021-03-02,5453.28,5454.97,5305.05,5349.63,5349.63,196511114
2021-03-03,5327.35,5452.4,5316.48,5452.21,5452.21,194709053
2021-03-04,5388.48,5392.37,5254.78,5280.71,5280.71,212775212
2021-03-05,5191.97,5307.82,5174.25,5262.8,5262.8,202627955
2021-03-08,5299.79,5326.26,5079.8,5080.02,5080.02,230231634
2021-03-09,5066.15,5094.31,4917.91,4971.0,4971.0,230711004
2021-03-10,5047.06,5055.28,4981.62,5003.61,5003.61,169928489
2021-03-11,5024.56,5138.41,5020.58,5128.22,5128.22,189600765
2021-03-12,5153.67,5153.67,5086.82,5146.38,5146.38,201020590
2021-03-15,5116.12,5120.88,4992.4,5035.54,5035.54,204153083
2021-03-16,5054.41,5084.31,5009.95,5079.36,5079.36,161390054
2021-03-17,5062.77,5123.55,5020.13,5100.86,5100.86,149162376
2021-03-18,5114.59,5160.46,5111.13,5141.77,5141.77,142901519
2021-03-19,5068.53,5089.92,4980.76,5007.09,5007.09,164174848
2021-03-22,5008.4,5071.34,4996.54,5057.15,5057.15,167402632
2021-03-23,5057.06,5064.02,4966.53,5009.25,5009.25,158013967
2021-03-24,4985.4,5024.33,4919.89,4928.69,4928.69,159385981
2021-03-25,4904.07,4950.76,4883.66,4926.35,4926.35,132945188
2021-03-26,4953.95,5050.83,4953.95,5037.99,5037.99,145926697
2021-03-29,5052.26,5086.65,5010.39,5046.88,5046.88,143388216
2021-03-30,5043.1,5106.04,5032.8,5094.73,5094.73,138618560
2021-03-31,5085.95,5085.95,5015.61,5048.36,5048.36,141335744
2021-04-01,5059.94,5115.43,5056.87,5110.78,5110.78,120324890
2021-04-02,5129.85,5169.83,5116.35,5161.56,5161.56,127002255
2021-04-06,5178.64,5181.15,5125.33,5140.34,5140.34,109834209
2021-04-07,5141.66,5141.66,5065.19,5103.74,5103.74,145763748
2021-04-08,5078.26,5129.13,5062.07,5112.21,5112.21,141771046
2021-04-09,5100.04,5100.04,5022.09,5035.34,5035.34,128416509
2021-04-12,5026.98,5045.6,4933.01,4947.75,4947.75,152644314
2021-04-13,4949.81,4994.54,4924.2,4939.64,4939.64,132919357
2021-04-14,4945.69,4987.12,4940.27,4980.63,4980.63,120860838
2021-04-15,4969.91,4969.91,4900.3,4948.97,4948.97,108829384
2021-04-16,4966.9,4979.17,4917.96,4966.18,4966.18,111239923
2021-04-19,4966.41,5088.21,4940.75,5087.02,5087.02,154769825
2021-04-20,5065.78,5119.86,5058.92,5083.37,5083.37,136541701
2021-04-21,5055.24,5110.56,5047.99,5098.74,5098.74,124637276
2021-04-22,5114.28,5119.22,5067.14,5089.24,5089.24,121167644
2021-04-23,5088.83,5149.98,5086.49,5135.45,5135.45,122056991
2021-04-26,5156.59,5181.11,5072.96,5077.24,5077.24,151381967
2021-04-27,5076.64,5095.98,5042.61,5090.52,5090.52,123961838
2021-04-28,5073.97,5119.45,5059.26,5119.24,5119.24,120620319
2021-04-29,5128.28,5170.59,5113.65,5164.17,5164.17,140092480
2021-04-30,5156.36,5163.25,5094.93,5123.49,5123.49,160121620
2021-05-06,5098.8,5132.9,5037.41,5061.12,5061.12,158822630
2021-05-07,5073.46,5093.75,4996.04,4996.05,4996.05,172258322
2021-05-10,5001.44,5019.39,4953.7,4992.42,4992.42,170820585
2021-05-11,4956.08,5033.49,4925.92,5023.06,5023.06,151526497
2021-05-12,5003.82,5051.17,4995.4,5044.55,5044.55,126619087
2021-05-13,4992.35,5022.08,4975.45,4992.97,4992.97,132279406
2021-05-14,5007.63,5112.98,4981.29,5110.59,5110.59,159426181
2021-05-17,5115.31,5206.69,5115.31,5184.99,5184.99,153889633
2021-05-18,5190.93,5201.67,5156.79,5187.6,5187.6,118404260
2021-05-19,5173.17,5193.56,5151.64,5172.27,5172.27,118729984
2021-05-20,5167.05,5201.59,5152.04,5186.41,5186.41,138454776
2021-05-21,5199.13,5216.16,5123.12,5134.15,5134.15,124768484
2021-05-24,5138.81,5155.59,5092.39,5155.59,5155.59,126742336
2021-05-25,5165.04,5324.36,5161.52,5318.48,5318.48,182996838
2021-05-26,5326.12,5344.28,5308.74,5320.59,5320.59,169607096
2021-05-27,5311.37,5378.48,5286.05,5338.23,5338.23,148462856
2021-05-28,5338.73,5360.28,5288.65,5321.09,5321.09,164605806
2021-05-31,5318.08,5331.63,5281.69,5331.57,5331.57,144603269
2021-06-01,5320.47,5343.75,5269.26,5341.68,5341.68,143831475
2021-06-02,5348.34,5352.64,5266.79,5289.97,5289.97,137754319
2021-06-03,5285.71,5314.37,5255.07,5255.29,5255.29,141968878
2021-06-04,5228.28,5334.49,5221.23,5282.28,5282.28,144732088
2021-06-07,5284.89,5286.84,5242.95,5277.63,5277.63,127704970
2021-06-08,5276.97,5319.04,5201.14,5232.12,5232.12,130559532
2021-06-09,5224.95,5253.36,5215.35,5236.45,5236.45,121820321
2021-06-10,5236.47,5299.53,5229.52,5271.47,5271.47,138991967
2021-06-11,5275.75,5276.1,5213.6,5224.7,5224.7,180807173
2021-06-15,5218.56,5225.5,5137.41,5166.56,5166.56,142880059
2021-06-16,5163.25,5164.52,5076.02,5080.49,5080.49,125147986
2021-06-17,5074.38,5123.37,5073.82,5101.89,5101.89,120452518
2021-06-18,5104.93,5128.03,5064.92,5102.47,5102.47,148585805
2021-06-21,5088.09,5123.78,5058.57,5090.39,5090.39,132184517
2021-06-22,5106.07,5125.82,5086.28,5122.16,5122.16,130416753
2021-06-23,5127.19,5171.03,5109.76,5147.39,5147.39,136356058
2021-06-24,5156.56,5160.43,5120.58,5155.97,5155.97,126685624
2021-06-25,5159.8,5251.61,5157.48,5239.97,5239.97,154931062
2021-06-28,5253.61,5260.64,5226.22,5251.76,5251.76,133193784
2021-06-29,5248.52,5248.52,5182.68,5190.54,5190.54,125162998
2021-06-30,5189.38,5231.43,5186.63,5224.04,5224.04,103752671
2021-07-01,5241.2,5252.26,5190.88,5229.66,5229.66,127240620
2021-07-02,5186.66,5186.66,5074.36,5081.12,5081.12,130426424
2021-07-05,5073.78,5098.23,5048.0,5085.79,5085.79,131211589
2021-07-06,5089.78,5092.21,5028.51,5083.1,5083.1,140655219
2021-07-07,5052.42,5152.77,5045.41,5140.49,5140.49,148549061
2021-07-08,5149.31,5151.22,5078.93,5088.26,5088.26,173901007
2021-07-09,5063.15,5081.41,5006.41,5069.44,5069.44,160653225
2021-07-12,5108.38,5159.41,5070.32,5132.71,5132.71,206212040
2021-07-13,5128.61,5154.05,5114.94,5142.1,5142.1,166482209
2021-07-14,5130.75,5130.75,5075.13,5083.08,5083.08,188352719
2021-07-15,5073.26,5153.81,5067.68,5151.46,5151.46,181077102
2021-07-16,5140.9,5140.9,5090.63,5094.77,5094.77,169955983
2021-07-19,5083.73,5120.82,5047.62,5113.49,5113.49,153199588
2021-07-20,5080.22,5114.0,5067.86,5108.99,5108.99,129300045
2021-07-21,5122.78,5160.54,5122.3,5144.04,5144.04,167976468
2021-07-22,5150.39,5171.21,5137.88,5151.75,5151.75,185556864
2021-07-23,5145.43,5145.43,5080.0,5089.23,5089.23,216536847
2021-07-26,5067.31,5067.31,4859.6,4925.3,4925.3,228111711
2021-07-27,4924.28,4940.86,4749.03,4751.31,4751.31,236631224
2021-07-28,4714.29,4785.66,4663.9,4760.48,4760.48,192634394
2021-07-29,4845.76,4857.97,4800.01,4850.27,4850.27,173322053
2021-07-30,4825.7,4825.7,4761.04,4811.17,4811.17,182349775
2021-08-02,4794.82,4938.82,4761.46,4933.74,4933.74,227194918
2021-08-03,4909.23,4957.03,4890.85,4934.46,4934.46,203533361
2021-08-04,4927.74,4979.29,4919.66,4978.85,4978.85,175466460
2021-08-05,4946.17,4997.14,4921.94,4948.67,4948.67,167381829
2021-08-06,4943.04,4944.35,4891.8,4921.56,4921.56,154179689
2021-08-09,4890.26,5002.89,4884.04,4985.56,4985.56,182436872
2021-08-10,4977.82,5043.76,4941.24,5043.15,5043.15,167051901
2021-08-11,5037.08,5059.79,5009.98,5015.34,5015.34,182266074
2021-08-12,4998.07,5016.26,4962.99,4973.35,4973.35,168223734
2021-08-13,4958.76,4993.74,4921.28,4945.98,4945.98,158314322
2021-08-16,4935.92,4973.38,4931.37,4941.07,4941.07,161953372
2021-08-17,4935.0,4967.56,4823.39,4837.4,4837.4,187573473
2021-08-18,4838.47,4909.54,4818.9,4894.24,4894.24,197474378
2021-08-19,4886.56,4893.47,4839.57,4862.14,4862.14,201711718
2021-08-20,4817.49,4835.15,4720.83,4769.27,4769.27,177635809
2021-08-23,4777.73,4843.82,4764.01,4835.88,4835.88,167579092
2021-08-24,4844.59,4906.2,4842.75,4888.39,4888.39,197883164
2021-08-25,4890.52,4899.77,4865.76,4898.16,4898.16,189448015
2021-08-26,4892.2,4892.2,4798.7,4801.61,4801.61,197617388
2021-08-27,4794.97,4863.47,4793.59,4827.04,4827.04,183310211
2021-08-30,4847.03,4849.16,4787.2,4813.27,4813.27,219635758
2021-08-31,4803.09,4821.76,4740.75,4805.61,4805.61,235118659
2021-09-01,4804.69,4906.4,4763.3,4869.46,4869.46,326721080
2021-09-02,4865.82,4892.7,4845.62,4869.41,4869.41,267858012
2021-09-03,4875.07,4886.55,4828.7,4843.06,4843.06,268091896
2021-09-06,4841.06,4944.45,4837.79,4933.73,4933.73,240507246
2021-09-07,4932.98,5005.96,4915.61,4992.83,4992.83,244178519
2021-09-08,4986.8,5013.98,4955.89,4972.13,4972.13,264615314
2021-09-09,4952.49,4970.15,4929.95,4970.01,4970.01,256530217
2021-09-10,4967.98,5042.8,4962.37,5013.52,5013.52,288304353
2021-09-13,5006.77,5029.72,4964.96,4991.66,4991.66,249915297
2021-09-14,4989.83,5000.98,4907.32,4917.16,4917.16,245590403
2021-09-15,4903.85,4903.85,4843.12,4867.32,4867.32,187984730
2021-09-16,4866.79,4879.53,4806.14,4807.7,4807.7,216752100
2021-09-17,4797.11,4857.96,4786.09,4855.94,4855.94,201958126
2021-09-22,4770.73,4830.85,4765.23,4821.77,4821.77,191220375
2021-09-23,4848.22,4877.34,4837.56,4853.2,4853.2,228151063
2021-09-24,4845.64,4897.06,4838.54,4849.43,4849.43,207693289
2021-09-27,4870.85,4922.56,4852.2,4877.37,4877.37,215967030
2021-09-28,4869.08,4901.31,4846.63,4883.83,4883.83,176890880
2021-09-29,4846.02,4868.07,4799.88,4833.93,4833.93,188171366
2021-09-30,4843.95,4876.07,4843.95,4866.38,4866.38,146113897
2021-10-08,4915.73,4937.09,4891.62,4929.94,4929.94,168968077
2021-10-11,4941.29,4983.73,4930.71,4936.19,4936.19,163511624
2021-10-12,4920.66,4925.49,4840.77,4883.84,4883.84,168079337
2021-10-13,4880.14,4953.37,4869.83,4940.11,4940.11,131142812
2021-10-14,4934.26,4953.92,4903.25,4913.61,4913.61,119557012
2021-10-15,4896.56,4939.82,4881.01,4932.11,4932.11,142822001
2021-10-18,4922.51,4922.51,4844.94,4874.78,4874.78,141245199
2021-10-19,4869.39,4928.14,4868.81,4922.72,4922.72,135266493
2021-10-20,4926.77,4944.02,4898.37,4910.18,4910.18,141533184
2021-10-21,4914.74,4946.18,4893.85,4928.02,4928.02,148898153
2021-10-22,4934.87,4989.89,4934.87,4959.73,4959.73,143926228
2021-10-25,4940.9,4981.65,4930.11,4979.52,4979.52,141861491
2021-10-26,4983.24,5002.57,4953.48,4963.1,4963.1,140888942
2021-10-27,4949.23,4949.23,4884.94,4898.16,4898.16,147111593
2021-10-28,4882.59,4898.66,4846.28,4864.14,4864.14,156649472
2021-10-29,4861.27,4908.77,4855.76,4908.77,4908.77,159887352
2021-11-01,4878.13,4908.21,4858.25,4890.69,4890.69,171583974
2021-11-02,4886.18,4911.23,4797.9,4839.85,4839.85,185437688
2021-11-03,4835.81,4858.71,4804.37,4821.11,4821.11,142763820
2021-11-04,4841.09,4873.94,4834.74,4868.74,4868.74,132592970
2021-11-05,4858.9,4889.68,4841.74,4842.35,4842.35,147789358
2021-11-08,4841.15,4866.08,4827.69,4848.18,4848.18,137398264
2021-11-09,4858.25,4870.79,4818.54,4846.74,4846.74,118375526
2021-11-10,4832.8,4832.8,4754.0,4821.19,4821.19,135118180
2021-11-11,4814.77,4898.65,4809.11,4898.65,4898.65,160484864
2021-11-12,4902.93,4909.08,4875.35,4888.37,4888.37,132662968
2021-11-15,4894.41,4906.33,4863.4,4882.38,4882.38,121823150
2021-11-16,4880.9,4915.37,4876.5,4883.32,4883.32,127254405
2021-11-17,4883.25,4891.52,4864.52,4885.75,4885.75,108459223
2021-11-18,4871.42,4871.42,4830.41,4837.62,4837.62,114480566
2021-11-19,4832.06,4892.81,4829.57,4890.06,4890.06,127198313
2021-11-22,4895.39,4919.0,4893.27,4912.4,4912.4,138092836
2021-11-23,4905.76,4927.52,4896.88,4913.35,4913.35,154304412
2021-11-24,4914.03,4935.49,4899.61,4916.66,4916.66,137150674
2021-11-25,4917.61,4921.33,4891.73,4896.44,4896.44,115984031
2021-11-26,4886.95,4886.95,4850.81,4860.13,4860.13,120368975
2021-11-29,4820.01,4858.53,4818.71,4851.42,4851.42,133626862
2021-11-30,4857.18,4871.25,4810.22,4832.03,4832.03,129630597
2021-12-01,4831.89,4844.52,4823.93,4843.85,4843.85,123086789
2021-12-02,4839.91,4866.85,4830.32,4856.16,4856.16,148088522
2021-12-03,4856.98,4901.02,4853.35,4901.02,4901.02,144059625
2021-12-06,4909.43,4943.9,4888.69,4892.62,4892.62,173615683
2021-12-07,4930.83,4934.1,4895.22,4922.1,4922.1,179053460
2021-12-08,4934.41,4995.93,4915.79,4995.93,4995.93,157490560
2021-12-09,5000.69,5114.5,4999.41,5078.69,5078.69,220568776
2021-12-10,5046.27,5060.06,5035.81,5055.12,5055.12,193695155
2021-12-13,5090.02,5143.84,5079.73,5083.8,5083.8,211801595
2021-12-14,5066.35,5075.21,5038.86,5049.7,5049.7,159107791
2021-12-15,5036.28,5060.37,5003.78,5005.9,5005.9,150529751
2021-12-16,5006.61,5034.73,4987.22,5034.73,5034.73,144053868
2021-12-17,5021.34,5022.11,4954.76,4954.76,4954.76,149005399
2021-12-20,4934.97,4971.67,4872.68,4880.42,4880.42,169675689
2021-12-21,4876.51,4917.8,4872.95,4913.49,4913.49,143339899
2021-12-22,4924.58,4936.67,4903.17,4914.45,4914.45,133256740
2021-12-23,4924.29,4948.74,4906.75,4948.74,4948.74,139555407
2021-12-24,4953.06,4964.91,4905.98,4921.34,4921.34,142673324
2021-12-27,4918.15,4939.69,4894.16,4919.32,4919.32,124100951
2021-12-28,4923.69,4959.14,4913.6,4955.96,4955.96,130457756
2021-12-29,4958.65,4958.65,4883.48,4883.48,4883.48,113587003
2021-12-30,4882.16,4940.18,4878.65,4921.51,4921.51,121617178
2021-12-31,4937.46,4950.36,4923.14,4940.37,4940.37,121313738
2022-01-04,4957.98,4961.45,4874.53,4917.77,4917.77,151534776
2022-01-05,4907.93,4916.28,4851.98,4868.12,4868.12,178816100
2022-01-06,4842.16,4857.56,4786.43,4818.23,4818.23,157665825
2022-01-07,4824.32,4856.65,4818.19,4822.37,4822.37,187139412
2022-01-10,4812.23,4844.39,4780.82,4844.05,4844.05,156211697
2022-01-11,4840.01,4850.88,4791.89,4797.77,4797.77,146928005
2022-01-12,4818.89,4852.73,4810.92,4845.58,4845.58,143200205
2022-01-13,4853.03,4853.06,4765.24,4765.92,4765.92,142519652
2022-01-14,4743.91,4764.05,4723.94,4726.73,4726.73,146863127
2022-01-17,4728.76,4775.24,4726.71,4767.28,4767.28,115295690
2022-01-18,4766.78,4826.3,4747.92,4813.35,4813.35,150870802
2022-01-19,4815.81,4828.75,4755.93,4780.38,4780.38,133927360
2022-01-20,4778.26,4845.0,4777.57,4823.51,4823.51,164971315
2022-01-21,4808.77,4818.31,4762.56,4779.31,4779.31,138952586
2022-01-24,4753.94,4801.1,4746.45,4786.74,4786.74,114463880
2022-01-25,4761.95,4781.39,4678.25,4678.45,4678.45,133667587
2022-01-26,4697.1,4718.99,4648.13,4712.31,4712.31,107070843
2022-01-27,4708.1,4708.44,4616.03,4619.88,4619.88,121263803
2022-01-28,4641.81,4660.52,4559.83,4563.77,4563.77,126480113
2022-02-07,4638.58,4672.65,4615.01,4634.09,4634.09,144849720
2022-02-08,4626.44,4626.44,4522.47,4608.77,4608.77,155830707
2022-02-09,4608.15,4659.46,4595.28,4652.06,4652.06,148335547
2022-02-10,4657.21,4657.21,4608.09,4639.86,4639.86,151576666
2022-02-11,4617.87,4662.6,4595.88,4601.4,4601.4,155974584
2022-02-14,4579.42,4593.63,4530.06,4551.69,4551.69,143673894
2022-02-15,4553.81,4601.45,4550.54,4600.1,4600.1,115025600
2022-02-16,4619.85,4643.1,4607.22,4617.99,4617.99,107258954
2022-02-17,4616.9,4650.16,4606.95,4629.16,4629.16,110014643
2022-02-18,4604.57,4651.34,4598.1,4651.24,4651.24,104550228
2022-02-21,4646.05,4646.67,4613.3,4634.31,4634.31,112516513
2022-02-22,4601.92,4602.07,4550.8,4574.15,4574.15,123317238
2022-02-23,4582.01,4625.3,4579.29,4623.05,4623.05,122952916
2022-02-24,4592.07,4610.88,4488.48,4529.32,4529.32,184403059
2022-02-25,4564.63,4611.86,4561.9,4573.42,4573.42,149722583
2022-02-28,4563.74,4581.65,4530.68,4581.65,4581.65,135406979
2022-03-01,4597.86,4623.43,4583.92,4619.69,4619.69,123139220
2022-03-02,4594.02,4594.02,4558.44,4578.6,4578.6,113298324
2022-03-03,4595.02,4599.4,4544.43,4551.63,4551.63,138285878
2022-03-04,4513.36,4539.39,4481.49,4496.43,4496.43,127266806
2022-03-07,4462.52,4462.52,4338.3,4352.78,4352.78,162197706
2022-03-08,4361.64,4383.65,4252.54,4265.39,4265.39,167863278
2022-03-09,4280.98,4304.48,4068.19,4226.35,4226.35,194232901
2022-03-10,4326.2,4335.67,4288.51,4292.84,4292.84,145266383
2022-03-11,4231.2,4316.04,4176.45,4306.52,4306.52,152399921
2022-03-14,4248.15,4280.36,4174.76,4174.76,4174.76,130187236
2022-03-15,4125.49,4163.42,3983.81,3983.81,3983.81,202524700
2022-03-16,4053.1,4168.59,3942.86,4156.08,4156.08,196021983
2022-03-17,4237.67,4302.74,4217.8,4237.7,4237.7,179407345
2022-03-18,4218.47,4283.37,4194.94,4265.9,4265.9,149458304
2022-03-21,4280.14,4287.82,4223.02,4258.75,4258.75,127036360
2022-03-22,4252.57,4283.33,4236.69,4255.3,4255.3,126382469
2022-03-23,4269.61,4287.58,4241.96,4276.52,4276.52,117089078
2022-03-24,4249.53,4273.96,4216.85,4251.31,4251.31,108918272
2022-03-25,4249.07,4254.84,4173.93,4174.57,4174.57,108808046
2022-03-28,4128.84,4174.12,4091.3,4148.47,4148.47,118449021
2022-03-29,4155.42,4177.21,4124.72,4134.14,4134.14,100266972
2022-03-30,4162.17,4254.1,4160.74,4254.1,4254.1,138346025
2022-03-31,4234.72,4247.36,4214.54,4222.6,4222.6,134029184
2022-04-01,4198.82,4290.67,4190.08,4276.16,4276.16,133803054
2022-04-06,4258.83,4277.52,4236.73,4263.84,4263.84,159062195
2022-04-07,4240.02,4278.11,4205.74,4209.1,4209.1,134880353
2022-04-08,4213.21,4237.81,4175.53,4230.77,4230.77,142843794
2022-04-11,4203.79,4203.79,4089.09,4100.07,4100.07,148197071
2022-04-12,4102.97,4179.97,4075.8,4179.97,4179.97,144285683
2022-04-13,4154.41,4194.04,4139.74,4139.74,4139.74,125097490
2022-04-14,4172.64,4217.06,4155.55,4191.57,4191.57,124791316
2022-04-15,4162.37,4211.32,4152.97,4188.75,4188.75,124762263
2022-04-18,4152.93,4171.74,4119.99,4166.38,4166.38,117504609
2022-04-19,4161.93,4186.94,4115.42,4134.9,4134.9,110217472
2022-04-20,4130.54,4136.17,4060.5,4070.79,4070.79,117331658
2022-04-21,4048.73,4086.44,3978.37,3995.83,3995.83,132783828
2022-04-22,3967.2,4037.08,3953.72,4013.25,4013.25,122101811
2022-04-25,3933.45,3958.21,3814.91,3814.91,3814.91,168364503
2022-04-26,3822.49,3871.85,3773.9,3784.12,3784.12,157577610
2022-04-27,3758.08,3895.73,3757.09,3895.54,3895.54,172734047
2022-04-28,3883.42,3943.43,3873.58,3921.11,3921.11,153056586
2022-04-29,3939.62,4017.43,3898.57,4016.24,4016.24,179458378
2022-05-05,3995.35,4039.7,3988.93,4010.21,4010.21,154170716
2022-05-06,3928.85,3947.24,3902.05,3908.82,3908.82,123005550
2022-05-09,3883.95,3914.11,3854.94,3877.44,3877.44,92936694
2022-05-10,3820.63,3932.68,3808.57,3919.87,3919.87,136416919
2022-05-11,3917.93,4033.3,3916.52,3976.42,3976.42,165632256
2022-05-12,3949.95,3985.93,3935.59,3958.74,3958.74,113376067
2022-05-13,3983.82,4003.85,3957.14,3988.6,3988.6,109968356
2022-05-16,4015.0,4018.03,3947.75,3956.54,3956.54,112425295
2022-05-17,3961.76,4005.89,3955.1,4005.89,4005.89,109661455
2022-05-18,4015.01,4017.34,3964.75,3991.91,3991.91,108074232
2022-05-19,3938.3,3999.6,3933.75,3999.6,3999.6,116293420
2022-05-20,4020.82,4077.6,4020.82,4077.6,4077.6,147069174
2022-05-23,4080.97,4080.97,4029.08,4053.98,4053.98,130477811
2022-05-24,4052.87,4055.78,3959.15,3959.15,3959.15,145554337
2022-05-25,3959.77,3983.62,3946.81,3983.18,3983.18,107734016
2022-05-26,3987.68,4015.75,3938.24,3993.04,3993.04,126263690
2022-05-27,4022.71,4051.14,3983.38,4001.3,4001.3,112769336
2022-05-30,4020.86,4040.82,4003.38,4029.02,4029.02,111152241
2022-05-31,4031.76,4096.2,4020.38,4091.52,4091.52,135415514
2022-06-01,4086.62,4094.9,4058.85,4083.18,4083.18,114850880
2022-06-02,4064.0,4091.15,4057.91,4089.57,4089.57,113893637
2022-06-06,4090.53,4166.62,4063.91,4166.09,4166.09,167871012
2022-06-07,4165.69,4198.09,4155.17,4179.13,4179.13,142992881
2022-06-08,4187.15,4224.81,4158.03,4219.81,4219.81,157374057
2022-06-09,4211.72,4227.45,4160.88,4175.67,4175.67,168449155
2022-06-10,4145.65,4241.35,4140.22,4238.99,4238.99,184796214
2022-06-13,4194.46,4218.23,4156.71,4189.35,4189.35,168475622
2022-06-14,4143.22,4224.09,4102.93,4222.31,4222.31,171385905
2022-06-15,4228.29,4348.42,4228.29,4278.22,4278.22,257046589
2022-06-16,4282.08,4302.92,4241.08,4250.06,4250.06,184074417
2022-06-17,4219.23,4318.77,4218.68,4309.04,4309.04,158649098
2022-06-20,4322.83,4368.36,4297.89,4330.43,4330.43,165666383
2022-06-21,4327.92,4357.34,4287.14,4325.57,4325.57,164667615
2022-06-22,4331.9,4333.18,4269.25,4270.62,4270.62,158565855
2022-06-23,4277.96,4343.88,4260.9,4343.88,4343.88,170882360
2022-06-24,4354.55,4400.69,4346.12,4394.77,4394.77,168972198
2022-06-27,4414.33,4472.69,4414.33,4444.26,4444.26,177385677
2022-06-28,4442.58,4497.89,4407.35,4490.52,4490.52,174756490
2022-06-29,4472.73,4503.13,4414.0,4421.36,4421.36,187276687
2022-06-30,4418.07,4515.0,4418.07,4485.01,4485.01,156666289
2022-07-01,4489.52,4500.99,4449.29,4466.72,4466.72,144779599
2022-07-04,4447.22,4496.03,4427.82,4496.03,4496.03,146345651
2022-07-05,4505.46,4530.32,4439.45,4489.54,4489.54,154962414
2022-07-06,4475.48,4484.36,4393.42,4423.97,4423.97,149800236
2022-07-07,4425.28,4457.34,4391.19,4443.47,4443.47,132660905
2022-07-08,4468.06,4479.49,4426.89,4428.78,4428.78,123195740
2022-07-11,4406.15,4406.15,4330.58,4354.62,4354.62,134448579
2022-07-12,4352.65,4370.34,4296.62,4313.62,4313.62,130187838
2022-07-13,4313.36,4341.47,4284.94,4321.46,4321.46,131113179
2022-07-14,4308.82,4352.1,4292.76,4322.07,4322.07,145250926
2022-07-15,4299.47,4344.86,4248.53,4248.53,4248.53,150214453
2022-07-18,4262.15,4300.78,4217.51,4292.59,4292.59,122601192
2022-07-19,4288.44,4288.44,4238.82,4269.34,4269.34,103805730
2022-07-20,4291.28,4303.37,4269.97,4283.8,4283.8,94490144
2022-07-21,4270.36,4283.15,4236.05,4236.06,4236.06,117156344
2022-07-22,4251.79,4275.47,4207.31,4238.23,4238.23,103840624
2022-07-25,4233.93,4234.84,4201.92,4212.64,4212.64,83636664
2022-07-26,4220.09,4259.99,4214.53,4245.98,4245.98,85823274
2022-07-27,4236.15,4242.1,4217.28,4225.04,4225.04,78904940
2022-07-28,4242.27,4267.92,4223.03,4225.67,4225.67,107531930
2022-07-29,4226.42,4243.51,4160.87,4170.1,4170.1,114179286
2022-08-01,4160.65,4196.57,4129.45,4188.68,4188.68,107749029
2022-08-02,4144.38,4144.38,4071.43,4107.02,4107.02,142224425
2022-08-03,4114.83,4150.98,4058.18,4066.98,4066.98,116666124
2022-08-04,4089.44,4108.16,4064.66,4101.54,4101.54,89532644
2022-08-05,4109.63,4159.49,4097.86,4156.91,4156.91,102571004
2022-08-08,4142.11,4155.73,4135.08,4148.07,4148.07,90208138
2022-08-09,4143.67,4161.81,4131.43,4156.29,4156.29,84136959
2022-08-10,4149.21,4160.79,4092.55,4109.74,4109.74,85565839
2022-08-11,4130.74,4193.81,4116.06,4193.54,4193.54,121385051
2022-08-12,4185.42,4202.47,4175.05,4191.15,4191.15,106808295
2022-08-15,4180.0,4219.92,4174.3,4185.68,4185.68,105898495
2022-08-16,4190.53,4208.8,4170.52,4177.84,4177.84,93906139
2022-08-17,4182.57,4222.79,4155.17,4216.96,4216.96,112864659
2022-08-18,4205.79,4211.91,4173.54,4180.1,4180.1,101052650
2022-08-19,4174.55,4185.66,4151.07,4151.07,4151.07,117402978
2022-08-22,4135.16,4183.65,4134.2,4181.4,4181.4,112442720
2022-08-23,4175.53,4187.39,4147.41,4161.08,4161.08,103153512
2022-08-24,4168.58,4174.16,4079.09,4082.42,4082.42,119069679
2022-08-25,4093.29,4119.62,4058.75,4116.24,4116.24,111320745
2022-08-26,4127.81,4139.79,4102.68,4107.55,4107.55,99000493
2022-08-29,4063.88,4092.95,4059.6,4089.52,4089.52,94354432
2022-08-30,4088.53,4093.14,4048.52,4075.79,4075.79,93301662
2022-08-31,4057.14,4112.85,4046.62,4078.84,4078.84,132449765
2022-09-01,4066.19,4090.89,4041.13,4043.74,4043.74,97387071
2022-09-02,4054.84,4056.18,4004.91,4023.61,4023.61,86789278
2022-09-05,4010.41,4017.0,3982.74,4015.43,4015.43,93767109
2022-09-06,4024.47,4054.0,4009.58,4052.28,4052.28,113506265
2022-09-07,4032.72,4067.54,4028.37,4054.98,4054.98,107678059
2022-09-08,4059.17,4067.76,4036.02,4037.68,4037.68,100886049
2022-09-09,4050.59,4099.01,4042.25,4093.79,4093.79,118427114
2022-09-13,4112.01,4128.11,4097.14,4111.11,4111.11,111789737
2022-09-14,4058.04,4089.06,4047.92,4065.36,4065.36,90793681
2022-09-15,4078.65,4088.81,3998.86,4027.12,4027.12,123951196
2022-09-16,4013.58,4019.41,3932.68,3932.68,3932.68,137193655
2022-09-19,3928.42,3953.65,3910.31,3928.0,3928.0,97719575
2022-09-20,3945.65,3957.55,3921.69,3932.84,3932.84,84824134
2022-09-21,3921.32,3924.39,3884.23,3903.73,3903.73,86458391
2022-09-22,3875.18,3900.27,3860.23,3869.34,3869.34,80946919
2022-09-23,3865.1,3888.4,3829.69,3856.02,3856.02,94342462
2022-09-26,3829.6,3893.32,3827.95,3836.68,3836.68,104526031
2022-09-27,3844.07,3893.03,3827.93,3892.3,3892.3,88860160
2022-09-28,3879.44,3879.44,3828.05,3828.71,3828.71,86592213
2022-09-29,3864.32,3873.18,3808.65,3827.14,3827.14,85654142
2022-09-30,3833.35,3848.6,3801.28,3804.89,3804.89,78559966
2022-10-10,3806.56,3807.46,3715.71,3720.94,3720.94,102647595
2022-10-11,3732.02,3739.81,3706.06,3727.69,3727.69,83944625
2022-10-12,3722.87,3784.31,3661.53,3784.31,3784.31,108089319
2022-10-13,3756.42,3783.6,3749.64,3752.67,3752.67,99018915
2022-10-14,3783.32,3863.23,3780.84,3842.47,3842.47,116242293
2022-10-17,3822.24,3849.62,3809.12,3846.41,3846.41,104192019
2022-10-18,3865.83,3870.22,3831.17,3838.27,3838.27,88346907
2022-10-19,3827.47,3840.49,3776.53,3776.53,3776.53,81574844
2022-10-20,3746.58,3804.25,3726.79,3754.93,3754.93,90290895
2022-10-21,3753.89,3768.69,3724.69,3742.89,3742.89,98750038
2022-10-24,3727.92,3762.16,3619.99,3633.37,3633.37,130056864
2022-10-25,3621.94,3670.73,3594.7,3627.45,3627.45,110953882
2022-10-26,3633.31,3700.88,3633.31,3656.9,3656.9,121301548
2022-10-27,3667.66,3685.08,3631.06,3631.14,3631.14,117998675
2022-10-28,3605.16,3618.86,3533.5,3541.33,3541.33,118772162
2022-10-31,3504.51,3553.39,3495.95,3508.7,3508.7,138465655
2022-11-01,3519.82,3634.17,3517.62,3634.17,3634.17,149286698
2022-11-02,3620.37,3703.47,3610.8,3677.81,3677.81,141592919
2022-11-03,3645.06,3670.16,3628.5,3647.9,3647.9,110566035
2022-11-04,3646.77,3782.88,3646.77,3767.17,3767.17,149734949
2022-11-07,3754.52,3792.79,3746.37,3775.3,3775.3,129826371
2022-11-08,3773.66,3779.12,3723.34,3749.33,3749.33,99016451
2022-11-09,3750.78,3760.41,3711.27,3714.27,3714.27,89434525
2022-11-10,3685.83,3701.53,3665.06,3685.69,3685.69,103509302
2022-11-11,3787.76,3828.9,3747.09,3788.44,3788.44,189685586
2022-11-14,3818.14,3848.41,3781.78,3794.02,3794.02,169665048
2022-11-15,3788.93,3871.64,3775.5,3865.97,3865.97,151515650
2022-11-16,3860.81,3877.68,3829.31,3834.39,3834.39,120610964
2022-11-17,3821.27,3821.74,3776.57,3818.66,3818.66,105940632
2022-11-18,3823.82,3840.3,3801.57,3801.57,3801.57,115078777
2022-11-21,3769.63,3769.87,3734.0,3769.13,3769.13,95866966
2022-11-22,3766.08,3809.86,3751.04,3769.57,3769.57,144486334
2022-11-23,3760.22,3791.18,3753.21,3773.53,3773.53,144527911
2022-11-24,3791.54,3804.9,3751.38,3756.81,3756.81,101073447
2022-11-25,3751.28,3790.57,3743.41,3775.78,3775.78,142929711
2022-11-28,3701.9,3736.08,3672.13,3733.24,3733.24,127825748
2022-11-29,3766.57,3854.77,3766.57,3848.42,3848.42,178701392
2022-11-30,3836.56,3867.66,3833.83,3853.04,3853.04,157511400
2022-12-01,3921.3,3944.56,3893.87,3894.77,3894.77,169964585
2022-12-02,3886.4,3898.11,3865.88,3870.95,3870.95,116786350
2022-12-05,3907.64,3947.48,3900.67,3946.88,3946.88,201747221
2022-12-06,3929.01,3988.9,3923.0,3968.2,3968.2,155108323
2022-12-07,3956.67,3999.59,3944.18,3958.44,3958.44,143001356
2022-12-08,3953.2,3971.49,3941.3,3959.18,3959.18,115199986
2022-12-09,3961.99,4003.32,3944.44,3998.24,3998.24,153774954
2022-12-12,3976.17,3983.43,3950.32,3953.44,3953.44,125935368
2022-12-13,3953.55,3964.4,3939.98,3945.68,3945.68,100994100
2022-12-14,3952.79,3972.74,3935.77,3954.89,3954.89,98528006
2022-12-15,3954.67,3963.5,3926.5,3951.99,3951.99,88864725
2022-12-16,3931.23,3960.47,3929.49,3954.23,3954.23,93178567
2022-12-19,3952.77,3966.57,3878.44,3893.22,3893.22,106919075
2022-12-20,3881.23,3881.27,3811.48,3829.02,3829.02,83096822
2022-12-21,3839.0,3853.73,3821.4,3830.54,3830.54,64839215
2022-12-22,3859.2,3882.13,3821.34,3836.03,3836.03,83705173
2022-12-23,3811.62,3848.34,3805.95,3828.22,3828.22,65278148
2022-12-26,3830.57,3856.81,3827.52,3843.49,3843.49,73005712
2022-12-27,3860.91,3891.85,3856.58,3887.85,3887.85,77515350
2022-12-28,3874.91,3884.72,3854.94,3871.26,3871.26,84424656
2022-12-29,3854.24,3868.29,3838.48,3856.7,3856.7,79394815
2022-12-30,3873.94,3887.55,3868.76,3871.63,3871.63,78773272
2023-01-03,3864.84,3893.99,3831.25,3887.9,3887.9,115051875
2023-01-04,3886.25,3905.9,3873.65,3892.95,3892.95,110660743
2023-01-05,3913.49,3974.88,3912.26,3968.58,3968.58,116502395
2023-01-06,3969.55,4000.41,3966.47,3980.89,3980.89,110953038
2023-01-09,3998.53,4023.09,3990.71,4013.12,4013.12,117054425
2023-01-10,4014.71,4030.46,4002.23,4017.47,4017.47,101751141
2023-01-11,4019.88,4043.4,4008.02,4010.03,4010.03,99997889
2023-01-12,4021.75,4030.29,4003.51,4017.87,4017.87,90552627
2023-01-13,4032.29,4074.38,4027.89,4074.38,4074.38,95871896
2023-01-16,4077.88,4177.1,4076.64,4137.96,4137.96,151395455
2023-01-17,4138.84,4148.58,4118.16,4137.24,4137.24,95479040
2023-01-18,4140.1,4151.46,4125.77,4130.31,4130.31,84200645
2023-01-19,4125.58,4156.01,4105.98,4156.01,4156.01,94608398
2023-01-20,4166.84,4189.83,4161.67,4181.53,4181.53,123553809
2023-01-30,4267.62,4268.15,4197.86,4201.35,4201.35,164607064
2023-01-31,4200.58,4212.73,4153.05,4156.86,4156.86,124550835
2023-02-01,4170.13,4195.93,4137.77,4195.93,4195.93,141008954
2023-02-02,4207.41,4207.41,4170.56,4181.15,4181.15,133823736
2023-02-03,4162.03,4162.03,4103.17,4141.63,4141.63,117041221
2023-02-06,4103.83,4105.94,4065.22,4086.88,4086.88,110192717
2023-02-07,4098.31,4107.34,4077.96,4094.23,4094.23,91360072
2023-02-08,4099.86,4111.47,4072.65,4076.14,4076.14,84786099
2023-02-09,4067.56,4130.86,4064.75,4130.86,4130.86,102289961
2023-02-10,4124.1,4125.29,4092.35,4106.31,4106.31,96716733
2023-02-13,4098.88,4146.45,4092.27,4143.57,4143.57,128892577
2023-02-14,4151.25,4152.05,4125.26,4145.29,4145.29,102499890
2023-02-15,4146.85,4153.72,4115.97,4123.69,4123.69,121664508
2023-02-16,4125.41,4167.9,4068.86,4093.49,4093.49,159310585
2023-02-17,4086.22,4104.64,4032.93,4034.51,4034.51,116142589
2023-02-20,4039.96,4134.86,4035.48,4133.49,4133.49,161794481
2023-02-21,4130.06,4151.8,4116.27,4144.35,4144.35,145776173
2023-02-22,4118.97,4134.88,4101.86,4106.95,4106.95,104290295
2023-02-23,4106.21,4132.39,4088.21,4103.65,4103.65,103564906
2023-02-24,4100.99,4102.61,4048.24,4061.05,4061.05,100989425
2023-02-27,4040.46,4067.03,4034.52,4043.84,4043.84,93787630
2023-02-28,4058.13,4074.26,4026.45,4069.46,4069.46,110323591
2023-03-01,4068.73,4135.48,4061.22,4126.94,4126.94,156015794
2023-03-02,4119.99,4137.25,4113.83,4117.74,4117.74,148217637
2023-03-03,4126.02,4135.21,4100.38,4130.55,4130.55,160331741
2023-03-06,4131.15,4132.84,4088.45,4109.01,4109.01,162971807
2023-03-07,4103.64,4124.96,4046.57,4048.85,4048.85,195912068
2023-03-08,4030.74,4037.29,4011.52,4034.11,4034.11,117936493
2023-03-09,4035.84,4043.85,4000.89,4019.85,4019.85,116539629
2023-03-10,3991.8,4004.36,3966.43,3967.14,3967.14,123855409
2023-03-13,3962.64,4008.69,3962.64,4008.69,4008.69,143561370
2023-03-14,3999.88,4001.94,3946.94,3984.7,3984.7,150544174
2023-03-15,4011.84,4018.75,3986.9,3986.9,3986.9,142026007
2023-03-16,3958.2,3981.32,3936.48,3939.15,3939.15,152515644
2023-03-17,3971.16,4004.22,3945.25,3958.82,3958.82,177433818
2023-03-20,3962.66,3979.55,3935.02,3939.08,3939.08,205264970
2023-03-21,3948.16,3982.7,3948.16,3982.38,3982.38,145090679
2023-03-22,3993.78,4016.45,3986.71,3999.44,3999.44,149228970
2023-03-23,3985.99,4039.09,3984.0,4039.09,4039.09,158887421
2023-03-24,4035.16,4037.84,4017.0,4027.05,4027.05,159442330
2023-03-27,4023.3,4023.3,3987.03,4012.48,4012.48,168482279
2023-03-28,4015.7,4023.78,3994.6,3999.51,3999.51,131895117
2023-03-29,4013.59,4017.76,3992.67,4006.14,4006.14,133743510
2023-03-30,4009.56,4040.5,3983.9,4038.53,4038.53,149901037
2023-03-31,4045.45,4063.57,4039.96,4050.93,4050.93,138842546
2023-04-03,4059.62,4094.94,4059.06,4090.57,4090.57,182124313
2023-04-04,4089.29,4103.16,4080.07,4103.11,4103.11,197146631
2023-04-06,4084.13,4098.83,4078.4,4096.64,4096.64,150703374
2023-04-07,4096.9,4131.31,4092.18,4123.28,4123.28,128676738
2023-04-10,4132.01,4132.3,4099.05,4104.81,4104.81,152453002
2023-04-11,4108.51,4116.12,4083.49,4100.15,4100.15,153901333
2023-04-12,4102.4,4108.25,4090.28,4097.29,4097.29,165965278
2023-04-13,4081.39,4088.88,4059.57,4068.98,4068.98,156444295
2023-04-14,4078.97,4098.22,4075.2,4092.0,4092.0,150695682
2023-04-17,4090.07,4149.38,4089.51,4149.38,4149.38,188773095
2023-04-18,4139.31,4169.67,4138.46,4162.03,4162.03,170184130
2023-04-19,4159.39,4159.39,4118.63,4124.56,4124.56,162554592
2023-04-20,4122.95,4125.82,4094.0,4113.02,4113.02,162706677
2023-04-21,4114.26,4114.26,4031.91,4032.57,4032.57,180802435
2023-04-24,4031.3,4033.64,3967.91,3982.64,3982.64,170099217
2023-04-25,3985.11,3991.69,3925.44,3962.67,3962.67,172555409
2023-04-26,3950.26,3975.66,3934.66,3959.23,3959.23,162702006
2023-04-27,3948.03,3999.13,3942.82,3988.42,3988.42,153828195
2023-04-28,3993.26,4030.45,3993.26,4029.09,4029.09,179508488
2023-05-04,4013.47,4035.78,4001.13,4030.25,4030.25,227582846
2023-05-05,4031.09,4047.6,3998.39,4016.88,4016.88,206626924
2023-05-08,4028.11,4070.77,4018.96,4062.66,4062.66,255583085
2023-05-09,4065.44,4092.85,4026.39,4027.88,4027.88,279306048
2023-05-10,4017.94,4019.06,3984.63,3996.87,3996.87,207552709
2023-05-11,4005.78,4018.06,3988.48,3990.66,3990.66,144804619
2023-05-12,3987.77,3999.38,3937.53,3937.76,3937.76,144421728
2023-05-15,3938.83,3998.89,3923.03,3998.89,3998.89,176257362
2023-05-16,4002.52,4005.02,3966.99,3978.21,3978.21,136833271
2023-05-17,3971.7,3982.6,3945.71,3960.17,3960.17,118448185
2023-05-18,3965.52,3982.72,3939.55,3956.07,3956.07,136533947
2023-05-19,3946.22,3967.28,3928.32,3944.54,3944.54,120212479
2023-05-22,3941.0,3985.4,3935.8,3969.33,3969.33,109116605
2023-05-23,3968.23,3971.94,3913.19,3913.19,3913.19,118685077
2023-05-24,3903.78,3903.78,3859.09,3859.09,3859.09,137258265
2023-05-25,3851.41,3861.38,3817.84,3850.5,3850.5,124150770
2023-05-26,3848.42,3859.63,3815.57,3850.95,3850.95,100326439
2023-05-29,3862.08,3866.72,3819.18,3833.94,3833.94,131859967
2023-05-30,3827.79,3844.01,3789.27,3837.75,3837.75,137619629
2023-05-31,3827.16,3827.16,3781.4,3798.54,3798.54,126387368
2023-06-01,3788.59,3832.21,3786.73,3806.87,3806.87,134561881
2023-06-02,3821.62,3865.28,3821.62,3861.83,3861.83,125015110
2023-06-05,3860.56,3860.56,3832.46,3844.25,3844.25,116163989
2023-06-06,3840.46,3867.85,3802.84,3808.16,3808.16,125781258
2023-06-07,3815.48,3823.11,3780.1,3789.34,3789.34,98862432
2023-06-08,3791.08,3834.39,3777.78,3820.19,3820.19,118700934
2023-06-09,3822.41,3836.7,3811.22,3836.7,3836.7,134319863
2023-06-12,3827.33,3859.72,3813.86,3844.43,3844.43,126758543
2023-06-13,3838.13,3867.3,3833.46,3864.91,3864.91,110924946
2023-06-14,3872.72,3891.67,3862.06,3864.02,3864.02,124955759
2023-06-15,3871.77,3925.5,3871.77,3925.5,3925.5,128369938
2023-06-16,3932.21,3968.01,3928.54,3963.35,3963.35,139760076
2023-06-19,3957.03,3957.03,3922.47,3930.91,3930.91,134905848
2023-06-20,3926.09,3937.49,3918.47,3924.24,3924.24,122520318
2023-06-21,3909.1,3920.13,3864.03,3864.03,3864.03,118346575
2023-06-26,3833.44,3841.29,3801.05,3809.7,3809.7,133990419
2023-06-27,3811.69,3851.9,3806.32,3845.43,3845.43,116992681
2023-06-28,3836.61,3846.85,3808.16,3840.8,3840.8,107021541
2023-06-29,3836.73,3840.71,3817.38,3821.84,3821.84,98289274
2023-06-30,3816.33,3860.03,3813.55,3842.45,3842.45,101268429
2023-07-03,3853.29,3897.33,3853.29,3892.88,3892.88,133158051
2023-07-04,3888.03,3899.98,3878.4,3899.01,3899.01,109494527
2023-07-05,3895.19,3899.52,3864.13,3868.81,3868.81,97636384
2023-07-06,3857.03,3876.89,3836.46,3842.75,3842.75,100121842
2023-07-07,3831.6,3844.84,3819.08,3825.7,3825.7,100906920
2023-07-10,3841.56,3865.46,3831.92,3844.33,3844.33,92033441
2023-07-11,3853.8,3870.65,3844.52,3869.49,3869.49,86510716
2023-07-12,3864.6,3874.04,3838.56,3843.44,3843.44,111522024
2023-07-13,3855.66,3901.1,3855.66,3898.42,3898.42,120300232
2023-07-14,3904.6,3908.49,3893.79,3899.1,3899.1,122364846
2023-07-17,3881.62,3881.62,3852.26,3867.17,3867.17,98340144
2023-07-18,3871.04,3871.04,3844.51,3854.94,3854.94,91438615
2023-07-19,3848.48,3860.01,3830.41,3850.87,3850.87,79585700
2023-07-20,3857.77,3875.62,3818.71,3823.69,3823.69,92042076
2023-07-21,3816.98,3849.51,3808.8,3821.91,3821.91,79507563
2023-07-24,3803.35,3828.79,3798.8,3805.22,3805.22,75483545
2023-07-25,3866.64,3915.81,3866.64,3915.12,3915.12,163066320
2023-07-26,3908.17,3912.98,3893.4,3907.01,3907.01,107881717
2023-07-27,3914.23,3935.36,3894.69,3902.35,3902.35,110667109
2023-07-28,3889.79,4000.92,3886.55,3992.74,3992.74,179735481
2023-07-31,4018.89,4064.36,4002.08,4014.63,4014.63,199606830
2023-08-01,4009.18,4031.7,3983.03,3998.0,3998.0,142286859
2023-08-02,3985.7,4008.33,3958.51,3969.9,3969.9,125855690
2023-08-03,3962.13,4005.0,3962.13,4004.98,4004.98,129006640
2023-08-04,4033.72,4058.24,4011.62,4020.58,4020.58,178267189
2023-08-07,4002.97,4002.97,3977.02,3990.15,3990.15,121310662
2023-08-08,3980.04,4002.29,3963.46,3979.73,3979.73,109871699
2023-08-09,3967.36,3982.11,3961.84,3967.57,3967.57,94640269
2023-08-10,3962.86,3976.46,3945.39,3975.72,3975.72,97176849
2023-08-11,3977.98,3977.98,3884.25,3884.25,3884.25,126082931
2023-08-14,3840.89,3859.47,3814.07,3855.91,3855.91,115966336
2023-08-15,3858.37,3865.28,3811.68,3846.54,3846.54,103097111
2023-08-16,3830.83,3852.42,3817.63,3818.33,3818.33,94616946
2023-08-17,3801.2,3836.15,3782.5,3831.1,3831.1,98415493
2023-08-18,3832.46,3844.2,3784.0,3784.0,3784.0,95549638
2023-08-21,3773.23,3782.11,3729.56,3729.56,3729.56,98708369
2023-08-22,3748.07,3770.06,3704.68,3758.23,3758.23,120318327
2023-08-23,3751.77,3756.17,3695.03,3696.63,3696.63,97081638
2023-08-24,3711.54,3748.86,3701.57,3723.43,3723.43,119614521
2023-08-25,3703.51,3734.22,3695.84,3709.15,3709.15,105182610
2023-08-28,3911.55,3911.55,3740.53,3752.62,3752.62,197990379
2023-08-29,3743.05,3810.38,3742.08,3790.11,3790.11,152486146
2023-08-30,3803.12,3813.7,3780.24,3788.51,3788.51,129671661
2023-08-31,3786.93,3794.0,3762.0,3765.27,3765.27,118961646
2023-09-01,3778.91,3808.53,3778.91,3791.49,3791.49,105319045
2023-09-04,3812.99,3854.26,3804.59,3848.95,3848.95,142385201
2023-09-05,3839.58,3839.58,3814.33,3820.32,3820.32,104052333
2023-09-06,3808.1,3817.52,3790.89,3812.03,3812.03,93442393
2023-09-07,3802.23,3802.23,3756.85,3758.47,3758.47,95103903
2023-09-08,3747.65,3753.26,3724.99,3739.99,3739.99,71638166
2023-09-11,3740.58,3788.32,3734.72,3767.54,3767.54,105358016
2023-09-12,3764.33,3775.09,3755.42,3760.6,3760.6,79385378
2023-09-13,3759.61,3768.82,3719.11,3736.65,3736.65,81576901
2023-09-14,3736.94,3748.82,3717.31,3733.51,3733.51,100386075
2023-09-15,3740.79,3749.02,3699.38,3708.78,3708.78,109395689
2023-09-18,3698.93,3737.53,3691.11,3727.71,3727.71,86727741
2023-09-19,3723.42,3724.07,3702.69,3720.5,3720.5,83199038
2023-09-20,3715.96,3718.52,3705.13,3705.69,3705.69,75448209
2023-09-21,3698.31,3708.46,3672.44,3672.44,3672.44,83031005
2023-09-22,3672.64,3740.42,3664.77,3738.93,3738.93,110231166
2023-09-25,3738.06,3738.06,3711.2,3714.6,3714.6,92596479
2023-09-26,3711.71,3723.85,3692.62,3692.89,3692.89,78044525
2023-09-27,3694.96,3731.14,3694.39,3700.5,3700.5,91629210
2023-09-28,3711.21,3716.06,3685.3,3689.52,3689.52,85221719
2023-10-09,3678.93,3694.17,3642.0,3684.73,3684.73,102148058
2023-10-10,3696.25,3701.26,3655.59,3657.13,3657.13,99163730
2023-10-11,3674.75,3689.53,3658.36,3667.55,3667.55,102091587
2023-10-12,3697.93,3711.5,3682.84,3702.38,3702.38,114363225
2023-10-13,3677.96,3678.19,3652.31,3663.41,3663.41,98287987
2023-10-16,3664.04,3664.04,3615.77,3626.6,3626.6,91853118
2023-10-17,3635.3,3645.57,3619.13,3639.4,3639.4,90745188
2023-10-18,3631.07,3632.06,3608.98,3610.58,3610.58,94545879
2023-10-19,3588.52,3588.52,3532.31,3533.54,3533.54,111737520
2023-10-20,3518.35,3535.66,3501.73,3510.59,3510.59,98518605
2023-10-23,3500.2,3505.35,3450.65,3474.24,3474.24,96561652
2023-10-24,3481.76,3495.0,3453.1,3487.13,3487.13,115547289
2023-10-25,3524.3,3531.83,3500.92,3504.46,3504.46,128009617
2023-10-26,3484.78,3515.57,3478.05,3514.14,3514.14,105143566
2023-10-27,3501.17,3576.59,3494.55,3562.39,3562.39,120225108
2023-10-30,3554.11,3592.72,3554.02,3583.77,3583.77,144010426
2023-10-31,3581.68,3581.68,3554.58,3572.51,3572.51,112587267
2023-11-01,3605.76,3606.41,3564.64,3571.03,3571.03,97645538
2023-11-02,3580.07,3597.17,3553.74,3554.19,3554.19,90359643
2023-11-03,3558.53,3596.1,3558.53,3584.14,3584.14,97542101
2023-11-06,3608.32,3635.79,3600.63,3632.61,3632.61,152982463
2023-11-07,3623.78,3628.46,3606.3,3619.76,3619.76,110288591
2023-11-08,3610.64,3627.05,3591.82,3611.07,3611.07,110594230
2023-11-09,3603.11,3624.41,3601.37,3612.83,3612.83,111872057
2023-11-10,3596.07,3599.45,3576.1,3586.49,3586.49,102107034
2023-11-13,3593.91,3599.39,3562.77,3579.41,3579.41,96707649
2023-11-14,3581.1,3600.15,3568.88,3582.06,3582.06,100884158
2023-11-15,3616.88,3620.6,3596.92,3607.25,3607.25,104929218
2023-11-16,3600.98,3605.29,3572.36,3572.36,3572.36,87464780
2023-11-17,3561.31,3573.68,3547.03,3568.07,3568.07,87319207
2023-11-20,3569.73,3586.97,3545.1,3576.32,3576.32,91080445
2023-11-21,3587.88,3615.06,3575.68,3581.07,3581.07,108594314
2023-11-22,3569.44,3574.38,3544.42,3544.42,3544.42,84784381
2023-11-23,3541.44,3562.07,3529.94,3561.52,3561.52,84800167
2023-11-24,3560.65,3560.65,3534.0,3538.01,3538.01,85018403
2023-11-27,3534.44,3534.44,3492.86,3511.94,3511.94,99102314
2023-11-28,3510.66,3521.05,3501.11,3518.52,3518.52,89335789
2023-11-29,3518.88,3519.2,3482.24,3488.31,3488.31,98841412
2023-11-30,3485.52,3505.13,3481.45,3496.2,3496.2,101350820
2023-12-01,3494.22,3494.22,3452.17,3482.88,3482.88,108530941
2023-12-04,3481.04,3488.13,3459.61,3460.14,3460.14,97156826
2023-12-05,3450.09,3450.09,3393.81,3394.26,3394.26,100472007
2023-12-06,3387.88,3420.28,3382.95,3399.6,3399.6,105805519
2023-12-07,3394.31,3404.41,3369.77,3391.28,3391.28,97713248
2023-12-08,3391.86,3409.38,3383.45,3399.46,3399.46,129522054
2023-12-11,3378.05,3426.61,3346.89,3419.45,3419.45,139626249
2023-12-12,3410.0,3427.55,3406.1,3426.8,3426.8,105590013
2023-12-13,3418.64,3418.64,3369.61,3369.61,3369.61,95285367
2023-12-14,3387.38,3399.14,3350.76,3351.96,3351.96,83655135
2023-12-15,3365.94,3388.5,3339.52,3341.55,3341.55,97787783
2023-12-18,3329.19,3352.35,3314.91,3329.37,3329.37,90526826
2023-12-19,3325.66,3345.78,3313.19,3334.04,3334.04,83808118
2023-12-20,3334.33,3338.54,3297.37,3297.5,3297.5,92412868
2023-12-21,3285.6,3339.36,3283.99,3330.87,3330.87,102546198
2023-12-22,3329.47,3359.06,3315.9,3337.23,3337.23,105220133
2023-12-25,3330.33,3348.88,3330.33,3347.45,3347.45,74542693
2023-12-26,3345.4,3345.42,3315.94,3324.79,3324.79,74732935
2023-12-27,3326.93,3341.27,3309.67,3336.36,3336.36,94403928
2023-12-28,3335.56,3423.4,3331.21,3414.54,3414.54,148064851
2023-12-29,3411.11,3432.54,3409.58,3431.11,3431.11,114928932
2024-01-02,3426.27,3426.27,3386.35,3386.35,3386.35,116180726
2024-01-03,3379.75,3392.85,3362.66,3378.3,3378.3,105613851
2024-01-04,3375.02,3375.02,3323.86,3347.05,3347.05,106721013
2024-01-05,3341.31,3372.54,3313.55,3329.11,3329.11,126400574
2024-01-08,3322.61,3333.52,3283.34,3286.06,3286.06,117429485
2024-01-09,3286.71,3304.6,3273.84,3292.5,3292.5,109330465
2024-01-10,3281.67,3312.92,3268.25,3277.13,3277.13,94199366
2024-01-11,3275.31,3311.11,3266.79,3295.67,3295.67,108789735
2024-01-12,3284.36,3310.47,3279.7,3284.17,3284.17,96853555
2024-01-15,3270.1,3306.92,3261.27,3280.92,3280.92,88851530
2024-01-16,3272.57,3300.88,3260.44,3300.88,3300.88,113276665
2024-01-17,3291.14,3291.14,3229.08,3229.08,3229.08,108769728
2024-01-18,3214.28,3279.25,3171.63,3274.73,3274.73,174909168
2024-01-19,3261.24,3286.94,3251.81,3269.78,3269.78,118501408
2024-01-22,3262.47,3281.42,3193.18,3218.9,3218.9,148705628
2024-01-23,3208.43,3249.53,3188.13,3231.93,3231.93,122012000
2024-01-24,3245.96,3281.49,3190.47,3277.11,3277.11,154371954
2024-01-25,3274.34,3344.24,3269.79,3342.92,3342.92,196833614
2024-01-26,3326.65,3351.97,3315.13,3333.82,3333.82,180664005
2024-01-29,3335.39,3351.37,3303.96,3303.96,3303.96,184164795
2024-01-30,3283.9,3300.2,3244.97,3245.04,3245.04,143649350
2024-01-31,3231.54,3252.15,3201.93,3215.35,3215.35,153143469
2024-02-01,3202.26,3251.76,3191.9,3217.71,3217.71,145516792
2024-02-02,3219.87,3235.41,3108.35,3179.63,3179.63,173758089
2024-02-05,3164.25,3233.85,3111.52,3200.42,3200.42,203042970
2024-02-06,3185.25,3314.51,3182.82,3311.69,3311.69,202713099
2024-02-07,3314.03,3343.63,3289.67,3343.63,3343.63,216647933
2024-02-08,3351.41,3367.21,3336.98,3364.93,3364.93,189977578
2024-02-19,3393.19,3403.81,3364.14,3403.81,3403.81,183319800
2024-02-20,3395.19,3415.89,3380.1,3410.85,3410.85,140734581
2024-02-21,3390.36,3500.13,3383.69,3456.87,3456.87,188879362
2024-02-22,3450.35,3486.68,3448.41,3486.67,3486.67,141020784
2024-02-23,3491.34,3507.56,3472.97,3489.74,3489.74,144821273
2024-02-26,3485.54,3492.61,3445.39,3453.36,3453.36,151248331
2024-02-27,3440.05,3494.79,3437.44,3494.79,3494.79,139528246
2024-02-28,3499.83,3521.66,3450.26,3450.26,3450.26,189837548
2024-02-29,3437.9,3516.08,3437.9,3516.08,3516.08,155944532
2024-03-01,3515.06,3544.36,3503.46,3537.8,3537.8,162709570
2024-03-04,3538.37,3548.69,3519.76,3540.87,3540.87,163244613
2024-03-05,3524.96,3570.69,3519.08,3565.51,3565.51,166422389
2024-03-06,3556.53,3577.39,3545.1,3551.05,3551.05,143076613
2024-03-07,3548.1,3569.92,3522.9,3529.72,3529.72,148110510
2024-03-08,3529.55,3548.51,3511.58,3544.91,3544.91,125792664
2024-03-11,3545.94,3589.26,3542.28,3589.26,3589.26,148202825
2024-03-12,3592.58,3605.7,3574.21,3597.49,3597.49,180685560
2024-03-13,3594.42,3594.42,3563.37,3572.36,3572.36,144590590
2024-03-14,3571.79,3597.46,3545.61,3562.22,3562.22,140962722
2024-03-15,3554.91,3572.81,3533.68,3569.99,3569.99,138316044
2024-03-18,3577.06,3604.05,3573.4,3603.53,3603.53,160379438
2024-03-19,3593.34,3610.74,3577.19,3577.63,3577.63,145571786
2024-03-20,3568.72,3589.55,3568.43,3585.38,3585.38,129528966
2024-03-21,3593.07,3601.11,3575.03,3581.09,3581.09,130743377
2024-03-22,3571.27,3575.72,3522.84,3545.0,3545.0,139227358
2024-03-25,3536.71,3564.96,3525.76,3525.76,3525.76,137015724
2024-03-26,3526.68,3547.65,3518.6,3543.75,3543.75,126209535
2024-03-27,3538.72,3542.96,3502.79,3502.79,3502.79,128626763
2024-03-28,3498.48,3551.21,3489.39,3520.96,3520.96,143334717
2024-03-29,3516.88,3538.24,3516.88,3537.48,3537.48,128643290
2024-04-01,3551.58,3600.92,3551.58,3595.65,3595.65,162776561
2024-04-02,3593.22,3596.19,3568.75,3580.68,3580.68,141272972
2024-04-03,3578.68,3582.43,3558.87,3567.8,3567.8,135592331
2024-04-08,3553.56,3567.82,3535.77,3536.41,3536.41,155304283
2024-04-09,3533.38,3543.71,3518.86,3533.49,3533.49,129670942
2024-04-10,3528.97,3531.23,3490.05,3504.71,3504.71,128790274
2024-04-11,3485.03,3520.59,3484.93,3504.24,3504.24,126534395
2024-04-12,3505.75,3516.7,3470.06,3475.84,3475.84,128921116
2024-04-15,3473.5,3552.41,3473.5,3549.08,3549.08,183941250
2024-04-16,3533.36,3545.5,3503.62,3511.11,3511.11,176153065
2024-04-17,3509.13,3565.94,3498.03,3565.4,3565.4,168466398
2024-04-18,3550.56,3602.79,3547.6,3569.8,3569.8,178574105
2024-04-19,3550.61,3560.95,3529.32,3541.66,3541.66,147281505
2024-04-22,3536.18,3558.16,3528.02,3530.9,3530.9,150579042
2024-04-23,3525.67,3533.76,3499.98,3506.22,3506.22,143113504
2024-04-24,3514.01,3524.54,3495.65,3521.62,3521.62,121739851
2024-04-25,3510.64,3543.97,3505.2,3530.28,3530.28,115187722
2024-04-26,3531.96,3588.4,3531.96,3584.27,3584.27,197216133
2024-04-29,3584.54,3645.82,3578.76,3623.91,3623.91,222721381
2024-04-30,3619.26,3630.71,3604.39,3604.39,3604.39,191296899
2024-05-06,3654.05,3668.26,3645.74,3657.88,3657.88,208018007
2024-05-07,3657.0,3665.68,3648.38,3659.01,3659.01,164834286
2024-05-08,3650.75,3650.94,3628.7,3630.22,3630.22,130035336
2024-05-09,3630.41,3669.76,3630.41,3664.56,3664.56,146559017
2024-05-10,3669.09,3674.61,3641.76,3666.28,3666.28,150720536
2024-05-13,3646.35,3673.62,3634.6,3664.69,3664.69,157267455
2024-05-14,3668.23,3675.78,3646.71,3657.05,3657.05,133406490
2024-05-15,3651.05,3656.53,3624.0,3626.06,3626.06,123522764
2024-05-16,3636.6,3657.48,3626.33,3640.36,3640.36,154630503
2024-05-17,3638.56,3677.97,3627.45,3677.97,3677.97,164570417
2024-05-20,3682.06,3703.03,3677.44,3690.96,3690.96,184609423
2024-05-21,3682.29,3684.61,3665.15,3676.16,3676.16,130678283
2024-05-22,3675.65,3691.88,3667.09,3684.45,3684.45,151914605
2024-05-23,3672.84,3674.37,3633.51,3641.79,3641.79,142572990
2024-05-24,3630.83,3650.87,3599.67,3601.48,3601.48,124791177
2024-05-27,3606.65,3638.15,3603.71,3635.71,3635.71,131272644
2024-05-28,3633.25,3638.97,3605.92,3609.17,3609.17,123532238
2024-05-29,3609.07,3633.2,3602.82,3613.52,3613.52,115906321
2024-05-30,3607.05,3624.04,3586.75,3594.31,3594.31,122602995
2024-05-31,3599.82,3614.64,3579.92,3579.92,3579.92,112462019
2024-06-03,3577.38,3600.6,3567.87,3588.75,3588.75,141054591
2024-06-04,3583.81,3622.5,3580.28,3615.67,3615.67,124545096
2024-06-05,3610.36,3623.32,3594.11,3594.79,3594.79,110906766
2024-06-06,3602.16,3625.01,3584.17,3592.25,3592.25,137893517
2024-06-07,3594.63,3603.07,3552.09,3574.11,3574.11,131103026
2024-06-11,3555.82,3565.31,3525.89,3542.88,3542.88,134522306
2024-06-12,3539.09,3551.17,3531.57,3544.12,3544.12,122813729
2024-06-13,3548.22,3551.08,3520.18,3526.13,3526.13,123245462
2024-06-14,3514.8,3547.15,3503.52,3541.53,3541.53,171516942
2024-06-17,3521.44,3540.79,3520.74,3536.2,3536.2,137433438
2024-06-18,3533.49,3551.71,3532.78,3545.59,3545.59,123671838
2024-06-19,3543.36,3543.36,3524.84,3528.75,3528.75,106642797
2024-06-20,3525.17,3533.99,3500.13,3503.28,3503.28,111617396
2024-06-21,3496.34,3505.51,3473.83,3495.62,3495.62,109186615
2024-06-24,3473.64,3505.78,3471.22,3476.81,3476.81,117990184
2024-06-25,3475.16,3483.22,3440.65,3457.9,3457.9,118448118
2024-06-26,3451.54,3487.4,3442.3,3480.26,3480.26,105898861
2024-06-27,3467.29,3471.14,3452.58,3454.12,3454.12,114918101
2024-06-28,3443.67,3484.68,3443.67,3461.66,3461.66,135409153
2024-07-01,3458.26,3479.95,3443.81,3478.18,3478.18,121829770
2024-07-02,3472.45,3488.32,3464.52,3471.79,3471.79,121650121
2024-07-03,3471.56,3478.7,3454.99,3463.41,3463.41,103857108
2024-07-04,3468.3,3483.31,3444.93,3445.81,3445.81,104429909
2024-07-05,3443.36,3451.04,3399.67,3431.06,3431.06,116609659
2024-07-08,3420.8,3428.04,3395.91,3401.76,3401.76,115528218
2024-07-09,3396.8,3448.93,3384.81,3439.81,3439.81,131629443
2024-07-10,3425.88,3447.51,3423.65,3428.97,3428.97,127203456
2024-07-11,3451.04,3473.98,3438.12,3468.17,3468.17,145892466
2024-07-12,3459.96,3479.1,3457.36,3472.4,3472.4,130874589
2024-07-15,3462.61,3481.46,3460.79,3476.25,3476.25,118517083
2024-07-16,3466.85,3500.29,3464.37,3498.28,3498.28,120659017
2024-07-17,3494.21,3514.48,3486.22,3501.58,3501.58,131802062
2024-07-18,3483.3,3522.8,3475.72,3520.93,3520.93,123768199
2024-07-19,3500.81,3545.34,3493.07,3539.02,3539.02,132447975
2024-07-22,3538.4,3540.19,3494.01,3514.92,3514.92,132126337
2024-07-23,3509.79,3509.79,3439.88,3439.88,3439.88,128897660
2024-07-24,3432.35,3451.42,3408.41,3418.17,3418.17,127036263
2024-07-25,3404.61,3415.86,3383.8,3399.27,3399.27,131022242
2024-07-26,3403.71,3420.82,3388.66,3409.29,3409.29,124195558
2024-07-29,3404.37,3408.5,3388.84,3390.74,3390.74,109787786
2024-07-30,3380.69,3380.69,3352.8,3369.38,3369.38,104952164
2024-07-31,3364.03,3445.0,3364.03,3442.08,3442.08,171959177
2024-08-01,3443.14,3448.34,3419.19,3419.27,3419.27,136323464
2024-08-02,3393.92,3419.1,3380.96,3384.39,3384.39,116615255
2024-08-05,3362.11,3409.03,3343.32,3343.32,3343.32,142812516
2024-08-06,3367.35,3376.8,3318.63,3342.98,3342.98,119340279
2024-08-07,3338.59,3362.38,3329.97,3341.49,3341.49,95084377
2024-08-08,3332.43,3364.79,3320.84,3342.94,3342.94,92495695
2024-08-09,3358.13,3366.67,3331.63,3331.63,3331.63,91511626
2024-08-12,3327.56,3338.08,3319.89,3325.86,3325.86,79938754
2024-08-13,3328.01,3335.01,3310.19,3334.39,3334.39,84489679
2024-08-14,3332.79,3332.79,3309.1,3309.24,3309.24,78742407
2024-08-15,3301.45,3356.76,3297.97,3341.95,3341.95,104766399
2024-08-16,3342.03,3356.91,3335.62,3345.63,3345.63,96519083
2024-08-19,3344.26,3375.96,3343.71,3356.97,3356.97,105571110
2024-08-20,3361.64,3362.33,3321.64,3332.7,3332.7,101668331
2024-08-21,3322.91,3339.44,3307.99,3321.64,3321.64,89954751
2024-08-22,3322.87,3327.7,3305.25,3313.14,3313.14,100366504
2024-08-23,3305.93,3336.24,3305.64,3327.19,3327.19,89525774
2024-08-26,3330.72,3336.53,3311.57,3324.22,3324.22,93990772
2024-08-27,3315.69,3320.57,3299.56,3305.33,3305.33,95808157
2024-08-28,3298.91,3305.35,3274.59,3286.5,3286.5,92696650
2024-08-29,3273.54,3290.79,3269.53,3277.68,3277.68,130702333
2024-08-30,3273.75,3351.63,3273.65,3321.43,3321.43,188695443
2024-09-02,3307.54,3307.76,3264.76,3265.01,3265.01,147612353
2024-09-03,3261.74,3281.59,3261.19,3273.43,3273.43,122897306
2024-09-04,3253.9,3272.99,3249.98,3252.16,3252.16,104832482
2024-09-05,3252.96,3266.88,3247.17,3257.76,3257.76,97109450
2024-09-06,3261.15,3274.81,3231.07,3231.35,3231.35,88400417
2024-09-09,3214.8,3222.93,3180.93,3192.95,3192.95,108673069
2024-09-10,3193.46,3205.1,3171.79,3195.76,3195.76,97290078
2024-09-11,3187.05,3197.34,3174.03,3186.13,3186.13,102482110
2024-09-12,3189.43,3201.55,3171.88,3172.47,3172.47,92868657
2024-09-13,3174.03,3188.91,3159.25,3159.25,3159.25,88336677
2024-09-18,3158.82,3179.9,3145.79,3171.01,3171.01,84722814
2024-09-19,3178.4,3213.84,3149.79,3196.04,3196.04,125439272
2024-09-20,3192.43,3207.99,3173.22,3201.05,3201.05,118064098
2024-09-23,3200.87,3230.16,3198.02,3212.76,3212.76,95344855
2024-09-24,3244.65,3351.97,3222.49,3351.91,3351.91,204072217
2024-09-25,3403.7,3465.49,3393.44,3401.53,3401.53,241564255
2024-09-26,3399.32,3545.32,3391.68,3545.32,3545.32,243134010
2024-09-27,3617.92,3708.5,3596.58,3703.68,3703.68,265487774
2024-09-30,3846.65,4038.7,3796.5,4017.85,4017.85,510217707
2024-10-08,4450.37,4450.37,4094.35,4256.1,4256.1,589867894
2024-10-09,4168.84,4197.6,3942.51,3955.98,3955.98,482269295
2024-10-10,3979.61,4098.5,3912.77,3997.79,3997.79,395053099
2024-10-11,3969.76,3978.24,3847.12,3887.17,3887.17,274096505
2024-10-14,3915.22,3979.54,3868.78,3961.34,3961.34,307578993
2024-10-15,3942.53,3967.87,3855.99,3855.99,3855.99,242486448
2024-10-16,3806.14,3877.75,3805.09,3831.59,3831.59,218866407
2024-10-17,3853.84,3882.07,3787.75,3788.22,3788.22,212313820
2024-10-18,3780.31,3998.21,3765.16,3925.23,3925.23,312958834
2024-10-21,3946.9,3979.26,3896.17,3935.2,3935.2,291185634
2024-10-22,3923.74,3965.91,3917.52,3957.78,3957.78,223433396
2024-10-23,3955.32,4012.18,3939.1,3973.21,3973.21,245873949
2024-10-24,3950.9,3957.98,3914.09,3928.83,3928.83,174724062
2024-10-25,3931.32,3992.89,3921.94,3956.42,3956.42,210694885
2024-10-28,3953.11,3964.16,3917.2,3964.16,3964.16,216160415
2024-10-29,3970.01,3991.31,3921.58,3924.65,3924.65,217293984
2024-10-30,3904.16,3926.06,3864.31,3889.45,3889.45,219436626
2024-10-31,3888.42,3923.9,3859.11,3891.04,3891.04,300636718
2024-11-01,3882.46,3933.22,3879.96,3890.02,3890.02,307986481
2024-11-04,3897.71,3944.76,3891.21,3944.76,3944.76,229239060
2024-11-05,3937.62,4046.7,3925.41,4044.57,4044.57,316862794
2024-11-06,4051.29,4091.7,4002.5,4024.28,4024.28,335807938
2024-11-07,3987.27,4146.15,3984.67,4145.7,4145.7,341436414
2024-11-08,4192.08,4200.91,4094.16,4104.05,4104.05,332350385
2024-11-11,4066.93,4132.51,4048.04,4131.13,4131.13,289594227
2024-11-12,4133.35,4181.71,4060.79,4085.74,4085.74,297778086
2024-11-13,4059.59,4121.07,4059.59,4110.89,4110.89,240484099
2024-11-14,4101.22,4118.17,4034.94,4039.62,4039.62,230152784
2024-11-15,4025.65,4049.07,3968.83,3968.83,3968.83,247399463
2024-11-18,3982.1,4034.06,3931.19,3950.38,3950.38,306777946
2024-11-19,3954.6,3979.15,3896.75,3976.89,3976.89,242946465
2024-11-20,3966.12,4001.08,3958.34,3985.77,3985.77,184599372
2024-11-21,3979.46,3999.57,3966.07,3989.3,3989.3,166125927
2024-11-22,3984.24,3990.26,3865.7,3865.7,3865.7,216285809
2024-11-25,3875.61,3889.71,3812.32,3848.09,3848.09,190702953
2024-11-26,3836.26,3875.23,3833.28,3840.18,3840.18,149892441
2024-11-27,3829.34,3907.16,3817.91,3907.04,3907.04,174136096
2024-11-28,3904.25,3908.39,3866.01,3872.55,3872.55,150117291
2024-11-29,3869.89,3962.7,3869.89,3916.58,3916.58,187656713
2024-12-02,3909.7,3955.13,3902.17,3947.63,3947.63,197289784
2024-12-03,3946.7,3963.95,3922.84,3951.89,3951.89,182496867
2024-12-04,3948.13,3957.37,3917.75,3930.56,3930.56,174626318
2024-12-05,3916.56,3936.34,3910.08,3921.59,3921.59,138534038
2024-12-06,3923.9,3995.12,3923.9,3973.14,3973.14,192057907
2024-12-09,3970.66,3995.51,3948.42,3966.57,3966.57,175959958
2024-12-10,4094.05,4098.38,3988.97,3995.64,3995.64,253463795
2024-12-11,3988.02,4005.33,3977.35,3988.83,3988.83,177252846
2024-12-12,3987.15,4031.74,3981.35,4028.5,4028.5,181621777
2024-12-13,4000.99,4000.99,3931.74,3933.18,3933.18,230353079
2024-12-16,3930.78,3938.76,3901.65,3911.84,3911.84,178511251
2024-12-17,3908.13,3955.95,3908.13,3922.03,3922.03,160939090
2024-12-18,3934.54,3956.14,3933.97,3941.89,3941.89,157738321
2024-12-19,3911.89,3954.35,3899.75,3945.46,3945.46,161081040
2024-12-20,3937.47,3958.63,3923.26,3927.74,3927.74,154986496
2024-12-23,3928.15,3965.85,3928.15,3933.57,3933.57,190067362
2024-12-24,3934.94,3985.86,3934.73,3983.69,3983.69,161494589
2024-12-25,3987.96,4007.76,3969.48,3985.63,3985.63,159390747
2024-12-26,3981.73,3991.53,3965.55,3987.48,3987.48,143425286
2024-12-27,3987.02,4007.13,3970.94,3981.03,3981.03,169268666
2024-12-30,3976.7,4005.78,3976.7,3999.05,3999.05,164612485
2024-12-31,3995.87,4004.35,3934.91,3934.91,3934.91,183928397
2025-01-02,3931.82,3934.2,3796.34,3820.4,3820.4,217898724
2025-01-03,3825.24,3835.94,3767.67,3775.16,3775.16,175342676
2025-01-06,3775.99,3788.85,3743.07,3768.97,3768.97,150946670
2025-01-07,3760.87,3797.6,3749.06,3796.11,3796.11,146455779
2025-01-08,3781.26,3810.74,3731.19,3789.22,3789.22,169166968
2025-01-09,3780.73,3795.26,3768.68,3779.88,3779.88,129794002
2025-01-10,3778.89,3786.81,3732.48,3732.48,3732.48,137523171
2025-01-13,3704.44,3737.89,3704.11,3722.51,3722.51,136446199
2025-01-14,3728.56,3826.64,3718.88,3820.54,3820.54,170664657
2025-01-15,3810.04,3816.83,3790.17,3796.03,3796.03,141475520
2025-01-16,3812.19,3842.95,3776.29,3800.38,3800.38,144505871
2025-01-17,3788.37,3831.64,3780.21,3812.34,3812.34,126621961
2025-01-20,3835.3,3858.67,3821.98,3829.68,3829.68,139581277
2025-01-21,3850.36,3850.91,3817.12,3832.61,3832.61,141218406
2025-01-22,3823.94,3823.94,3783.14,3797.02,3797.02,137255062
2025-01-23,3829.05,3864.26,3801.85,3803.74,3803.74,180569551
2025-01-24,3793.85,3847.6,3793.48,3832.86,3832.86,148971722
2025-01-27,3836.96,3852.0,3817.08,3817.08,3817.08,146670772
2025-02-05,3844.7,3844.7,3785.16,3795.08,3795.08,157168308
2025-02-06,3789.61,3843.49,3788.32,3842.83,3842.83,167288176
2025-02-07,3844.06,3919.35,3833.87,3892.7,3892.7,221857707
2025-02-10,3898.1,3906.37,3878.83,3901.06,3901.06,188903040
2025-02-11,3905.16,3905.16,3872.91,3883.14,3883.14,166574909
2025-02-12,3875.96,3920.72,3867.35,3919.86,3919.86,164228540
2025-02-13,3913.9,3939.2,3904.98,3905.14,3905.14,172485874
2025-02-14,3900.83,3942.04,3900.83,3939.01,3939.01,172976452
2025-02-17,3954.41,3955.9,3921.7,3947.4,3947.4,213588246
2025-02-18,3942.58,3965.42,3901.87,3912.78,3912.78,209425101
2025-02-19,3906.22,3943.67,3904.15,3940.16,3940.16,182829517
2025-02-20,3934.65,3940.68,3916.18,3928.9,3928.9,163895236
2025-02-21,3938.05,3981.05,3927.79,3978.44,3978.44,227400330
2025-02-24,3972.48,3995.95,3949.23,3969.72,3969.72,220810618
2025-02-25,3933.64,3955.43,3915.65,3925.65,3925.65,178108580
2025-02-26,3931.84,3960.33,3925.37,3959.94,3959.94,191062501
2025-02-27,3961.06,3973.93,3933.46,3968.12,3968.12,202887963
2025-02-28,3950.19,3972.48,3886.4,3890.05,3890.05,198104147
2025-03-03,3899.7,3930.0,3872.59,3888.47,3888.47,177623166
2025-03-04,3865.99,3890.42,3855.73,3885.22,3885.22,149850967
2025-03-05,3887.8,3906.42,3877.02,3902.57,3902.57,158652751
2025-03-06,3923.38,3964.49,3917.08,3956.24,3956.24,193960915
2025-03-07,3944.91,3967.07,3935.05,3944.01,3944.01,166732375
2025-03-10,3945.58,3949.14,3905.13,3928.8,3928.8,152765232
2025-03-11,3890.43,3941.42,3889.43,3941.42,3941.42,144754402
2025-03-12,3946.86,3953.61,3921.47,3927.23,3927.23,156732190
2025-03-13,3925.74,3939.29,3897.38,3911.58,3911.58,156536443
2025-03-14,3919.62,4014.16,3919.62,4006.56,4006.56,216139003
2025-03-17,4020.64,4021.73,3992.26,3996.79,3996.79,162202911
2025-03-18,4011.78,4016.87,3995.96,4007.72,4007.72,140208496
2025-03-19,4004.83,4025.3,3989.51,4010.17,4010.17,144419428
2025-03-20,4011.06,4012.04,3969.93,3974.99,3974.99,133754670
2025-03-21,3966.51,3983.15,3904.77,3914.7,3914.7,165905294
2025-03-24,3916.11,3938.18,3907.2,3934.85,3934.85,152234674
2025-03-25,3937.9,3946.36,3921.53,3932.3,3932.3,140475399
2025-03-26,3930.21,3942.03,3916.86,3919.36,3919.36,131164187
2025-03-27,3911.38,3952.99,3903.65,3932.41,3932.41,126793738
2025-03-28,3930.78,3934.23,3907.38,3915.17,3915.17,126356214
2025-03-31,3905.98,3928.45,3872.4,3887.31,3887.31,166798523
2025-04-01,3892.78,3905.26,3882.4,3887.68,3887.68,140380274
2025-04-02,3884.42,3900.49,3877.16,3884.39,3884.39,113043175
2025-04-03,3843.42,3883.7,3843.42,3861.5,3861.5,142599789
2025-04-07,3675.2,3707.78,3514.12,3589.44,3589.44,312578586
2025-04-08,3597.99,3650.76,3583.87,3650.76,3650.76,280197312
2025-04-09,3606.1,3686.79,3587.34,3686.79,3686.79,262305708
2025-04-10,3749.13,3756.14,3708.82,3735.12,3735.12,227252227
2025-04-11,3730.31,3762.37,3708.46,3750.52,3750.52,168759691
2025-04-14,3772.04,3776.63,3754.03,3759.14,3759.14,164462403
2025-04-15,3756.48,3764.49,3737.85,3761.23,3761.23,134006040
2025-04-16,3757.88,3775.17,3721.6,3772.82,3772.82,156359006
2025-04-17,3755.09,3779.13,3749.5,3772.22,3772.22,122371002
2025-04-18,3760.04,3782.04,3754.41,3772.52,3772.52,102948509
2025-04-21,3768.14,3790.18,3763.14,3784.88,3784.88,121355730
2025-04-22,3780.11,3799.23,3778.08,3783.95,3783.95,125688257
2025-04-23,3803.43,3807.95,3780.52,3786.88,3786.88,131986870
2025-04-24,3787.46,3807.26,3775.21,3784.36,3784.36,117164560
2025-04-25,3792.08,3801.58,3780.78,3786.99,3786.99,124591133
2025-04-28,3786.39,3792.01,3772.8,3781.62,3781.62,125145091
2025-04-29,3776.0,3785.32,3768.03,3775.08,3775.08,111514694
2025-04-30,3775.83,3787.56,3768.76,3770.57,3770.57,143681658
2025-05-06,3794.38,3809.09,3782.78,3808.54,3808.54,158520459
2025-05-07,3861.58,3863.68,3814.99,3831.63,3831.63,161172299
2025-05-08,3820.55,3867.33,3816.26,3852.9,3852.9,124959833
2025-05-09,3848.62,3853.66,3836.53,3846.16,3846.16,119389526
2025-05-12,3866.53,3890.73,3859.03,3890.61,3890.61,153332460
2025-05-13,3915.59,3915.59,3890.69,3896.26,3896.26,147320299
2025-05-14,3894.84,3960.52,3890.65,3943.21,3943.21,172033779
2025-05-15,3934.03,3936.47,3904.91,3907.2,3907.2,138081749
2025-05-16,3898.67,3903.85,3874.86,3889.09,3889.09,118405345
2025-05-19,3882.57,3885.59,3866.57,3877.15,3877.15,98643414
2025-05-20,3883.1,3911.47,3881.74,3898.17,3898.17,104885234
2025-05-21,3899.44,3928.63,3899.44,3916.38,3916.38,109791343
2025-05-22,3912.6,3923.02,3903.09,3913.87,3913.87,107597052
2025-05-23,3910.37,3931.55,3882.27,3882.27,3882.27,120277419
2025-05-26,3875.79,3884.54,3849.04,3860.11,3860.11,109601207
2025-05-27,3857.63,3865.43,3834.85,3839.4,3839.4,98572425
2025-05-28,3843.07,3849.74,3833.96,3836.24,3836.24,89031026
2025-05-29,3838.01,3869.79,3831.46,3858.7,3858.7,108471886
2025-05-30,3850.49,3858.61,3829.25,3840.23,3840.23,111672228
2025-06-03,3833.46,3863.3,3832.72,3852.01,3852.01,131403090
2025-06-04,3855.49,3875.86,3855.49,3868.74,3868.74,116803873
2025-06-05,3872.64,3883.13,3861.27,3877.56,3877.56,122878184
2025-06-06,3878.1,3889.46,3869.39,3873.98,3873.98,110987971
2025-06-09,3877.8,3894.65,3871.99,3885.25,3885.25,136306293
2025-06-10,3887.55,3897.46,3850.47,3865.47,3865.47,145563859
2025-06-11,3870.67,3911.61,3870.67,3894.63,3894.63,142414772
2025-06-12,3885.52,3900.04,3870.38,3892.2,3892.2,133998697
2025-06-13,3881.49,3889.16,3853.82,3864.18,3864.18,172539536
2025-06-16,3853.62,3876.17,3853.62,3873.8,3873.8,137341835
2025-06-17,3875.18,3880.42,3860.41,3870.38,3870.38,122342526
2025-06-18,3871.65,3881.35,3854.66,3874.97,3874.97,127528621
2025-06-19,3870.05,3872.94,3834.95,3843.09,3843.09,130280658
2025-06-20,3839.78,3856.48,3839.78,3846.64,3846.64,118151020
2025-06-23,3831.17,3867.59,3827.08,3857.9,3857.9,133800892
2025-06-24,3862.39,3914.16,3862.39,3904.03,3904.03,163656188
2025-06-25,3907.07,3963.04,3902.18,3960.07,3960.07,187213671
2025-06-26,3953.16,3964.48,3945.26,3946.02,3946.02,165316263
2025-06-27,3949.79,3969.26,3918.2,3921.76,3921.76,194557913
2025-06-30,3920.31,3940.36,3911.6,3936.08,3936.08,145170236
2025-07-01,3935.91,3946.25,3924.72,3942.76,3942.76,128959362
2025-07-02,3943.32,3952.14,3929.7,3943.68,3943.68,147063062
2025-07-03,3949.4,3971.62,3945.14,3968.07,3968.07,141004006
2025-07-04,3967.46,4013.85,3958.38,3982.2,3982.2,157197133
2025-07-07,3977.29,3979.75,3956.57,3965.17,3965.17,131135273
2025-07-08,3965.43,4002.27,3965.43,3998.45,3998.45,156402895
2025-07-09,3997.5,4016.74,3987.43,3991.4,3991.4,173293796
2025-07-10,3993.42,4032.98,3992.52,4010.02,4010.02,209778904
2025-07-11,4011.47,4065.94,4010.11,4014.81,4014.81,262052773
2025-07-14,4021.21,4034.92,4017.67,4017.67,4017.67,207917175
2025-07-15,4023.99,4042.66,3994.26,4019.06,4019.06,191042931
2025-07-16,4019.39,4027.86,3993.92,4007.2,4007.2,151027308
2025-07-17,4005.07,4034.59,4005.07,4034.49,4034.49,161249041
2025-07-18,4039.87,4064.64,4039.32,4058.55,4058.55,186211063
2025-07-21,4069.77,4086.12,4063.44,4085.61,4085.61,223268476
2025-07-22,4087.34,4119.2,4068.34,4118.96,4118.96,257596985
2025-07-23,4129.15,4155.68,4113.91,4119.77,4119.77,300506154
2025-07-24,4116.83,4152.43,4111.88,4149.04,4149.04,319632392
2025-07-25,4145.32,4150.5,4117.8,4127.16,4127.16,273594963
2025-07-28,4128.2,4146.12,4112.97,4135.82,4135.82,222759815
2025-07-29,4132.68,4153.33,4117.58,4152.02,4152.02,230807880
2025-07-30,4148.94,4185.21,4127.43,4151.24,4151.24,249853048
2025-07-31,4141.56,4141.82,4063.67,4075.59,4075.59,267087406
2025-08-01,4069.93,4085.35,4040.46,4054.93,4054.93,196221826
2025-08-04,4037.94,4070.7,4037.94,4070.7,4070.7,162275902
2025-08-05,4080.39,4106.3,4075.58,4103.45,4103.45,178851999
2025-08-06,4100.43,4116.71,4098.35,4113.49,4113.49,176676155
2025-08-07,4120.28,4129.74,4094.82,4114.67,4114.67,198641902
2025-08-08,4109.27,4122.21,4097.42,4104.97,4104.97,173171201
2025-08-11,4110.29,4134.25,4103.61,4122.51,4122.51,190443716
2025-08-12,4123.58,4153.29,4121.22,4143.83,4143.83,177287823
2025-08-13,4150.5,4186.75,4147.2,4176.58,4176.58,213934999
2025-08-14,4179.97,4220.31,4165.94,4173.31,4173.31,221103595
2025-08-15,4162.42,4214.73,4157.5,4202.35,4202.35,261327566
2025-08-18,4218.25,4272.96,4203.42,4239.41,4239.41,301479102
2025-08-19,4241.77,4264.23,4215.21,4223.37,4223.37,250818771
2025-08-20,4208.4,4272.15,4190.56,4271.4,4271.4,246481773
2025-08-21,4284.37,4308.45,4273.65,4288.07,4288.07,259030014
2025-08-22,4287.36,4378.39,4287.36,4378.0,4378.0,290434897
2025-08-25,4416.29,4472.65,4404.78,4469.22,4469.22,358090006
2025-08-26,4453.35,4476.8,4435.53,4452.59,4452.59,270621395
2025-08-27,4458.84,4494.91,4386.13,4386.13,4386.13,333133898
2025-08-28,4378.04,4464.8,4364.17,4463.78,4463.78,296834536
2025-08-29,4455.8,4516.84,4452.36,4496.76,4496.76,351938947
2025-09-01,4516.88,4528.13,4487.53,4523.71,4523.71,320366708
2025-09-02,4521.98,4548.89,4454.42,4490.45,4490.45,303932566
2025-09-03,4501.34,4510.73,4427.52,4459.83,4459.83,254320217
2025-09-04,4461.25,4465.5,4327.51,4365.21,4365.21,307934609
2025-09-05,4365.61,4466.56,4350.3,4460.32,4460.32,249625657
2025-09-08,4467.17,4482.76,4438.07,4467.57,4467.57,267638382
2025-09-09,4448.74,4472.09,4412.69,4436.26,4436.26,221375460
2025-09-10,4438.3,4466.63,4414.59,4445.36,4445.36,203597646
2025-09-11,4438.84,4548.03,4427.92,4548.03,4548.03,253264051
2025-09-12,4544.59,4564.67,4517.79,4522.0,4522.0,266442003
2025-09-15,4534.89,4566.91,4522.5,4533.06,4533.06,231885678
2025-09-16,4539.92,4552.42,4494.79,4523.34,4523.34,249269206
2025-09-17,4517.29,4556.03,4503.8,4551.02,4551.02,235716472
2025-09-18,4546.03,4573.83,4454.99,4498.11,4498.11,309859826
2025-09-19,4499.09,4533.09,4491.84,4501.92,4501.92,225044000
2025-09-22,4512.03,4523.87,4487.13,4522.61,4522.61,196459956
2025-09-23,4536.76,4560.73,4459.73,4519.78,4519.78,252827062
2025-09-24,4495.27,4567.49,4494.11,4566.07,4566.07,220482608
2025-09-25,4563.98,4613.95,4558.84,4593.49,4593.49,229823333
2025-09-26,4576.91,4597.85,4550.05,4550.05,4550.05,208482114
2025-09-29,4555.03,4647.57,4541.43,4620.05,4620.05,274358877
2025-09-30,4629.9,4647.5,4616.22,4640.69,4640.69,247980359
2025-10-09,4662.11,4726.34,4651.99,4709.48,4709.48,347678696
2025-10-10,4679.5,4692.59,4600.96,4616.83,4616.83,319020899
2025-10-13,4490.87,4601.81,4490.87,4593.98,4593.98,315010354
2025-10-14,4634.05,4641.45,4520.93,4539.06,4539.06,372954030
2025-10-15,4544.24,4608.82,4526.83,4606.29,4606.29,284771855
2025-10-16,4588.92,4645.1,4586.28,4618.42,4618.42,248235518
2025-10-17,4610.7,4618.56,4509.33,4514.23,4514.23,256905617
2025-10-20,4558.24,4570.44,4520.5,4538.22,4538.22,218420405
2025-10-21,4556.12,4615.46,4547.93,4607.87,4607.87,215711175
2025-10-22,4576.03,4603.49,4567.24,4592.57,4592.57,185333960
2025-10-23,4578.7,4611.34,4541.69,4606.34,4606.34,200463917
2025-10-24,4622.79,4660.68,4622.79,4660.68,4660.68,208814483
2025-10-27,4699.38,4720.43,4687.69,4716.02,4716.02,262200674
2025-10-28,4697.73,4734.32,4679.23,4691.97,4691.97,220906645
2025-10-29,4701.04,4747.84,4697.27,4747.84,4747.84,246211324
2025-10-30,4735.98,4761.83,4706.45,4709.91,4709.91,273289118
2025-10-31,4702.49,4706.14,4640.67,4640.67,4640.67,281464740
2025-11-03,4636.73,4653.4,4595.73,4653.4,4653.4,239869809
2025-11-04,4649.35,4665.32,4595.07,4618.7,4618.7,233224032
2025-11-05,4562.11,4642.61,4558.76,4627.26,4627.26,203045871
2025-11-06,4642.01,4698.09,4642.01,4693.4,4693.4,224241008
2025-11-07,4673.76,4701.37,4666.04,4678.79,4678.79,212497377
2025-11-10,4688.12,4695.18,4654.21,4695.05,4695.05,236026764
2025-11-11,4706.34,4707.13,4648.49,4652.17,4652.17,186638858
2025-11-12,4643.56,4669.61,4620.99,4645.91,4645.91,209460592
2025-11-13,4643.79,4703.49,4643.79,4702.07,4702.07,207367474
2025-11-14,4663.32,4684.26,4628.02,4628.14,4628.14,192092676
2025-11-17,4616.81,4624.9,4580.26,4598.05,4598.05,188955466
2025-11-18,4584.79,4606.62,4552.8,4568.19,4568.19,177713185
2025-11-19,4568.04,4607.86,4568.04,4588.29,4588.29,172924974
2025-11-20,4619.54,4620.65,4560.18,4564.95,4564.95,194562593
2025-11-21,4513.39,4527.04,4453.18,4453.61,4453.61,222851013
2025-11-24,4473.16,4478.81,4421.81,4448.05,4448.05,185833729
2025-11-25,4475.84,4510.77,4467.35,4490.4,4490.4,169571929
2025-11-26,4490.2,4538.14,4485.7,4517.63,4517.63,156200368
2025-11-27,4520.01,4559.22,4509.86,4515.4,4515.4,150311772
2025-11-28,4511.5,4531.72,4492.43,4526.66,4526.66,142902096
2025-12-01,4539.19,4576.97,4531.29,4576.49,4576.49,200382317
2025-12-02,4571.91,4575.49,4539.43,4554.33,4554.33,148493132
2025-12-03,4554.59,4569.82,4523.5,4531.05,4531.05,169762790
2025-12-04,4533.6,4557.42,4514.19,4546.57,4546.57,147198110
2025-12-05,4547.91,4593.83,4535.02,4584.54,4584.54,196799968
2025-12-08,4593.14,4640.63,4592.74,4621.75,4621.75,199620990
2025-12-09,4611.38,4628.7,4584.25,4598.22,4598.22,184160344
2025-12-10,4586.25,4598.54,4549.08,4591.83,4591.83,169111106
2025-12-11,4597.19,4610.28,4547.14,4552.18,4552.18,168419405
2025-12-12,4558.74,4583.68,4530.78,4580.95,4580.95,212826520
2025-12-15,4550.0,4595.05,4548.44,4552.06,4552.06,167589967
2025-12-16,4542.42,4553.08,4484.27,4497.55,4497.55,165165201
2025-12-17,4499.77,4594.66,4498.93,4579.88,4579.88,178424830
2025-12-18,4553.98,4571.97,4544.14,4552.79,4552.79,151681328
2025-12-19,4561.37,4591.09,4546.85,4568.18,4568.18,154876220
2025-12-22,4587.67,4615.87,4587.67,4611.62,4611.62,165252856
2025-12-23,4616.03,4644.53,4607.8,4620.73,4620.73,169256412
2025-12-24,4623.68,4639.43,4602.14,4634.06,4634.06,153711241
2025-12-25,4629.32,4651.15,4621.92,4642.54,4642.54,139434186
2025-12-26,4639.79,4676.13,4635.11,4657.24,4657.24,175396565
2025-12-29,4658.27,4672.04,4629.06,4639.37,4639.37,200397133
2025-12-30,4617.32,4664.33,4616.63,4651.28,4651.28,180374974
2025-12-31,4656.48,4667.05,4622.1,4629.94,4629.94,170760224
2026-01-05,4661.62,4721.64,4661.62,4717.75,4717.75,234144839
2026-01-06,4719.21,4790.69,4718.01,4790.69,4790.69,296970686
2026-01-07,4796.93,4802.6,4751.07,4776.67,4776.67,259095564
2026-01-08,4761.01,4765.49,4717.01,4737.65,4737.65,238804957
2026-01-09,4725.96,4771.43,4719.13,4758.92,4758.92,254688038
2026-01-12,4769.65,4795.93,4737.57,4789.92,4789.92,294833165
2026-01-13,4798.05,4836.95,4745.52,4761.03,4761.03,301449497
2026-01-14,4767.7,4818.1,4720.25,4741.93,4741.93,364951023
2026-01-15,4721.8,4769.55,4720.94,4751.43,4751.43,254003636
2026-01-16,4778.43,4792.55,4715.36,4731.87,4731.87,325278929
2026-01-19,4720.19,4761.63,4715.09,4734.46,4734.46,267612492
2026-01-20,4736.91,4748.23,4684.97,4718.88,4718.88,282719579
2026-01-21,4714.55,4758.28,4714.24,4723.07,4723.07,266353332
2026-01-22,4741.75,4757.76,4700.45,4723.71,4723.71,274199932
2026-01-23,4729.59,4734.79,4684.62,4702.5,4702.5,314635445
2026-01-26,4715.38,4754.18,4693.16,4706.96,4706.96,363004481
2026-01-27,4705.17,4736.99,4675.64,4705.69,4705.69,301475697
2026-01-28,4725.6,4739.63,4697.91,4717.99,4717.99,382255602
2026-01-29,4733.09,4770.96,4696.05,4753.87,4753.87,415513055
2026-01-30,4723.08,4738.87,4645.47,4706.34,4706.34,319786531
2026-02-02,4674.28,4716.61,4601.76,4605.98,4605.98,304773500
2026-02-03,4648.36,4662.13,4578.21,4660.11,4660.11,265549405
2026-02-04,4647.97,4701.48,4641.84,4698.68,4698.68,264881032
2026-02-05,4664.75,4687.02,4639.43,4670.42,4670.42,237856351
2026-02-06,4622.97,4678.26,4606.64,4643.6,4643.6,202716477
2026-02-09,4693.67,4719.96,4679.9,4719.06,4719.06,207251938
2026-02-10,4718.26,4732.09,4713.87,4724.3,4724.3,187000958
2026-02-11,4715.67,4723.7,4703.69,4713.82,4713.82,173391681
2026-02-12,4720.01,4726.04,4707.74,4719.58,4719.58,197841439
2026-02-13,4693.41,4703.63,4658.4,4660.41,4660.41,189167756
2026-02-24,4727.3,4727.37,4698.35,4707.54,4707.54,218488890
2026-02-25,4713.58,4766.56,4713.34,4735.89,4735.89,284268354
2026-02-26,4741.39,4742.15,4706.69,4726.87,4726.87,234847644
2026-02-27,4698.3,4721.01,4692.89,4710.65,4710.65,261420865
2026-03-02,4681.01,4735.41,4667.28,4728.67,4728.67,349260752
2026-03-03,4737.32,4744.6,4651.4,4655.9,4655.9,370624272
2026-03-04,4609.19,4639.42,4575.82,4602.62,4602.62,303035666
2026-03-05,4651.94,4671.53,4630.3,4647.69,4647.69,259317825
2026-03-06,4621.49,4671.71,4612.79,4660.44,4660.44,238527926
2026-03-09,4600.25,4625.98,4548.97,4615.46,4615.46,322787617
2026-03-10,4648.79,4677.6,4648.79,4674.76,4674.76,263903748
2026-03-11,4681.03,4711.87,4674.71,4704.5,4704.5,270175443
2026-03-12,4700.72,4704.38,4654.31,4687.56,4687.56,302986816
2026-03-13,4669.06,4707.42,4659.5,4669.14,4669.14,310772009
2026-03-16,4669.22,4673.69,4621.81,4671.56,4671.56,296215070
2026-03-17,4685.57,4720.86,4637.37,4637.44,4637.44,263021913
2026-03-18,4648.75,4662.29,4604.52,4658.33,4658.33,234690705
2026-03-19,4611.44,4634.55,4570.39,4583.25,4583.25,254130449
2026-03-20,4602.82,4628.71,4563.07,4567.02,4567.02,257873703
2026-03-23,4499.1,4514.72,4397.57,4418.0,4418.0,328081945
2026-03-24,4458.91,4474.83,4394.29,4474.72,4474.72,255532517
2026-03-25,4506.62,4542.18,4502.03,4537.47,4537.47,262639279
2026-03-26,4525.33,4541.05,4468.96,4477.53,4477.53,213736788
2026-03-27,4431.5,4519.89,4431.42,4502.57,4502.57,192400388
2026-03-30,4461.74,4496.41,4447.14,4491.95,4491.95,209293092
2026-03-31,4491.92,4523.17,4450.05,4450.05,4450.05,224541585
2026-04-01,4517.27,4532.11,4492.05,4526.07,4526.07,216483196
2026-04-02,4514.44,4519.69,4459.61,4478.91,4478.91,190992161
2026-04-03,4492.85,4494.46,4437.6,4440.79,4440.79,168321705
2026-04-07,4445.86,4458.93,4420.69,4440.62,4440.62,162638787
2026-04-08,4517.34,4595.56,4513.77,4595.56,4595.56,253339213
2026-04-09,4562.67,4579.2,4552.42,4566.22,4566.22,184939783
2026-04-10,4594.95,4655.1,4590.11,4636.57,4636.57,208678605
2026-04-13,4615.13,4653.4,4615.13,4646.15,4646.15,196712277
2026-04-14,4676.12,4701.28,4654.85,4701.28,4701.28,204700332
2026-04-15,4726.64,4731.27,4672.56,4685.25,4685.25,201688500
2026-04-16,4694.43,4739.22,4689.41,4736.61,4736.61,192057600
2026-04-17,4729.0,4738.32,4714.47,4728.67,4728.67,182915336
2026-04-20,4727.17,4763.04,4720.69,4757.44,4757.44,221633494
2026-04-21,4750.51,4776.83,4722.01,4768.0,4768.0,205614058
2026-04-22,4751.28,4801.45,4750.35,4799.63,4799.63,204481830
2026-04-23,4816.03,4823.47,4759.86,4786.33,4786.33,232865736
2026-04-24,4771.73,4786.44,4735.61,4769.37,4769.37,193798314
2026-04-27,4776.34,4795.17,4762.64,4770.95,4770.95,192796550
2026-04-28,4757.08,4778.19,4743.44,4758.21,4758.21,216724233
2026-04-29,4737.58,4813.61,4737.11,4810.35,4810.35,233298110
2026-04-30,4820.97,4829.27,4797.54,4807.31,4807.31,250633370
2026-05-06,4857.65,4892.8,4834.28,4877.09,4877.09,274443880
2026-05-07,4895.8,4901.86,4866.87,4900.51,4900.51,257833972
2026-05-08,4871.12,4887.21,4849.99,4871.91,4871.91,251720996
2026-05-11,4902.28,4960.4,4889.57,4951.84,4951.84,305734801
2026-05-12,4965.02,4971.3,4926.79,4948.05,4948.05,273812001
2026-05-13,4919.42,5001.12,4919.42,4998.34,4998.34,268454537
2026-05-14,5027.64,5030.52,4913.6,4914.6,4914.6,280695379
2026-05-15,4911.62,4935.62,4832.69,4859.59,4859.59,276967769
2026-05-18,4836.33,4868.6,4806.15,4833.52,4833.52,239077587
2026-05-19,4818.71,4824.47,4773.53,4788.34,4788.34,94386632
